[watchdog] socks=CA gw=on ib=ok tunnel_fail=0 ib_fail=0
[watchdog] socks=CA gw=on ib=ok tunnel_fail=0 ib_fail=0
[watchdog] socks=CA gw=on ib=ok tunnel_fail=0 ib_fail=0
[watchdog] socks=无 gw=on ib=ok tunnel_fail=1 ib_fail=0
[watchdog] socks=CA gw=on ib=ok tunnel_fail=0 ib_fail=0
[watchdog] socks=CA gw=on ib=ok tunnel_fail=0 ib_fail=0
[watchdog] socks=CA gw=on ib=ok tunnel_fail=0 ib_fail=0
[watchdog] socks=CA gw=on ib=ok tunnel_fail=0 ib_fail=0
[watchdog] socks=CA gw=on ib=ok tunnel_fail=0 ib_fail=0
[watchdog] socks=CA gw=on ib=ok tunnel_fail=0 ib_fail=0
[watchdog] socks=CA gw=on ib=ok tunnel_fail=0 ib_fail=0
[watchdog] socks=CA gw=on ib=ok tunnel_fail=0 ib_fail=0
[watchdog] socks=CA gw=on ib=ok tunnel_fail=0 ib_fail=0
[watchdog] socks=CA gw=on ib=ok tunnel_fail=0 ib_fail=0
[watchdog] socks=无 gw=on ib=ok tunnel_fail=1 ib_fail=0
[watchdog] socks=CA gw=on ib=ok tunnel_fail=0 ib_fail=0
[watchdog] socks=CA gw=on ib=ok tunnel_fail=0 ib_fail=0
[watchdog] socks=CA gw=on ib=ok tunnel_fail=0 ib_fail=0
[watchdog] socks=CA gw=on ib=ok tunnel_fail=0 ib_fail=0
[watchdog] socks=CA gw=on ib=ok tunnel_fail=0 ib_fail=0
[watchdog] socks=CA gw=on ib=ok tunnel_fail=0 ib_fail=0
[watchdog] socks=CA gw=on ib=ok tunnel_fail=0 ib_fail=0
[watchdog] socks=CA gw=on ib=ok tunnel_fail=0 ib_fail=0
[watchdog] socks=CA gw=on ib=ok tunnel_fail=0 ib_fail=0
[watchdog] socks=CA gw=on ib=ok tunnel_fail=0 ib_fail=0
[watchdog] socks=CA gw=on ib=ok tunnel_fail=0 ib_fail=0
[watchdog] socks=无 gw=on ib=ok tunnel_fail=1 ib_fail=0
[watchdog] socks=CA gw=on ib=ok tunnel_fail=0 ib_fail=0
[watchdog] socks=CA gw=on ib=ok tunnel_fail=0 ib_fail=0
[watchdog] socks=CA gw=on ib=ok tunnel_fail=0 ib_fail=0
[watchdog] socks=CA gw=on ib=ok tunnel_fail=0 ib_fail=0
[watchdog] socks=CA gw=on ib=ok tunnel_fail=0 ib_fail=0
[watchdog] socks=CA gw=on ib=ok tunnel_fail=0 ib_fail=0
[watchdog] socks=CA gw=on ib=ok tunnel_fail=0 ib_fail=0
[watchdog] socks=CA gw=on ib=ok tunnel_fail=0 ib_fail=0
[watchdog] socks=CA gw=on ib=ok tunnel_fail=0 ib_fail=0
[watchdog] socks=CA gw=on ib=ok tunnel_fail=0 ib_fail=0
[watchdog] socks=CA gw=on ib=ok tunnel_fail=0 ib_fail=0
[watchdog] socks=CA gw=on ib=ok tunnel_fail=0 ib_fail=0
[watchdog] socks=CA gw=on ib=ok tunnel_fail=0 ib_fail=0
[watchdog] socks=CA gw=on ib=ok tunnel_fail=0 ib_fail=0
[watchdog] socks=CA gw=on ib=ok tunnel_fail=0 ib_fail=0
[watchdog] socks=CA gw=on ib=ok tunnel_fail=0 ib_fail=0
[watchdog] socks=CA gw=on ib=ok tunnel_fail=0 ib_fail=0
[watchdog] socks=CA gw=on ib=ok tunnel_fail=0 ib_fail=0
[watchdog] socks=CA gw=on ib=ok tunnel_fail=0 ib_fail=0
[watchdog] socks=CA gw=on ib=ok tunnel_fail=0 ib_fail=0
[watchdog] socks=CA gw=on ib=ok tunnel_fail=0 ib_fail=0
[watchdog] socks=CA gw=on ib=ok tunnel_fail=0 ib_fail=0
[watchdog] socks=CA gw=on ib=ok tunnel_fail=0 ib_fail=0
[watchdog] socks=CA gw=on ib=ok tunnel_fail=0 ib_fail=0
[watchdog] socks=CA gw=on ib=ok tunnel_fail=0 ib_fail=0
[watchdog] socks=CA gw=on ib=ok tunnel_fail=0 ib_fail=0
[watchdog] socks=CA gw=on ib=ok tunnel_fail=0 ib_fail=0
[watchdog] socks=CA gw=on ib=ok tunnel_fail=0 ib_fail=0
[watchdog] socks=CA gw=on ib=ok tunnel_fail=0 ib_fail=0
[watchdog] socks=CA gw=on ib=ok tunnel_fail=0 ib_fail=0
[watchdog] socks=CA gw=on ib=ok tunnel_fail=0 ib_fail=0
[watchdog] socks=CA gw=on ib=ok tunnel_fail=0 ib_fail=0
[watchdog] socks=CA gw=on ib=ok tunnel_fail=0 ib_fail=0
[watchdog] socks=CA gw=on ib=ok tunnel_fail=0 ib_fail=0
[watchdog] socks=CA gw=on ib=ok tunnel_fail=0 ib_fail=0
[watchdog] socks=CA gw=on ib=ok tunnel_fail=0 ib_fail=0
[watchdog] socks=CA gw=on ib=ok tunnel_fail=0 ib_fail=0
[watchdog] socks=CA gw=on ib=ok tunnel_fail=0 ib_fail=0
[watchdog] socks=CA gw=on ib=ok tunnel_fail=0 ib_fail=0
[watchdog] socks=CA gw=on ib=ok tunnel_fail=0 ib_fail=0
[watchdog] socks=CA gw=on ib=ok tunnel_fail=0 ib_fail=0
[watchdog] socks=CA gw=on ib=ok tunnel_fail=0 ib_fail=0
[watchdog] socks=CA gw=on ib=ok tunnel_fail=0 ib_fail=0
[watchdog] socks=CA gw=on ib=ok tunnel_fail=0 ib_fail=0
[watchdog] socks=CA gw=on ib=ok tunnel_fail=0 ib_fail=0
[watchdog] socks=CA gw=on ib=ok tunnel_fail=0 ib_fail=0
[watchdog] socks=CA gw=on ib=ok tunnel_fail=0 ib_fail=0
[watchdog] socks=CA gw=on ib=ok tunnel_fail=0 ib_fail=0
[watchdog] socks=CA gw=on ib=ok tunnel_fail=0 ib_fail=0
[watchdog] socks=CA gw=on ib=ok tunnel_fail=0 ib_fail=0
[watchdog] socks=CA gw=on ib=ok tunnel_fail=0 ib_fail=0
[watchdog] socks=CA gw=on ib=ok tunnel_fail=0 ib_fail=0
[watchdog] socks=CA gw=on ib=ok tunnel_fail=0 ib_fail=0
[watchdog] socks=CA gw=on ib=ok tunnel_fail=0 ib_fail=0
[watchdog] socks=CA gw=on ib=ok tunnel_fail=0 ib_fail=0
[watchdog] socks=CA gw=on ib=ok tunnel_fail=0 ib_fail=0
[watchdog] socks=CA gw=on ib=ok tunnel_fail=0 ib_fail=0
[watchdog] socks=CA gw=on ib=ok tunnel_fail=0 ib_fail=0
[watchdog] socks=CA gw=on ib=ok tunnel_fail=0 ib_fail=0
[watchdog] socks=CA gw=on ib=ok tunnel_fail=0 ib_fail=0
[watchdog] socks=CA gw=on ib=ok tunnel_fail=0 ib_fail=0
[watchdog] socks=CA gw=on ib=ok tunnel_fail=0 ib_fail=0
[watchdog] socks=CA gw=on ib=ok tunnel_fail=0 ib_fail=0
[watchdog] socks=CA gw=on ib=ok tunnel_fail=0 ib_fail=0
[watchdog] socks=CA gw=on ib=ok tunnel_fail=0 ib_fail=0
[watchdog] socks=CA gw=on ib=ok tunnel_fail=0 ib_fail=0
[watchdog] socks=CA gw=on ib=ok tunnel_fail=0 ib_fail=0
[watchdog] socks=CA gw=on ib=ok tunnel_fail=0 ib_fail=0
[watchdog] socks=CA gw=on ib=ok tunnel_fail=0 ib_fail=0
[watchdog] socks=CA gw=on ib=ok tunnel_fail=0 ib_fail=0
[watchdog] socks=CA gw=on ib=ok tunnel_fail=0 ib_fail=0
[watchdog] socks=CA gw=on ib=ok tunnel_fail=0 ib_fail=0
[watchdog] socks=CA gw=on ib=ok tunnel_fail=0 ib_fail=0
[watchdog] socks=CA gw=on ib=ok tunnel_fail=0 ib_fail=0
[watchdog] socks=CA gw=on ib=ok tunnel_fail=0 ib_fail=0
[watchdog] socks=CA gw=on ib=ok tunnel_fail=0 ib_fail=0
[watchdog] socks=CA gw=on ib=ok tunnel_fail=0 ib_fail=0
[watchdog] socks=CA gw=on ib=ok tunnel_fail=0 ib_fail=0
[watchdog] socks=CA gw=on ib=ok tunnel_fail=0 ib_fail=0
[watchdog] socks=CA gw=on ib=ok tunnel_fail=0 ib_fail=0
[watchdog] socks=CA gw=on ib=ok tunnel_fail=0 ib_fail=0
[watchdog] socks=CA gw=on ib=ok tunnel_fail=0 ib_fail=0
[watchdog] socks=CA gw=on ib=ok tunnel_fail=0 ib_fail=0
[watchdog] socks=CA gw=on ib=ok tunnel_fail=0 ib_fail=0
[watchdog] socks=CA gw=on ib=ok tunnel_fail=0 ib_fail=0
[watchdog] socks=CA gw=on ib=ok tunnel_fail=0 ib_fail=0
[watchdog] socks=CA gw=on ib=ok tunnel_fail=0 ib_fail=0
[watchdog] socks=CA gw=on ib=ok tunnel_fail=0 ib_fail=0
[watchdog] socks=CA gw=on ib=ok tunnel_fail=0 ib_fail=0
[watchdog] socks=CA gw=on ib=ok tunnel_fail=0 ib_fail=0
[watchdog] socks=CA gw=on ib=ok tunnel_fail=0 ib_fail=0
[watchdog] socks=CA gw=on ib=ok tunnel_fail=0 ib_fail=0
[watchdog] socks=CA gw=on ib=ok tunnel_fail=0 ib_fail=0
[watchdog] socks=CA gw=on ib=ok tunnel_fail=0 ib_fail=0
[watchdog] socks=CA gw=on ib=ok tunnel_fail=0 ib_fail=0
[watchdog] socks=CA gw=on ib=ok tunnel_fail=0 ib_fail=0
[watchdog] socks=CA gw=on ib=ok tunnel_fail=0 ib_fail=0
[watchdog] socks=CA gw=on ib=ok tunnel_fail=0 ib_fail=0
[watchdog] socks=CA gw=on ib=ok tunnel_fail=0 ib_fail=0
[watchdog] socks=CA gw=on ib=ok tunnel_fail=0 ib_fail=0
[watchdog] socks=CA gw=on ib=ok tunnel_fail=0 ib_fail=0
[watchdog] socks=CA gw=on ib=ok tunnel_fail=0 ib_fail=0
[watchdog] socks=CA gw=on ib=ok tunnel_fail=0 ib_fail=0
[watchdog] socks=CA gw=on ib=ok tunnel_fail=0 ib_fail=0
[watchdog] socks=CA gw=on ib=ok tunnel_fail=0 ib_fail=0
[watchdog] socks=CA gw=on ib=ok tunnel_fail=0 ib_fail=0
[watchdog] socks=CA gw=on ib=ok tunnel_fail=0 ib_fail=0
[watchdog] socks=CA gw=on ib=ok tunnel_fail=0 ib_fail=0
[watchdog] socks=CA gw=on ib=ok tunnel_fail=0 ib_fail=0
[watchdog] socks=CA gw=on ib=ok tunnel_fail=0 ib_fail=0
[watchdog] socks=CA gw=on ib=ok tunnel_fail=0 ib_fail=0
[watchdog] socks=CA gw=on ib=ok tunnel_fail=0 ib_fail=0
[watchdog] socks=CA gw=on ib=ok tunnel_fail=0 ib_fail=0
[watchdog] socks=CA gw=on ib=ok tunnel_fail=0 ib_fail=0
[watchdog] socks=CA gw=on ib=ok tunnel_fail=0 ib_fail=0
[watchdog] socks=CA gw=on ib=ok tunnel_fail=0 ib_fail=0
[watchdog] socks=CA gw=on ib=ok tunnel_fail=0 ib_fail=0
[watchdog] socks=CA gw=on ib=ok tunnel_fail=0 ib_fail=0
[watchdog] socks=CA gw=on ib=ok tunnel_fail=0 ib_fail=0
[watchdog] socks=CA gw=on ib=ok tunnel_fail=0 ib_fail=0
[watchdog] socks=CA gw=on ib=ok tunnel_fail=0 ib_fail=0
[watchdog] socks=CA gw=on ib=ok tunnel_fail=0 ib_fail=0
[watchdog] socks=CA gw=on ib=ok tunnel_fail=0 ib_fail=0
[watchdog] socks=CA gw=on ib=ok tunnel_fail=0 ib_fail=0
[watchdog] socks=CA gw=on ib=ok tunnel_fail=0 ib_fail=0
[watchdog] socks=CA gw=on ib=ok tunnel_fail=0 ib_fail=0
[watchdog] socks=CA gw=on ib=ok tunnel_fail=0 ib_fail=0
[watchdog] socks=CA gw=on ib=ok tunnel_fail=0 ib_fail=0
[watchdog] socks=CA gw=on ib=ok tunnel_fail=0 ib_fail=0
[watchdog] socks=CA gw=on ib=ok tunnel_fail=0 ib_fail=0
[watchdog] socks=CA gw=on ib=ok tunnel_fail=0 ib_fail=0
[watchdog] socks=CA gw=on ib=ok tunnel_fail=0 ib_fail=0
[watchdog] socks=CA gw=on ib=ok tunnel_fail=0 ib_fail=0
[watchdog] socks=CA gw=on ib=ok tunnel_fail=0 ib_fail=0
[watchdog] socks=CA gw=on ib=ok tunnel_fail=0 ib_fail=0
[watchdog] socks=CA gw=on ib=ok tunnel_fail=0 ib_fail=0
[watchdog] socks=CA gw=on ib=ok tunnel_fail=0 ib_fail=0
[watchdog] socks=CA gw=on ib=ok tunnel_fail=0 ib_fail=0
[watchdog] socks=CA gw=on ib=ok tunnel_fail=0 ib_fail=0
[watchdog] socks=CA gw=on ib=ok tunnel_fail=0 ib_fail=0
[watchdog] socks=CA gw=on ib=ok tunnel_fail=0 ib_fail=0
[watchdog] socks=CA gw=on ib=ok tunnel_fail=0 ib_fail=0
[watchdog] socks=CA gw=on ib=ok tunnel_fail=0 ib_fail=0
[watchdog] socks=CA gw=on ib=ok tunnel_fail=0 ib_fail=0
[ib_nav err] AttributeError: 'NoneType' object has no attribute 'accountSummary'
[watchdog] socks=CA gw=on ib=fail×1 tunnel_fail=0 ib_fail=1
[ib_nav err] AttributeError: 'NoneType' object has no attribute 'accountSummary'
[watchdog] socks=CA gw=on ib=fail×2 tunnel_fail=0 ib_fail=2
[watchdog] socks=CA gw=off ib=n/a tunnel_fail=0 ib_fail=2
[watchdog] socks=CA gw=on ib=ok tunnel_fail=0 ib_fail=0
[watchdog] socks=CA gw=on ib=ok tunnel_fail=0 ib_fail=0
[watchdog] socks=CA gw=on ib=ok tunnel_fail=0 ib_fail=0
[watchdog] socks=CA gw=on ib=ok tunnel_fail=0 ib_fail=0
[watchdog] socks=CA gw=on ib=ok tunnel_fail=0 ib_fail=0
[watchdog] socks=CA gw=on ib=ok tunnel_fail=0 ib_fail=0
[watchdog] socks=CA gw=on ib=ok tunnel_fail=0 ib_fail=0
[watchdog] socks=CA gw=on ib=ok tunnel_fail=0 ib_fail=0
[watchdog] socks=CA gw=on ib=ok tunnel_fail=0 ib_fail=0
[watchdog] socks=CA gw=on ib=ok tunnel_fail=0 ib_fail=0
[watchdog] socks=CA gw=on ib=ok tunnel_fail=0 ib_fail=0
[watchdog] socks=CA gw=on ib=ok tunnel_fail=0 ib_fail=0
[watchdog] socks=CA gw=on ib=ok tunnel_fail=0 ib_fail=0
[watchdog] socks=CA gw=on ib=ok tunnel_fail=0 ib_fail=0
[watchdog] socks=CA gw=on ib=ok tunnel_fail=0 ib_fail=0
[watchdog] socks=CA gw=on ib=ok tunnel_fail=0 ib_fail=0
[watchdog] socks=CA gw=on ib=ok tunnel_fail=0 ib_fail=0
[watchdog] socks=CA gw=on ib=ok tunnel_fail=0 ib_fail=0
[watchdog] socks=CA gw=on ib=ok tunnel_fail=0 ib_fail=0
[watchdog] socks=CA gw=on ib=ok tunnel_fail=0 ib_fail=0
[watchdog] socks=CA gw=on ib=ok tunnel_fail=0 ib_fail=0
[watchdog] socks=CA gw=on ib=ok tunnel_fail=0 ib_fail=0
[watchdog] socks=CA gw=on ib=ok tunnel_fail=0 ib_fail=0
[watchdog] socks=CA gw=on ib=ok tunnel_fail=0 ib_fail=0
[watchdog] socks=CA gw=on ib=ok tunnel_fail=0 ib_fail=0
[watchdog] socks=CA gw=on ib=ok tunnel_fail=0 ib_fail=0
[watchdog] socks=CA gw=on ib=ok tunnel_fail=0 ib_fail=0
[watchdog] socks=CA gw=on ib=ok tunnel_fail=0 ib_fail=0
[watchdog] socks=CA gw=on ib=ok tunnel_fail=0 ib_fail=0
[watchdog] socks=CA gw=on ib=ok tunnel_fail=0 ib_fail=0
[watchdog] socks=CA gw=on ib=ok tunnel_fail=0 ib_fail=0
[watchdog] socks=CA gw=on ib=ok tunnel_fail=0 ib_fail=0
[watchdog] socks=CA gw=on ib=ok tunnel_fail=0 ib_fail=0
[watchdog] socks=CA gw=on ib=ok tunnel_fail=0 ib_fail=0
[watchdog] socks=CA gw=on ib=ok tunnel_fail=0 ib_fail=0
[watchdog] socks=CA gw=on ib=ok tunnel_fail=0 ib_fail=0
[watchdog] socks=CA gw=on ib=ok tunnel_fail=0 ib_fail=0
[watchdog] socks=CA gw=on ib=ok tunnel_fail=0 ib_fail=0
[watchdog] socks=CA gw=on ib=ok tunnel_fail=0 ib_fail=0
[watchdog] socks=CA gw=on ib=ok tunnel_fail=0 ib_fail=0
[watchdog] socks=CA gw=on ib=ok tunnel_fail=0 ib_fail=0
[watchdog] socks=CA gw=on ib=ok tunnel_fail=0 ib_fail=0
[watchdog] socks=CA gw=on ib=ok tunnel_fail=0 ib_fail=0
[watchdog] socks=CA gw=on ib=ok tunnel_fail=0 ib_fail=0
[watchdog] socks=CA gw=on ib=ok tunnel_fail=0 ib_fail=0
[watchdog] socks=CA gw=on ib=ok tunnel_fail=0 ib_fail=0
[watchdog] socks=CA gw=on ib=ok tunnel_fail=0 ib_fail=0
[watchdog] socks=CA gw=on ib=ok tunnel_fail=0 ib_fail=0
[watchdog] socks=CA gw=on ib=ok tunnel_fail=0 ib_fail=0
[watchdog] socks=CA gw=on ib=ok tunnel_fail=0 ib_fail=0
[watchdog] socks=CA gw=on ib=ok tunnel_fail=0 ib_fail=0
[watchdog] socks=CA gw=on ib=ok tunnel_fail=0 ib_fail=0
[watchdog] socks=CA gw=on ib=ok tunnel_fail=0 ib_fail=0
[watchdog] socks=CA gw=on ib=ok tunnel_fail=0 ib_fail=0
[watchdog] socks=CA gw=on ib=ok tunnel_fail=0 ib_fail=0
[watchdog] socks=CA gw=on ib=ok tunnel_fail=0 ib_fail=0
[watchdog] socks=CA gw=on ib=ok tunnel_fail=0 ib_fail=0
[watchdog] socks=CA gw=on ib=ok tunnel_fail=0 ib_fail=0
[watchdog] socks=CA gw=on ib=ok tunnel_fail=0 ib_fail=0
[watchdog] socks=CA gw=on ib=ok tunnel_fail=0 ib_fail=0
[watchdog] socks=CA gw=on ib=ok tunnel_fail=0 ib_fail=0
[ib_nav err] AttributeError: 'NoneType' object has no attribute 'accountSummary'
[watchdog] socks=无 gw=on ib=fail×1 tunnel_fail=1 ib_fail=1
[ib_nav err] AttributeError: 'NoneType' object has no attribute 'accountSummary'
[watchdog] socks=无 gw=on ib=fail×2 tunnel_fail=2 ib_fail=2
[ib_nav err] AttributeError: 'NoneType' object has no attribute 'accountSummary'
[watchdog] socks=无 gw=on ib=fail×3 tunnel_fail=3 ib_fail=3
[ib_nav err] AttributeError: 'NoneType' object has no attribute 'accountSummary'
[watchdog] socks=无 gw=on ib=fail×4 tunnel_fail=4 ib_fail=4
[ib_nav err] AttributeError: 'NoneType' object has no attribute 'accountSummary'
[watchdog] socks=无 gw=on ib=fail×5 tunnel_fail=5 ib_fail=5
[ib_nav err] AttributeError: 'NoneType' object has no attribute 'accountSummary'
[watchdog] socks=无 gw=on ib=fail×6 tunnel_fail=6 ib_fail=6
[ib_nav err] AttributeError: 'NoneType' object has no attribute 'accountSummary'
[watchdog] socks=无 gw=on ib=fail×7 tunnel_fail=7 ib_fail=7
[ib_nav err] AttributeError: 'NoneType' object has no attribute 'accountSummary'
[watchdog] socks=无 gw=on ib=fail×8 tunnel_fail=8 ib_fail=8
[ib_nav err] AttributeError: 'NoneType' object has no attribute 'accountSummary'
[watchdog] socks=无 gw=on ib=fail×9 tunnel_fail=9 ib_fail=9
[ib_nav err] AttributeError: 'NoneType' object has no attribute 'accountSummary'
[watchdog] socks=无 gw=on ib=fail×10 tunnel_fail=10 ib_fail=10
[ib_nav err] AttributeError: 'NoneType' object has no attribute 'accountSummary'
[watchdog] socks=无 gw=on ib=fail×11 tunnel_fail=11 ib_fail=11
[ib_nav err] AttributeError: 'NoneType' object has no attribute 'accountSummary'
[watchdog] socks=无 gw=on ib=fail×12 tunnel_fail=12 ib_fail=12
[ib_nav err] AttributeError: 'NoneType' object has no attribute 'accountSummary'
[watchdog] socks=无 gw=on ib=fail×13 tunnel_fail=13 ib_fail=13
[watchdog] socks=无 gw=on ib=ok tunnel_fail=14 ib_fail=0
[watchdog] socks=CA gw=on ib=ok tunnel_fail=0 ib_fail=0
[watchdog] socks=CA gw=on ib=ok tunnel_fail=0 ib_fail=0
[watchdog] socks=CA gw=on ib=ok tunnel_fail=0 ib_fail=0
[watchdog] socks=CA gw=on ib=ok tunnel_fail=0 ib_fail=0
[watchdog] socks=CA gw=on ib=ok tunnel_fail=0 ib_fail=0
[watchdog] socks=CA gw=on ib=ok tunnel_fail=0 ib_fail=0
[watchdog] socks=CA gw=on ib=ok tunnel_fail=0 ib_fail=0
[watchdog] socks=CA gw=on ib=ok tunnel_fail=0 ib_fail=0
[watchdog] socks=CA gw=on ib=ok tunnel_fail=0 ib_fail=0
[watchdog] socks=CA gw=on ib=ok tunnel_fail=0 ib_fail=0
[watchdog] socks=CA gw=on ib=ok tunnel_fail=0 ib_fail=0
[watchdog] socks=CA gw=on ib=ok tunnel_fail=0 ib_fail=0
[watchdog] socks=CA gw=on ib=ok tunnel_fail=0 ib_fail=0
[watchdog] socks=CA gw=on ib=ok tunnel_fail=0 ib_fail=0
[watchdog] socks=CA gw=on ib=ok tunnel_fail=0 ib_fail=0
[watchdog] socks=CA gw=on ib=ok tunnel_fail=0 ib_fail=0
[watchdog] socks=CA gw=on ib=ok tunnel_fail=0 ib_fail=0
[watchdog] socks=CA gw=on ib=ok tunnel_fail=0 ib_fail=0
[ib_nav err] AttributeError: 'NoneType' object has no attribute 'accountSummary'
[watchdog] socks=无 gw=on ib=fail×1 tunnel_fail=1 ib_fail=1
[watchdog] socks=CA gw=off ib=n/a tunnel_fail=0 ib_fail=1
[watchdog] socks=CA gw=on ib=ok tunnel_fail=0 ib_fail=0
[watchdog] socks=CA gw=on ib=ok tunnel_fail=0 ib_fail=0
[watchdog] socks=CA gw=on ib=ok tunnel_fail=0 ib_fail=0
[watchdog] socks=CA gw=on ib=ok tunnel_fail=0 ib_fail=0
[watchdog] socks=CA gw=on ib=ok tunnel_fail=0 ib_fail=0
[watchdog] socks=CA gw=on ib=ok tunnel_fail=0 ib_fail=0
[watchdog] socks=CA gw=on ib=ok tunnel_fail=0 ib_fail=0
[watchdog] socks=CA gw=on ib=ok tunnel_fail=0 ib_fail=0
[watchdog] socks=CA gw=on ib=ok tunnel_fail=0 ib_fail=0
[watchdog] socks=CA gw=on ib=ok tunnel_fail=0 ib_fail=0
[watchdog] socks=CA gw=on ib=ok tunnel_fail=0 ib_fail=0
[watchdog] socks=CA gw=on ib=ok tunnel_fail=0 ib_fail=0
[watchdog] socks=CA gw=on ib=ok tunnel_fail=0 ib_fail=0
[watchdog] socks=CA gw=on ib=ok tunnel_fail=0 ib_fail=0
[watchdog] socks=CA gw=off ib=n/a tunnel_fail=0 ib_fail=0
[watchdog] socks=CA gw=off ib=n/a tunnel_fail=0 ib_fail=0
[watchdog] socks=无 gw=off ib=n/a tunnel_fail=1 ib_fail=0
[watchdog] socks=CA gw=off ib=n/a tunnel_fail=0 ib_fail=0
[watchdog] socks=CA gw=on ib=ok tunnel_fail=0 ib_fail=0
[watchdog] socks=CA gw=on ib=ok tunnel_fail=0 ib_fail=0
[watchdog] socks=CA gw=on ib=ok tunnel_fail=0 ib_fail=0
[watchdog] socks=CA gw=on ib=ok tunnel_fail=0 ib_fail=0
[watchdog] socks=CA gw=on ib=ok tunnel_fail=0 ib_fail=0
[watchdog] socks=CA gw=on ib=ok tunnel_fail=0 ib_fail=0
[watchdog] socks=CA gw=on ib=ok tunnel_fail=0 ib_fail=0
[watchdog] socks=CA gw=on ib=ok tunnel_fail=0 ib_fail=0
[watchdog] socks=CA gw=on ib=ok tunnel_fail=0 ib_fail=0
[watchdog] socks=CA gw=on ib=ok tunnel_fail=0 ib_fail=0
[watchdog] socks=CA gw=on ib=ok tunnel_fail=0 ib_fail=0
[watchdog] socks=CA gw=on ib=ok tunnel_fail=0 ib_fail=0
[watchdog] socks=CA gw=on ib=ok tunnel_fail=0 ib_fail=0
[watchdog] socks=CA gw=on ib=ok tunnel_fail=0 ib_fail=0
[watchdog] socks=CA gw=on ib=ok tunnel_fail=0 ib_fail=0
[watchdog] socks=CA gw=on ib=ok tunnel_fail=0 ib_fail=0
[watchdog] socks=CA gw=on ib=ok tunnel_fail=0 ib_fail=0
[watchdog] socks=CA gw=on ib=ok tunnel_fail=0 ib_fail=0
[watchdog] socks=CA gw=on ib=ok tunnel_fail=0 ib_fail=0
[watchdog] socks=CA gw=on ib=ok tunnel_fail=0 ib_fail=0
[watchdog] socks=CA gw=on ib=ok tunnel_fail=0 ib_fail=0
[watchdog] socks=CA gw=on ib=ok tunnel_fail=0 ib_fail=0
[watchdog] socks=CA gw=on ib=ok tunnel_fail=0 ib_fail=0
[watchdog] socks=CA gw=on ib=ok tunnel_fail=0 ib_fail=0
[watchdog] socks=CA gw=on ib=ok tunnel_fail=0 ib_fail=0
[watchdog] socks=CA gw=on ib=ok tunnel_fail=0 ib_fail=0
[watchdog] socks=CA gw=on ib=ok tunnel_fail=0 ib_fail=0
[watchdog] socks=CA gw=on ib=ok tunnel_fail=0 ib_fail=0
[watchdog] socks=CA gw=on ib=ok tunnel_fail=0 ib_fail=0
[watchdog] socks=CA gw=on ib=ok tunnel_fail=0 ib_fail=0
[watchdog] socks=CA gw=on ib=ok tunnel_fail=0 ib_fail=0
[watchdog] socks=CA gw=on ib=ok tunnel_fail=0 ib_fail=0
[watchdog] socks=CA gw=on ib=ok tunnel_fail=0 ib_fail=0
[watchdog] socks=CA gw=on ib=ok tunnel_fail=0 ib_fail=0
[watchdog] socks=CA gw=on ib=ok tunnel_fail=0 ib_fail=0
[watchdog] socks=CA gw=on ib=ok tunnel_fail=0 ib_fail=0
[watchdog] socks=CA gw=on ib=ok tunnel_fail=0 ib_fail=0
[watchdog] socks=CA gw=on ib=ok tunnel_fail=0 ib_fail=0
[watchdog] socks=CA gw=on ib=ok tunnel_fail=0 ib_fail=0
[watchdog] socks=CA gw=on ib=ok tunnel_fail=0 ib_fail=0
[watchdog] socks=CA gw=on ib=ok tunnel_fail=0 ib_fail=0
[watchdog] socks=CA gw=on ib=ok tunnel_fail=0 ib_fail=0
[watchdog] socks=CA gw=on ib=ok tunnel_fail=0 ib_fail=0
[watchdog] socks=CA gw=on ib=ok tunnel_fail=0 ib_fail=0
[watchdog] socks=CA gw=on ib=ok tunnel_fail=0 ib_fail=0
[watchdog] socks=CA gw=on ib=ok tunnel_fail=0 ib_fail=0
[watchdog] socks=CA gw=on ib=ok tunnel_fail=0 ib_fail=0
[watchdog] socks=CA gw=on ib=ok tunnel_fail=0 ib_fail=0
[watchdog] socks=CA gw=on ib=ok tunnel_fail=0 ib_fail=0
[watchdog] socks=CA gw=on ib=ok tunnel_fail=0 ib_fail=0
[watchdog] socks=CA gw=on ib=ok tunnel_fail=0 ib_fail=0
[watchdog] socks=CA gw=on ib=ok tunnel_fail=0 ib_fail=0
[watchdog] socks=CA gw=on ib=ok tunnel_fail=0 ib_fail=0
[watchdog] socks=CA gw=on ib=ok tunnel_fail=0 ib_fail=0
[watchdog] socks=CA gw=on ib=ok tunnel_fail=0 ib_fail=0
[watchdog] socks=CA gw=on ib=ok tunnel_fail=0 ib_fail=0
[watchdog] socks=CA gw=on ib=ok tunnel_fail=0 ib_fail=0
[watchdog] socks=CA gw=on ib=ok tunnel_fail=0 ib_fail=0
[watchdog] socks=CA gw=on ib=ok tunnel_fail=0 ib_fail=0
[watchdog] socks=CA gw=on ib=ok tunnel_fail=0 ib_fail=0
[watchdog] socks=CA gw=on ib=ok tunnel_fail=0 ib_fail=0
[watchdog] socks=CA gw=on ib=ok tunnel_fail=0 ib_fail=0
[watchdog] socks=CA gw=on ib=ok tunnel_fail=0 ib_fail=0
[watchdog] socks=CA gw=on ib=ok tunnel_fail=0 ib_fail=0
[watchdog] socks=CA gw=on ib=ok tunnel_fail=0 ib_fail=0
[watchdog] socks=CA gw=on ib=ok tunnel_fail=0 ib_fail=0
[watchdog] socks=CA gw=on ib=ok tunnel_fail=0 ib_fail=0
[watchdog] socks=CA gw=on ib=ok tunnel_fail=0 ib_fail=0
[watchdog] socks=CA gw=on ib=ok tunnel_fail=0 ib_fail=0
[watchdog] socks=CA gw=on ib=ok tunnel_fail=0 ib_fail=0
[watchdog] socks=CA gw=on ib=ok tunnel_fail=0 ib_fail=0
[watchdog] socks=CA gw=on ib=ok tunnel_fail=0 ib_fail=0
[watchdog] socks=CA gw=on ib=ok tunnel_fail=0 ib_fail=0
[watchdog] socks=CA gw=on ib=ok tunnel_fail=0 ib_fail=0
[watchdog] socks=CA gw=on ib=ok tunnel_fail=0 ib_fail=0
[watchdog] socks=CA gw=on ib=ok tunnel_fail=0 ib_fail=0
[watchdog] socks=CA gw=on ib=ok tunnel_fail=0 ib_fail=0
[watchdog] socks=CA gw=on ib=ok tunnel_fail=0 ib_fail=0
[watchdog] socks=CA gw=on ib=ok tunnel_fail=0 ib_fail=0
[watchdog] socks=CA gw=on ib=ok tunnel_fail=0 ib_fail=0
[watchdog] socks=CA gw=on ib=ok tunnel_fail=0 ib_fail=0
[watchdog] socks=CA gw=on ib=ok tunnel_fail=0 ib_fail=0
[watchdog] socks=CA gw=on ib=ok tunnel_fail=0 ib_fail=0
[watchdog] socks=CA gw=on ib=ok tunnel_fail=0 ib_fail=0
[watchdog] socks=CA gw=on ib=ok tunnel_fail=0 ib_fail=0
[watchdog] socks=CA gw=on ib=ok tunnel_fail=0 ib_fail=0
[watchdog] socks=CA gw=on ib=ok tunnel_fail=0 ib_fail=0
[watchdog] socks=CA gw=on ib=ok tunnel_fail=0 ib_fail=0
[watchdog] socks=CA gw=on ib=ok tunnel_fail=0 ib_fail=0
[watchdog] socks=CA gw=on ib=ok tunnel_fail=0 ib_fail=0
[watchdog] socks=CA gw=on ib=ok tunnel_fail=0 ib_fail=0
[watchdog] socks=CA gw=on ib=ok tunnel_fail=0 ib_fail=0
[watchdog] socks=CA gw=on ib=ok tunnel_fail=0 ib_fail=0
[watchdog] socks=CA gw=on ib=ok tunnel_fail=0 ib_fail=0
[watchdog] socks=CA gw=on ib=ok tunnel_fail=0 ib_fail=0
[watchdog] socks=CA gw=on ib=ok tunnel_fail=0 ib_fail=0
[watchdog] socks=CA gw=on ib=ok tunnel_fail=0 ib_fail=0
[watchdog] socks=CA gw=on ib=ok tunnel_fail=0 ib_fail=0
[watchdog] socks=CA gw=on ib=ok tunnel_fail=0 ib_fail=0
[watchdog] socks=CA gw=on ib=ok tunnel_fail=0 ib_fail=0
[watchdog] socks=CA gw=on ib=ok tunnel_fail=0 ib_fail=0
[watchdog] socks=CA gw=on ib=ok tunnel_fail=0 ib_fail=0
[watchdog] socks=CA gw=on ib=ok tunnel_fail=0 ib_fail=0
[watchdog] socks=CA gw=on ib=ok tunnel_fail=0 ib_fail=0
[watchdog] socks=CA gw=on ib=ok tunnel_fail=0 ib_fail=0
[watchdog] socks=CA gw=on ib=ok tunnel_fail=0 ib_fail=0
[watchdog] socks=CA gw=on ib=ok tunnel_fail=0 ib_fail=0
[watchdog] socks=CA gw=on ib=ok tunnel_fail=0 ib_fail=0
[watchdog] socks=CA gw=on ib=ok tunnel_fail=0 ib_fail=0
[watchdog] socks=CA gw=on ib=ok tunnel_fail=0 ib_fail=0
[watchdog] socks=CA gw=on ib=ok tunnel_fail=0 ib_fail=0
[watchdog] socks=CA gw=on ib=ok tunnel_fail=0 ib_fail=0
[watchdog] socks=CA gw=on ib=ok tunnel_fail=0 ib_fail=0
[watchdog] socks=CA gw=on ib=ok tunnel_fail=0 ib_fail=0
[watchdog] socks=CA gw=on ib=ok tunnel_fail=0 ib_fail=0
[watchdog] socks=CA gw=on ib=ok tunnel_fail=0 ib_fail=0
[watchdog] socks=CA gw=on ib=ok tunnel_fail=0 ib_fail=0
[watchdog] socks=CA gw=on ib=ok tunnel_fail=0 ib_fail=0
[watchdog] socks=CA gw=on ib=ok tunnel_fail=0 ib_fail=0
[watchdog] socks=CA gw=on ib=ok tunnel_fail=0 ib_fail=0
[watchdog] socks=CA gw=on ib=ok tunnel_fail=0 ib_fail=0
[watchdog] socks=CA gw=on ib=ok tunnel_fail=0 ib_fail=0
[watchdog] socks=CA gw=on ib=ok tunnel_fail=0 ib_fail=0
[watchdog] socks=CA gw=on ib=ok tunnel_fail=0 ib_fail=0
[watchdog] socks=CA gw=on ib=ok tunnel_fail=0 ib_fail=0
[watchdog] socks=CA gw=on ib=ok tunnel_fail=0 ib_fail=0
[watchdog] socks=CA gw=on ib=ok tunnel_fail=0 ib_fail=0
[watchdog] socks=CA gw=on ib=ok tunnel_fail=0 ib_fail=0
[watchdog] socks=CA gw=on ib=ok tunnel_fail=0 ib_fail=0
[watchdog] socks=CA gw=on ib=ok tunnel_fail=0 ib_fail=0
[watchdog] socks=CA gw=on ib=ok tunnel_fail=0 ib_fail=0
[watchdog] socks=CA gw=on ib=ok tunnel_fail=0 ib_fail=0
[watchdog] socks=CA gw=on ib=ok tunnel_fail=0 ib_fail=0
[watchdog] socks=CA gw=on ib=ok tunnel_fail=0 ib_fail=0
[watchdog] socks=CA gw=on ib=ok tunnel_fail=0 ib_fail=0
[watchdog] socks=CA gw=on ib=ok tunnel_fail=0 ib_fail=0
[watchdog] socks=CA gw=on ib=ok tunnel_fail=0 ib_fail=0
[watchdog] socks=CA gw=on ib=ok tunnel_fail=0 ib_fail=0
[watchdog] socks=CA gw=on ib=ok tunnel_fail=0 ib_fail=0
[watchdog] socks=CA gw=on ib=ok tunnel_fail=0 ib_fail=0
[watchdog] socks=CA gw=on ib=ok tunnel_fail=0 ib_fail=0
[watchdog] socks=CA gw=on ib=ok tunnel_fail=0 ib_fail=0
[watchdog] socks=CA gw=on ib=ok tunnel_fail=0 ib_fail=0
[watchdog] socks=CA gw=on ib=ok tunnel_fail=0 ib_fail=0
[watchdog] socks=CA gw=on ib=ok tunnel_fail=0 ib_fail=0
[watchdog] socks=CA gw=on ib=ok tunnel_fail=0 ib_fail=0
[watchdog] socks=CA gw=on ib=ok tunnel_fail=0 ib_fail=0
[watchdog] socks=CA gw=on ib=ok tunnel_fail=0 ib_fail=0
[watchdog] socks=CA gw=on ib=ok tunnel_fail=0 ib_fail=0
[watchdog] socks=CA gw=on ib=ok tunnel_fail=0 ib_fail=0
[watchdog] socks=CA gw=on ib=ok tunnel_fail=0 ib_fail=0
[watchdog] socks=CA gw=on ib=ok tunnel_fail=0 ib_fail=0
[watchdog] socks=CA gw=on ib=ok tunnel_fail=0 ib_fail=0
[watchdog] socks=CA gw=on ib=ok tunnel_fail=0 ib_fail=0
[watchdog] socks=CA gw=on ib=ok tunnel_fail=0 ib_fail=0
[watchdog] socks=CA gw=on ib=ok tunnel_fail=0 ib_fail=0
[watchdog] socks=CA gw=on ib=ok tunnel_fail=0 ib_fail=0
[watchdog] socks=CA gw=on ib=ok tunnel_fail=0 ib_fail=0
[ib_nav err] AttributeError: 'NoneType' object has no attribute 'accountSummary'
[watchdog] socks=无 gw=on ib=fail×1 tunnel_fail=1 ib_fail=1
[ib_nav err] AttributeError: 'NoneType' object has no attribute 'accountSummary'
[watchdog] socks=无 gw=on ib=fail×2 tunnel_fail=2 ib_fail=2
[ib_nav err] AttributeError: 'NoneType' object has no attribute 'accountSummary'
[watchdog] socks=无 gw=on ib=fail×3 tunnel_fail=3 ib_fail=3
[ib_nav err] AttributeError: 'NoneType' object has no attribute 'accountSummary'
[watchdog] socks=无 gw=on ib=fail×4 tunnel_fail=4 ib_fail=4
[ib_nav err] AttributeError: 'NoneType' object has no attribute 'accountSummary'
[watchdog] socks=无 gw=on ib=fail×5 tunnel_fail=5 ib_fail=5
[ib_nav err] AttributeError: 'NoneType' object has no attribute 'accountSummary'
[watchdog] socks=无 gw=on ib=fail×6 tunnel_fail=6 ib_fail=6
[ib_nav err] AttributeError: 'NoneType' object has no attribute 'accountSummary'
[watchdog] socks=无 gw=on ib=fail×7 tunnel_fail=7 ib_fail=7
[ib_nav err] AttributeError: 'NoneType' object has no attribute 'accountSummary'
[watchdog] socks=无 gw=on ib=fail×8 tunnel_fail=8 ib_fail=8
[ib_nav err] AttributeError: 'NoneType' object has no attribute 'accountSummary'
[watchdog] socks=无 gw=on ib=fail×9 tunnel_fail=9 ib_fail=9
[ib_nav err] AttributeError: 'NoneType' object has no attribute 'accountSummary'
[watchdog] socks=无 gw=on ib=fail×10 tunnel_fail=10 ib_fail=10
[ib_nav err] AttributeError: 'NoneType' object has no attribute 'accountSummary'
[watchdog] socks=无 gw=on ib=fail×11 tunnel_fail=11 ib_fail=11
[ib_nav err] AttributeError: 'NoneType' object has no attribute 'accountSummary'
[watchdog] socks=无 gw=on ib=fail×12 tunnel_fail=12 ib_fail=12
[ib_nav err] AttributeError: 'NoneType' object has no attribute 'accountSummary'
[watchdog] socks=无 gw=on ib=fail×13 tunnel_fail=13 ib_fail=13
[ib_nav err] AttributeError: 'NoneType' object has no attribute 'accountSummary'
[watchdog] socks=无 gw=on ib=fail×14 tunnel_fail=14 ib_fail=14
[ib_nav err] AttributeError: 'NoneType' object has no attribute 'accountSummary'
[watchdog] socks=无 gw=on ib=fail×15 tunnel_fail=15 ib_fail=15
[ib_nav err] AttributeError: 'NoneType' object has no attribute 'accountSummary'
[watchdog] socks=无 gw=on ib=fail×16 tunnel_fail=16 ib_fail=16
[ib_nav err] AttributeError: 'NoneType' object has no attribute 'accountSummary'
[watchdog] socks=无 gw=on ib=fail×17 tunnel_fail=17 ib_fail=17
[ib_nav err] AttributeError: 'NoneType' object has no attribute 'accountSummary'
[watchdog] socks=无 gw=on ib=fail×18 tunnel_fail=18 ib_fail=18
[ib_nav err] AttributeError: 'NoneType' object has no attribute 'accountSummary'
[watchdog] socks=无 gw=on ib=fail×19 tunnel_fail=19 ib_fail=19
[ib_nav err] AttributeError: 'NoneType' object has no attribute 'accountSummary'
[watchdog] socks=无 gw=on ib=fail×20 tunnel_fail=20 ib_fail=20
[ib_nav err] AttributeError: 'NoneType' object has no attribute 'accountSummary'
[watchdog] socks=无 gw=on ib=fail×21 tunnel_fail=21 ib_fail=21
[ib_nav err] AttributeError: 'NoneType' object has no attribute 'accountSummary'
[watchdog] socks=无 gw=on ib=fail×22 tunnel_fail=22 ib_fail=22
[ib_nav err] AttributeError: 'NoneType' object has no attribute 'accountSummary'
[watchdog] socks=无 gw=on ib=fail×23 tunnel_fail=23 ib_fail=23
[ib_nav err] AttributeError: 'NoneType' object has no attribute 'accountSummary'
[watchdog] socks=无 gw=on ib=fail×24 tunnel_fail=24 ib_fail=24
[ib_nav err] AttributeError: 'NoneType' object has no attribute 'accountSummary'
[watchdog] socks=无 gw=on ib=fail×25 tunnel_fail=25 ib_fail=25
[ib_nav err] AttributeError: 'NoneType' object has no attribute 'accountSummary'
[watchdog] socks=无 gw=on ib=fail×26 tunnel_fail=26 ib_fail=26
[ib_nav err] AttributeError: 'NoneType' object has no attribute 'accountSummary'
[watchdog] socks=无 gw=on ib=fail×27 tunnel_fail=27 ib_fail=27
[ib_nav err] AttributeError: 'NoneType' object has no attribute 'accountSummary'
[watchdog] socks=无 gw=on ib=fail×28 tunnel_fail=28 ib_fail=28
[ib_nav err] AttributeError: 'NoneType' object has no attribute 'accountSummary'
[watchdog] socks=无 gw=on ib=fail×29 tunnel_fail=29 ib_fail=29
[ib_nav err] AttributeError: 'NoneType' object has no attribute 'accountSummary'
[watchdog] socks=无 gw=on ib=fail×30 tunnel_fail=30 ib_fail=30
[ib_nav err] AttributeError: 'NoneType' object has no attribute 'accountSummary'
[watchdog] socks=无 gw=on ib=fail×31 tunnel_fail=31 ib_fail=31
[ib_nav err] AttributeError: 'NoneType' object has no attribute 'accountSummary'
[watchdog] socks=无 gw=on ib=fail×32 tunnel_fail=32 ib_fail=32
[ib_nav err] AttributeError: 'NoneType' object has no attribute 'accountSummary'
[watchdog] socks=无 gw=on ib=fail×33 tunnel_fail=33 ib_fail=33
[ib_nav err] AttributeError: 'NoneType' object has no attribute 'accountSummary'
[watchdog] socks=无 gw=on ib=fail×34 tunnel_fail=34 ib_fail=34
[ib_nav err] AttributeError: 'NoneType' object has no attribute 'accountSummary'
[watchdog] socks=无 gw=on ib=fail×35 tunnel_fail=35 ib_fail=35
[ib_nav err] AttributeError: 'NoneType' object has no attribute 'accountSummary'
[watchdog] socks=无 gw=on ib=fail×36 tunnel_fail=36 ib_fail=36
[ib_nav err] AttributeError: 'NoneType' object has no attribute 'accountSummary'
[watchdog] socks=无 gw=on ib=fail×37 tunnel_fail=37 ib_fail=37
[ib_nav err] AttributeError: 'NoneType' object has no attribute 'accountSummary'
[watchdog] socks=无 gw=on ib=fail×38 tunnel_fail=38 ib_fail=38
[ib_nav err] AttributeError: 'NoneType' object has no attribute 'accountSummary'
[watchdog] socks=无 gw=on ib=fail×39 tunnel_fail=39 ib_fail=39
[ib_nav err] AttributeError: 'NoneType' object has no attribute 'accountSummary'
[watchdog] socks=无 gw=on ib=fail×40 tunnel_fail=40 ib_fail=40
[ib_nav err] AttributeError: 'NoneType' object has no attribute 'accountSummary'
[watchdog] socks=无 gw=on ib=fail×41 tunnel_fail=41 ib_fail=41
[ib_nav err] AttributeError: 'NoneType' object has no attribute 'accountSummary'
[watchdog] socks=无 gw=on ib=fail×42 tunnel_fail=42 ib_fail=42
[ib_nav err] AttributeError: 'NoneType' object has no attribute 'accountSummary'
[watchdog] socks=无 gw=on ib=fail×43 tunnel_fail=43 ib_fail=43
[ib_nav err] AttributeError: 'NoneType' object has no attribute 'accountSummary'
[watchdog] socks=无 gw=on ib=fail×44 tunnel_fail=44 ib_fail=44
[ib_nav err] AttributeError: 'NoneType' object has no attribute 'accountSummary'
[watchdog] socks=无 gw=on ib=fail×45 tunnel_fail=45 ib_fail=45
[ib_nav err] AttributeError: 'NoneType' object has no attribute 'accountSummary'
[watchdog] socks=无 gw=on ib=fail×46 tunnel_fail=46 ib_fail=46
[ib_nav err] AttributeError: 'NoneType' object has no attribute 'accountSummary'
[watchdog] socks=无 gw=on ib=fail×47 tunnel_fail=47 ib_fail=47
[ib_nav err] AttributeError: 'NoneType' object has no attribute 'accountSummary'
[watchdog] socks=无 gw=on ib=fail×48 tunnel_fail=48 ib_fail=48
[ib_nav err] AttributeError: 'NoneType' object has no attribute 'accountSummary'
[watchdog] socks=无 gw=on ib=fail×49 tunnel_fail=49 ib_fail=49
[ib_nav err] AttributeError: 'NoneType' object has no attribute 'accountSummary'
[watchdog] socks=无 gw=on ib=fail×50 tunnel_fail=50 ib_fail=50
[ib_nav err] AttributeError: 'NoneType' object has no attribute 'accountSummary'
[watchdog] socks=无 gw=on ib=fail×51 tunnel_fail=51 ib_fail=51
[ib_nav err] AttributeError: 'NoneType' object has no attribute 'accountSummary'
[watchdog] socks=无 gw=on ib=fail×52 tunnel_fail=52 ib_fail=52
[ib_nav err] AttributeError: 'NoneType' object has no attribute 'accountSummary'
[watchdog] socks=无 gw=on ib=fail×53 tunnel_fail=53 ib_fail=53
[ib_nav err] AttributeError: 'NoneType' object has no attribute 'accountSummary'
[watchdog] socks=无 gw=on ib=fail×54 tunnel_fail=54 ib_fail=54
[ib_nav err] AttributeError: 'NoneType' object has no attribute 'accountSummary'
[watchdog] socks=无 gw=on ib=fail×55 tunnel_fail=55 ib_fail=55
[ib_nav err] AttributeError: 'NoneType' object has no attribute 'accountSummary'
[watchdog] socks=无 gw=on ib=fail×56 tunnel_fail=56 ib_fail=56
[ib_nav err] AttributeError: 'NoneType' object has no attribute 'accountSummary'
[watchdog] socks=无 gw=on ib=fail×57 tunnel_fail=57 ib_fail=57
[ib_nav err] AttributeError: 'NoneType' object has no attribute 'accountSummary'
[watchdog] socks=无 gw=on ib=fail×58 tunnel_fail=58 ib_fail=58
[ib_nav err] AttributeError: 'NoneType' object has no attribute 'accountSummary'
[watchdog] socks=无 gw=on ib=fail×59 tunnel_fail=59 ib_fail=59
[ib_nav err] AttributeError: 'NoneType' object has no attribute 'accountSummary'
[watchdog] socks=无 gw=on ib=fail×60 tunnel_fail=60 ib_fail=60
[ib_nav err] AttributeError: 'NoneType' object has no attribute 'accountSummary'
[watchdog] socks=无 gw=on ib=fail×61 tunnel_fail=61 ib_fail=61
[ib_nav err] AttributeError: 'NoneType' object has no attribute 'accountSummary'
[watchdog] socks=无 gw=on ib=fail×62 tunnel_fail=62 ib_fail=62
[ib_nav err] AttributeError: 'NoneType' object has no attribute 'accountSummary'
[watchdog] socks=无 gw=on ib=fail×63 tunnel_fail=63 ib_fail=63
[ib_nav err] AttributeError: 'NoneType' object has no attribute 'accountSummary'
[watchdog] socks=无 gw=on ib=fail×64 tunnel_fail=64 ib_fail=64
[ib_nav err] AttributeError: 'NoneType' object has no attribute 'accountSummary'
[watchdog] socks=无 gw=on ib=fail×65 tunnel_fail=65 ib_fail=65
[ib_nav err] AttributeError: 'NoneType' object has no attribute 'accountSummary'
[watchdog] socks=无 gw=on ib=fail×66 tunnel_fail=66 ib_fail=66
[ib_nav err] AttributeError: 'NoneType' object has no attribute 'accountSummary'
[watchdog] socks=无 gw=on ib=fail×67 tunnel_fail=67 ib_fail=67
[ib_nav err] AttributeError: 'NoneType' object has no attribute 'accountSummary'
[watchdog] socks=无 gw=on ib=fail×68 tunnel_fail=68 ib_fail=68
[ib_nav err] AttributeError: 'NoneType' object has no attribute 'accountSummary'
[watchdog] socks=无 gw=on ib=fail×69 tunnel_fail=69 ib_fail=69
[ib_nav err] AttributeError: 'NoneType' object has no attribute 'accountSummary'
[watchdog] socks=无 gw=on ib=fail×70 tunnel_fail=70 ib_fail=70
[ib_nav err] AttributeError: 'NoneType' object has no attribute 'accountSummary'
[watchdog] socks=无 gw=on ib=fail×71 tunnel_fail=71 ib_fail=71
[ib_nav err] AttributeError: 'NoneType' object has no attribute 'accountSummary'
[watchdog] socks=无 gw=on ib=fail×72 tunnel_fail=72 ib_fail=72
[ib_nav err] AttributeError: 'NoneType' object has no attribute 'accountSummary'
[watchdog] socks=无 gw=on ib=fail×73 tunnel_fail=73 ib_fail=73
[ib_nav err] AttributeError: 'NoneType' object has no attribute 'accountSummary'
[watchdog] socks=无 gw=on ib=fail×74 tunnel_fail=74 ib_fail=74
[ib_nav err] AttributeError: 'NoneType' object has no attribute 'accountSummary'
[watchdog] socks=无 gw=on ib=fail×75 tunnel_fail=75 ib_fail=75
[ib_nav err] AttributeError: 'NoneType' object has no attribute 'accountSummary'
[watchdog] socks=无 gw=on ib=fail×76 tunnel_fail=76 ib_fail=76
[ib_nav err] AttributeError: 'NoneType' object has no attribute 'accountSummary'
[watchdog] socks=无 gw=on ib=fail×77 tunnel_fail=77 ib_fail=77
[ib_nav err] AttributeError: 'NoneType' object has no attribute 'accountSummary'
[watchdog] socks=无 gw=on ib=fail×78 tunnel_fail=78 ib_fail=78
[ib_nav err] AttributeError: 'NoneType' object has no attribute 'accountSummary'
[watchdog] socks=无 gw=on ib=fail×79 tunnel_fail=79 ib_fail=79
[ib_nav err] AttributeError: 'NoneType' object has no attribute 'accountSummary'
[watchdog] socks=无 gw=off ib=fail×80 tunnel_fail=80 ib_fail=80
[watchdog] socks=CA gw=off ib=n/a tunnel_fail=0 ib_fail=80
[watchdog] socks=CA gw=on ib=ok tunnel_fail=0 ib_fail=0
[watchdog] socks=CA gw=on ib=ok tunnel_fail=0 ib_fail=0
[watchdog] socks=CA gw=on ib=ok tunnel_fail=0 ib_fail=0
[watchdog] socks=CA gw=on ib=ok tunnel_fail=0 ib_fail=0
[watchdog] socks=CA gw=on ib=ok tunnel_fail=0 ib_fail=0
[watchdog] socks=CA gw=on ib=ok tunnel_fail=0 ib_fail=0
[watchdog] socks=CA gw=on ib=ok tunnel_fail=0 ib_fail=0
[watchdog] socks=CA gw=on ib=ok tunnel_fail=0 ib_fail=0
[watchdog] socks=CA gw=on ib=ok tunnel_fail=0 ib_fail=0
[watchdog] socks=CA gw=on ib=ok tunnel_fail=0 ib_fail=0
[watchdog] socks=CA gw=on ib=ok tunnel_fail=0 ib_fail=0
[watchdog] socks=CA gw=on ib=ok tunnel_fail=0 ib_fail=0
[watchdog] socks=CA gw=on ib=ok tunnel_fail=0 ib_fail=0
[watchdog] socks=CA gw=on ib=ok tunnel_fail=0 ib_fail=0
[watchdog] socks=CA gw=on ib=ok tunnel_fail=0 ib_fail=0
[watchdog] socks=CA gw=on ib=ok tunnel_fail=0 ib_fail=0
[watchdog] socks=CA gw=on ib=ok tunnel_fail=0 ib_fail=0
[watchdog] socks=CA gw=on ib=ok tunnel_fail=0 ib_fail=0
[watchdog] socks=CA gw=on ib=ok tunnel_fail=0 ib_fail=0
[watchdog] socks=CA gw=on ib=ok tunnel_fail=0 ib_fail=0
[watchdog] socks=CA gw=on ib=ok tunnel_fail=0 ib_fail=0
[watchdog] socks=CA gw=on ib=ok tunnel_fail=0 ib_fail=0
[watchdog] socks=无 gw=on ib=ok tunnel_fail=1 ib_fail=0
[watchdog] socks=CA gw=on ib=ok tunnel_fail=0 ib_fail=0
[watchdog] socks=CA gw=on ib=ok tunnel_fail=0 ib_fail=0
[watchdog] socks=无 gw=on ib=ok tunnel_fail=1 ib_fail=0
[watchdog] socks=CA gw=on ib=ok tunnel_fail=0 ib_fail=0
[watchdog] socks=CA gw=on ib=ok tunnel_fail=0 ib_fail=0
[watchdog] socks=CA gw=on ib=ok tunnel_fail=0 ib_fail=0
[watchdog] socks=CA gw=on ib=ok tunnel_fail=0 ib_fail=0
[watchdog] socks=CA gw=on ib=ok tunnel_fail=0 ib_fail=0
[watchdog] socks=CA gw=on ib=ok tunnel_fail=0 ib_fail=0
[watchdog] socks=CA gw=on ib=ok tunnel_fail=0 ib_fail=0
[watchdog] socks=CA gw=on ib=ok tunnel_fail=0 ib_fail=0
[watchdog] socks=CA gw=on ib=ok tunnel_fail=0 ib_fail=0
[watchdog] socks=CA gw=on ib=ok tunnel_fail=0 ib_fail=0
[watchdog] socks=CA gw=on ib=ok tunnel_fail=0 ib_fail=0
[watchdog] socks=CA gw=on ib=ok tunnel_fail=0 ib_fail=0
[watchdog] socks=CA gw=on ib=ok tunnel_fail=0 ib_fail=0
[watchdog] socks=CA gw=on ib=ok tunnel_fail=0 ib_fail=0
[watchdog] socks=CA gw=on ib=ok tunnel_fail=0 ib_fail=0
[watchdog] socks=CA gw=on ib=ok tunnel_fail=0 ib_fail=0
[watchdog] socks=CA gw=on ib=ok tunnel_fail=0 ib_fail=0
[watchdog] socks=CA gw=on ib=ok tunnel_fail=0 ib_fail=0
[watchdog] socks=CA gw=on ib=ok tunnel_fail=0 ib_fail=0
[watchdog] socks=CA gw=on ib=ok tunnel_fail=0 ib_fail=0
[watchdog] socks=CA gw=on ib=ok tunnel_fail=0 ib_fail=0
[watchdog] socks=CA gw=on ib=ok tunnel_fail=0 ib_fail=0
[watchdog] socks=CA gw=on ib=ok tunnel_fail=0 ib_fail=0
[watchdog] socks=CA gw=on ib=ok tunnel_fail=0 ib_fail=0
[watchdog] socks=CA gw=on ib=ok tunnel_fail=0 ib_fail=0
[watchdog] socks=CA gw=on ib=ok tunnel_fail=0 ib_fail=0
[watchdog] socks=CA gw=on ib=ok tunnel_fail=0 ib_fail=0
[watchdog] socks=CA gw=on ib=ok tunnel_fail=0 ib_fail=0
[watchdog] socks=CA gw=on ib=ok tunnel_fail=0 ib_fail=0
[watchdog] socks=CA gw=on ib=ok tunnel_fail=0 ib_fail=0
[watchdog] socks=CA gw=on ib=ok tunnel_fail=0 ib_fail=0
[watchdog] socks=CA gw=on ib=ok tunnel_fail=0 ib_fail=0
[watchdog] socks=CA gw=on ib=ok tunnel_fail=0 ib_fail=0
[watchdog] socks=CA gw=on ib=ok tunnel_fail=0 ib_fail=0
[watchdog] socks=CA gw=on ib=ok tunnel_fail=0 ib_fail=0
[watchdog] socks=CA gw=on ib=ok tunnel_fail=0 ib_fail=0
[watchdog] socks=CA gw=on ib=ok tunnel_fail=0 ib_fail=0
[watchdog] socks=CA gw=on ib=ok tunnel_fail=0 ib_fail=0
[watchdog] socks=CA gw=on ib=ok tunnel_fail=0 ib_fail=0
[watchdog] socks=CA gw=on ib=ok tunnel_fail=0 ib_fail=0
[watchdog] socks=CA gw=on ib=ok tunnel_fail=0 ib_fail=0
[watchdog] socks=CA gw=on ib=ok tunnel_fail=0 ib_fail=0
[watchdog] socks=CA gw=on ib=ok tunnel_fail=0 ib_fail=0
[watchdog] socks=CA gw=on ib=ok tunnel_fail=0 ib_fail=0
[watchdog] socks=CA gw=on ib=ok tunnel_fail=0 ib_fail=0
[watchdog] socks=CA gw=on ib=ok tunnel_fail=0 ib_fail=0
[watchdog] socks=CA gw=on ib=ok tunnel_fail=0 ib_fail=0
[watchdog] socks=CA gw=on ib=ok tunnel_fail=0 ib_fail=0
[watchdog] socks=CA gw=on ib=ok tunnel_fail=0 ib_fail=0
[watchdog] socks=CA gw=on ib=ok tunnel_fail=0 ib_fail=0
[watchdog] socks=CA gw=on ib=ok tunnel_fail=0 ib_fail=0
[watchdog] socks=CA gw=on ib=ok tunnel_fail=0 ib_fail=0
[watchdog] socks=CA gw=on ib=ok tunnel_fail=0 ib_fail=0
[watchdog] socks=CA gw=on ib=ok tunnel_fail=0 ib_fail=0
[watchdog] socks=CA gw=on ib=ok tunnel_fail=0 ib_fail=0
[watchdog] socks=CA gw=on ib=ok tunnel_fail=0 ib_fail=0
[watchdog] socks=CA gw=on ib=ok tunnel_fail=0 ib_fail=0
[watchdog] socks=CA gw=on ib=ok tunnel_fail=0 ib_fail=0
[watchdog] socks=CA gw=on ib=ok tunnel_fail=0 ib_fail=0
[watchdog] socks=CA gw=on ib=ok tunnel_fail=0 ib_fail=0
[watchdog] socks=CA gw=on ib=ok tunnel_fail=0 ib_fail=0
[watchdog] socks=CA gw=on ib=ok tunnel_fail=0 ib_fail=0
[watchdog] socks=CA gw=on ib=ok tunnel_fail=0 ib_fail=0
[watchdog] socks=CA gw=on ib=ok tunnel_fail=0 ib_fail=0
[watchdog] socks=CA gw=on ib=ok tunnel_fail=0 ib_fail=0
[watchdog] socks=CA gw=on ib=ok tunnel_fail=0 ib_fail=0
[watchdog] socks=CA gw=on ib=ok tunnel_fail=0 ib_fail=0
[watchdog] socks=CA gw=on ib=ok tunnel_fail=0 ib_fail=0
[watchdog] socks=CA gw=on ib=ok tunnel_fail=0 ib_fail=0
[watchdog] socks=CA gw=on ib=ok tunnel_fail=0 ib_fail=0
[watchdog] socks=CA gw=on ib=ok tunnel_fail=0 ib_fail=0
[watchdog] socks=CA gw=on ib=ok tunnel_fail=0 ib_fail=0
[watchdog] socks=CA gw=on ib=ok tunnel_fail=0 ib_fail=0
[watchdog] socks=CA gw=on ib=ok tunnel_fail=0 ib_fail=0
[watchdog] socks=CA gw=on ib=ok tunnel_fail=0 ib_fail=0
[watchdog] socks=CA gw=on ib=ok tunnel_fail=0 ib_fail=0
[watchdog] socks=CA gw=on ib=ok tunnel_fail=0 ib_fail=0
[watchdog] socks=CA gw=on ib=ok tunnel_fail=0 ib_fail=0
[watchdog] socks=CA gw=on ib=ok tunnel_fail=0 ib_fail=0
[watchdog] socks=CA gw=on ib=ok tunnel_fail=0 ib_fail=0
[watchdog] socks=CA gw=on ib=ok tunnel_fail=0 ib_fail=0
[watchdog] socks=CA gw=on ib=ok tunnel_fail=0 ib_fail=0
[watchdog] socks=CA gw=on ib=ok tunnel_fail=0 ib_fail=0
[watchdog] socks=CA gw=on ib=ok tunnel_fail=0 ib_fail=0
[watchdog] socks=CA gw=on ib=ok tunnel_fail=0 ib_fail=0
[watchdog] socks=CA gw=on ib=ok tunnel_fail=0 ib_fail=0
[watchdog] socks=CA gw=on ib=ok tunnel_fail=0 ib_fail=0
[watchdog] socks=CA gw=on ib=ok tunnel_fail=0 ib_fail=0
[watchdog] socks=CA gw=on ib=ok tunnel_fail=0 ib_fail=0
[watchdog] socks=CA gw=on ib=ok tunnel_fail=0 ib_fail=0
[watchdog] socks=CA gw=on ib=ok tunnel_fail=0 ib_fail=0
[watchdog] socks=CA gw=on ib=ok tunnel_fail=0 ib_fail=0
[watchdog] socks=CA gw=on ib=ok tunnel_fail=0 ib_fail=0
[watchdog] socks=CA gw=on ib=ok tunnel_fail=0 ib_fail=0
[watchdog] socks=CA gw=on ib=ok tunnel_fail=0 ib_fail=0
[watchdog] socks=CA gw=on ib=ok tunnel_fail=0 ib_fail=0
[watchdog] socks=CA gw=on ib=ok tunnel_fail=0 ib_fail=0
[watchdog] socks=CA gw=on ib=ok tunnel_fail=0 ib_fail=0
[watchdog] socks=CA gw=on ib=ok tunnel_fail=0 ib_fail=0
[watchdog] socks=CA gw=on ib=ok tunnel_fail=0 ib_fail=0
[watchdog] socks=CA gw=on ib=ok tunnel_fail=0 ib_fail=0
[watchdog] socks=CA gw=on ib=ok tunnel_fail=0 ib_fail=0
[watchdog] socks=CA gw=on ib=ok tunnel_fail=0 ib_fail=0
[watchdog] socks=CA gw=on ib=ok tunnel_fail=0 ib_fail=0
[watchdog] socks=CA gw=on ib=ok tunnel_fail=0 ib_fail=0
[watchdog] socks=CA gw=on ib=ok tunnel_fail=0 ib_fail=0
[watchdog] socks=CA gw=on ib=ok tunnel_fail=0 ib_fail=0
[watchdog] socks=CA gw=on ib=ok tunnel_fail=0 ib_fail=0
[watchdog] socks=CA gw=on ib=ok tunnel_fail=0 ib_fail=0
[watchdog] socks=CA gw=on ib=ok tunnel_fail=0 ib_fail=0
[watchdog] socks=CA gw=on ib=ok tunnel_fail=0 ib_fail=0
[watchdog] socks=CA gw=on ib=ok tunnel_fail=0 ib_fail=0
[watchdog] socks=CA gw=on ib=ok tunnel_fail=0 ib_fail=0
[watchdog] socks=CA gw=on ib=ok tunnel_fail=0 ib_fail=0
[watchdog] socks=CA gw=on ib=ok tunnel_fail=0 ib_fail=0
[watchdog] socks=CA gw=on ib=ok tunnel_fail=0 ib_fail=0
[watchdog] socks=CA gw=on ib=ok tunnel_fail=0 ib_fail=0
[watchdog] socks=CA gw=on ib=ok tunnel_fail=0 ib_fail=0
[watchdog] socks=CA gw=on ib=ok tunnel_fail=0 ib_fail=0
[watchdog] socks=CA gw=on ib=ok tunnel_fail=0 ib_fail=0
[watchdog] socks=CA gw=on ib=ok tunnel_fail=0 ib_fail=0
[watchdog] socks=CA gw=on ib=ok tunnel_fail=0 ib_fail=0
[watchdog] socks=CA gw=on ib=ok tunnel_fail=0 ib_fail=0
[watchdog] socks=CA gw=on ib=ok tunnel_fail=0 ib_fail=0
[watchdog] socks=CA gw=on ib=ok tunnel_fail=0 ib_fail=0
[watchdog] socks=CA gw=on ib=ok tunnel_fail=0 ib_fail=0
[watchdog] socks=CA gw=on ib=ok tunnel_fail=0 ib_fail=0
[watchdog] socks=CA gw=on ib=ok tunnel_fail=0 ib_fail=0
[watchdog] socks=CA gw=on ib=ok tunnel_fail=0 ib_fail=0
[watchdog] socks=CA gw=on ib=ok tunnel_fail=0 ib_fail=0
[watchdog] socks=CA gw=on ib=ok tunnel_fail=0 ib_fail=0
[watchdog] socks=CA gw=on ib=ok tunnel_fail=0 ib_fail=0
[watchdog] socks=CA gw=on ib=ok tunnel_fail=0 ib_fail=0
[watchdog] socks=CA gw=on ib=ok tunnel_fail=0 ib_fail=0
[watchdog] socks=CA gw=on ib=ok tunnel_fail=0 ib_fail=0
[watchdog] socks=CA gw=on ib=ok tunnel_fail=0 ib_fail=0
[watchdog] socks=CA gw=on ib=ok tunnel_fail=0 ib_fail=0
[watchdog] socks=CA gw=on ib=ok tunnel_fail=0 ib_fail=0
[watchdog] socks=CA gw=on ib=ok tunnel_fail=0 ib_fail=0
[watchdog] socks=CA gw=on ib=ok tunnel_fail=0 ib_fail=0
[watchdog] socks=CA gw=on ib=ok tunnel_fail=0 ib_fail=0
[watchdog] socks=CA gw=on ib=ok tunnel_fail=0 ib_fail=0
[watchdog] socks=CA gw=on ib=ok tunnel_fail=0 ib_fail=0
[watchdog] socks=CA gw=on ib=ok tunnel_fail=0 ib_fail=0
[watchdog] socks=CA gw=on ib=ok tunnel_fail=0 ib_fail=0
[watchdog] socks=CA gw=on ib=ok tunnel_fail=0 ib_fail=0
[watchdog] socks=CA gw=on ib=ok tunnel_fail=0 ib_fail=0
[watchdog] socks=CA gw=on ib=ok tunnel_fail=0 ib_fail=0
[watchdog] socks=CA gw=on ib=ok tunnel_fail=0 ib_fail=0
[watchdog] socks=CA gw=on ib=ok tunnel_fail=0 ib_fail=0
[watchdog] socks=CA gw=on ib=ok tunnel_fail=0 ib_fail=0
[watchdog] socks=CA gw=on ib=ok tunnel_fail=0 ib_fail=0
[watchdog] socks=CA gw=on ib=ok tunnel_fail=0 ib_fail=0
[watchdog] socks=CA gw=on ib=ok tunnel_fail=0 ib_fail=0
[watchdog] socks=CA gw=on ib=ok tunnel_fail=0 ib_fail=0
[watchdog] socks=CA gw=on ib=ok tunnel_fail=0 ib_fail=0
[watchdog] socks=CA gw=on ib=ok tunnel_fail=0 ib_fail=0
[watchdog] socks=CA gw=on ib=ok tunnel_fail=0 ib_fail=0
[watchdog] socks=CA gw=on ib=ok tunnel_fail=0 ib_fail=0
[watchdog] socks=CA gw=on ib=ok tunnel_fail=0 ib_fail=0
[watchdog] socks=CA gw=on ib=ok tunnel_fail=0 ib_fail=0
[watchdog] socks=CA gw=on ib=ok tunnel_fail=0 ib_fail=0
[watchdog] socks=CA gw=on ib=ok tunnel_fail=0 ib_fail=0
[watchdog] socks=CA gw=on ib=ok tunnel_fail=0 ib_fail=0
[watchdog] socks=CA gw=on ib=ok tunnel_fail=0 ib_fail=0
[watchdog] socks=CA gw=on ib=ok tunnel_fail=0 ib_fail=0
[watchdog] socks=CA gw=on ib=ok tunnel_fail=0 ib_fail=0
[watchdog] socks=CA gw=on ib=ok tunnel_fail=0 ib_fail=0
[watchdog] socks=CA gw=on ib=ok tunnel_fail=0 ib_fail=0
[watchdog] socks=CA gw=on ib=ok tunnel_fail=0 ib_fail=0
[watchdog] socks=CA gw=on ib=ok tunnel_fail=0 ib_fail=0
[watchdog] socks=CA gw=on ib=ok tunnel_fail=0 ib_fail=0
[watchdog] socks=CA gw=on ib=ok tunnel_fail=0 ib_fail=0
[watchdog] socks=CA gw=on ib=ok tunnel_fail=0 ib_fail=0
[watchdog] socks=CA gw=on ib=ok tunnel_fail=0 ib_fail=0
[watchdog] socks=CA gw=on ib=ok tunnel_fail=0 ib_fail=0
[watchdog] socks=CA gw=on ib=ok tunnel_fail=0 ib_fail=0
[watchdog] socks=CA gw=on ib=ok tunnel_fail=0 ib_fail=0
[watchdog] socks=CA gw=on ib=ok tunnel_fail=0 ib_fail=0
[watchdog] socks=CA gw=on ib=ok tunnel_fail=0 ib_fail=0
[watchdog] socks=CA gw=on ib=ok tunnel_fail=0 ib_fail=0
[watchdog] socks=CA gw=on ib=ok tunnel_fail=0 ib_fail=0
[watchdog] socks=CA gw=on ib=ok tunnel_fail=0 ib_fail=0
[watchdog] socks=CA gw=on ib=ok tunnel_fail=0 ib_fail=0
[watchdog] socks=CA gw=on ib=ok tunnel_fail=0 ib_fail=0
[watchdog] socks=CA gw=on ib=ok tunnel_fail=0 ib_fail=0
[watchdog] socks=CA gw=on ib=ok tunnel_fail=0 ib_fail=0
[watchdog] socks=CA gw=on ib=ok tunnel_fail=0 ib_fail=0
[watchdog] socks=CA gw=on ib=ok tunnel_fail=0 ib_fail=0
[watchdog] socks=CA gw=on ib=ok tunnel_fail=0 ib_fail=0
[watchdog] socks=CA gw=on ib=ok tunnel_fail=0 ib_fail=0
[watchdog] socks=CA gw=on ib=ok tunnel_fail=0 ib_fail=0
[watchdog] socks=CA gw=on ib=ok tunnel_fail=0 ib_fail=0
[watchdog] socks=CA gw=on ib=ok tunnel_fail=0 ib_fail=0
[watchdog] socks=CA gw=on ib=ok tunnel_fail=0 ib_fail=0
[watchdog] socks=CA gw=on ib=ok tunnel_fail=0 ib_fail=0
[watchdog] socks=CA gw=on ib=ok tunnel_fail=0 ib_fail=0
[watchdog] socks=CA gw=on ib=ok tunnel_fail=0 ib_fail=0
[watchdog] socks=CA gw=on ib=ok tunnel_fail=0 ib_fail=0
[watchdog] socks=CA gw=on ib=ok tunnel_fail=0 ib_fail=0
[watchdog] socks=CA gw=on ib=ok tunnel_fail=0 ib_fail=0
[watchdog] socks=CA gw=on ib=ok tunnel_fail=0 ib_fail=0
[watchdog] socks=CA gw=on ib=ok tunnel_fail=0 ib_fail=0
[watchdog] socks=CA gw=on ib=ok tunnel_fail=0 ib_fail=0
[watchdog] socks=CA gw=on ib=ok tunnel_fail=0 ib_fail=0
[watchdog] socks=CA gw=on ib=ok tunnel_fail=0 ib_fail=0
[watchdog] socks=CA gw=on ib=ok tunnel_fail=0 ib_fail=0
[watchdog] socks=CA gw=on ib=ok tunnel_fail=0 ib_fail=0
[watchdog] socks=CA gw=on ib=ok tunnel_fail=0 ib_fail=0
[watchdog] socks=CA gw=on ib=ok tunnel_fail=0 ib_fail=0
[watchdog] socks=CA gw=on ib=ok tunnel_fail=0 ib_fail=0
[watchdog] socks=CA gw=on ib=ok tunnel_fail=0 ib_fail=0
[watchdog] socks=CA gw=on ib=ok tunnel_fail=0 ib_fail=0
[watchdog] socks=CA gw=on ib=ok tunnel_fail=0 ib_fail=0
[watchdog] socks=CA gw=on ib=ok tunnel_fail=0 ib_fail=0
[watchdog] socks=CA gw=on ib=ok tunnel_fail=0 ib_fail=0
[watchdog] socks=CA gw=on ib=ok tunnel_fail=0 ib_fail=0
[watchdog] socks=CA gw=on ib=ok tunnel_fail=0 ib_fail=0
[watchdog] socks=CA gw=on ib=ok tunnel_fail=0 ib_fail=0
[watchdog] socks=CA gw=on ib=ok tunnel_fail=0 ib_fail=0
[watchdog] socks=CA gw=on ib=ok tunnel_fail=0 ib_fail=0
[watchdog] socks=CA gw=on ib=ok tunnel_fail=0 ib_fail=0
[watchdog] socks=CA gw=on ib=ok tunnel_fail=0 ib_fail=0
[watchdog] socks=CA gw=on ib=ok tunnel_fail=0 ib_fail=0
[watchdog] socks=CA gw=on ib=ok tunnel_fail=0 ib_fail=0
[watchdog] socks=CA gw=on ib=ok tunnel_fail=0 ib_fail=0
[watchdog] socks=CA gw=on ib=ok tunnel_fail=0 ib_fail=0
[watchdog] socks=CA gw=on ib=ok tunnel_fail=0 ib_fail=0
[watchdog] socks=CA gw=on ib=ok tunnel_fail=0 ib_fail=0
[watchdog] socks=CA gw=on ib=ok tunnel_fail=0 ib_fail=0
[watchdog] socks=CA gw=on ib=ok tunnel_fail=0 ib_fail=0
[watchdog] socks=CA gw=on ib=ok tunnel_fail=0 ib_fail=0
[watchdog] socks=CA gw=on ib=ok tunnel_fail=0 ib_fail=0
[watchdog] socks=CA gw=on ib=ok tunnel_fail=0 ib_fail=0
[watchdog] socks=CA gw=on ib=ok tunnel_fail=0 ib_fail=0
[watchdog] socks=CA gw=on ib=ok tunnel_fail=0 ib_fail=0
[watchdog] socks=CA gw=on ib=ok tunnel_fail=0 ib_fail=0
[watchdog] socks=CA gw=on ib=ok tunnel_fail=0 ib_fail=0
[watchdog] socks=CA gw=on ib=ok tunnel_fail=0 ib_fail=0
[watchdog] socks=CA gw=on ib=ok tunnel_fail=0 ib_fail=0
[watchdog] socks=CA gw=on ib=ok tunnel_fail=0 ib_fail=0
[watchdog] socks=CA gw=on ib=ok tunnel_fail=0 ib_fail=0
[watchdog] socks=CA gw=on ib=ok tunnel_fail=0 ib_fail=0
[watchdog] socks=CA gw=on ib=ok tunnel_fail=0 ib_fail=0
[watchdog] socks=CA gw=on ib=ok tunnel_fail=0 ib_fail=0
[watchdog] socks=CA gw=on ib=ok tunnel_fail=0 ib_fail=0
[watchdog] socks=CA gw=on ib=ok tunnel_fail=0 ib_fail=0
[watchdog] socks=CA gw=on ib=ok tunnel_fail=0 ib_fail=0
[watchdog] socks=CA gw=on ib=ok tunnel_fail=0 ib_fail=0
[watchdog] socks=CA gw=on ib=ok tunnel_fail=0 ib_fail=0
[watchdog] socks=CA gw=on ib=ok tunnel_fail=0 ib_fail=0
[watchdog] socks=CA gw=on ib=ok tunnel_fail=0 ib_fail=0
[watchdog] socks=CA gw=on ib=ok tunnel_fail=0 ib_fail=0
[watchdog] socks=CA gw=on ib=ok tunnel_fail=0 ib_fail=0
[watchdog] socks=CA gw=on ib=ok tunnel_fail=0 ib_fail=0
[watchdog] socks=CA gw=on ib=ok tunnel_fail=0 ib_fail=0
[watchdog] socks=CA gw=on ib=ok tunnel_fail=0 ib_fail=0
[watchdog] socks=CA gw=on ib=ok tunnel_fail=0 ib_fail=0
[watchdog] socks=CA gw=on ib=ok tunnel_fail=0 ib_fail=0
[watchdog] socks=CA gw=on ib=ok tunnel_fail=0 ib_fail=0
[watchdog] socks=CA gw=on ib=ok tunnel_fail=0 ib_fail=0
[watchdog] socks=CA gw=on ib=ok tunnel_fail=0 ib_fail=0
[watchdog] socks=CA gw=on ib=ok tunnel_fail=0 ib_fail=0
[watchdog] socks=CA gw=on ib=ok tunnel_fail=0 ib_fail=0
[watchdog] socks=CA gw=on ib=ok tunnel_fail=0 ib_fail=0
[watchdog] socks=CA gw=on ib=ok tunnel_fail=0 ib_fail=0
[watchdog] socks=CA gw=on ib=ok tunnel_fail=0 ib_fail=0
[watchdog] socks=CA gw=on ib=ok tunnel_fail=0 ib_fail=0
[watchdog] socks=CA gw=on ib=ok tunnel_fail=0 ib_fail=0
[watchdog] socks=CA gw=on ib=ok tunnel_fail=0 ib_fail=0
[watchdog] socks=CA gw=on ib=ok tunnel_fail=0 ib_fail=0
[watchdog] socks=CA gw=on ib=ok tunnel_fail=0 ib_fail=0
[watchdog] socks=CA gw=on ib=ok tunnel_fail=0 ib_fail=0
[watchdog] socks=CA gw=on ib=ok tunnel_fail=0 ib_fail=0
[watchdog] socks=CA gw=on ib=ok tunnel_fail=0 ib_fail=0
[watchdog] socks=CA gw=on ib=ok tunnel_fail=0 ib_fail=0
[watchdog] socks=CA gw=on ib=ok tunnel_fail=0 ib_fail=0
[watchdog] socks=CA gw=on ib=ok tunnel_fail=0 ib_fail=0
[watchdog] socks=CA gw=on ib=ok tunnel_fail=0 ib_fail=0
[watchdog] socks=CA gw=on ib=ok tunnel_fail=0 ib_fail=0
[watchdog] socks=CA gw=on ib=ok tunnel_fail=0 ib_fail=0
[watchdog] socks=CA gw=on ib=ok tunnel_fail=0 ib_fail=0
[watchdog] socks=CA gw=on ib=ok tunnel_fail=0 ib_fail=0
[watchdog] socks=CA gw=on ib=ok tunnel_fail=0 ib_fail=0
[watchdog] socks=CA gw=on ib=ok tunnel_fail=0 ib_fail=0
[watchdog] socks=CA gw=on ib=ok tunnel_fail=0 ib_fail=0
[watchdog] socks=CA gw=on ib=ok tunnel_fail=0 ib_fail=0
[watchdog] socks=CA gw=on ib=ok tunnel_fail=0 ib_fail=0
[watchdog] socks=CA gw=on ib=ok tunnel_fail=0 ib_fail=0
[watchdog] socks=CA gw=on ib=ok tunnel_fail=0 ib_fail=0
[watchdog] socks=CA gw=on ib=ok tunnel_fail=0 ib_fail=0
[watchdog] socks=CA gw=on ib=ok tunnel_fail=0 ib_fail=0
[watchdog] socks=CA gw=on ib=ok tunnel_fail=0 ib_fail=0
[watchdog] socks=CA gw=on ib=ok tunnel_fail=0 ib_fail=0
[watchdog] socks=CA gw=on ib=ok tunnel_fail=0 ib_fail=0
[watchdog] socks=CA gw=on ib=ok tunnel_fail=0 ib_fail=0
[watchdog] socks=CA gw=on ib=ok tunnel_fail=0 ib_fail=0
[watchdog] socks=CA gw=on ib=ok tunnel_fail=0 ib_fail=0
[watchdog] socks=CA gw=on ib=ok tunnel_fail=0 ib_fail=0
[watchdog] socks=CA gw=on ib=ok tunnel_fail=0 ib_fail=0
[watchdog] socks=CA gw=on ib=ok tunnel_fail=0 ib_fail=0
[watchdog] socks=CA gw=on ib=ok tunnel_fail=0 ib_fail=0
[watchdog] socks=CA gw=on ib=ok tunnel_fail=0 ib_fail=0
[watchdog] socks=CA gw=on ib=ok tunnel_fail=0 ib_fail=0
[watchdog] socks=CA gw=on ib=ok tunnel_fail=0 ib_fail=0
[watchdog] socks=CA gw=on ib=ok tunnel_fail=0 ib_fail=0
[watchdog] socks=CA gw=on ib=ok tunnel_fail=0 ib_fail=0
[watchdog] socks=CA gw=on ib=ok tunnel_fail=0 ib_fail=0
[watchdog] socks=CA gw=on ib=ok tunnel_fail=0 ib_fail=0
[watchdog] socks=CA gw=on ib=ok tunnel_fail=0 ib_fail=0
[watchdog] socks=CA gw=on ib=ok tunnel_fail=0 ib_fail=0
[watchdog] socks=CA gw=on ib=ok tunnel_fail=0 ib_fail=0
[watchdog] socks=CA gw=on ib=ok tunnel_fail=0 ib_fail=0
[watchdog] socks=CA gw=on ib=ok tunnel_fail=0 ib_fail=0
[watchdog] socks=CA gw=on ib=ok tunnel_fail=0 ib_fail=0
[watchdog] socks=CA gw=on ib=ok tunnel_fail=0 ib_fail=0
[watchdog] socks=CA gw=on ib=ok tunnel_fail=0 ib_fail=0
[watchdog] socks=CA gw=on ib=ok tunnel_fail=0 ib_fail=0
[watchdog] socks=CA gw=on ib=ok tunnel_fail=0 ib_fail=0
[watchdog] socks=CA gw=on ib=ok tunnel_fail=0 ib_fail=0
[watchdog] socks=CA gw=on ib=ok tunnel_fail=0 ib_fail=0
[watchdog] socks=CA gw=on ib=ok tunnel_fail=0 ib_fail=0
[watchdog] socks=CA gw=on ib=ok tunnel_fail=0 ib_fail=0
[watchdog] socks=CA gw=on ib=ok tunnel_fail=0 ib_fail=0
[watchdog] socks=CA gw=on ib=ok tunnel_fail=0 ib_fail=0
[watchdog] socks=CA gw=on ib=ok tunnel_fail=0 ib_fail=0
[watchdog] socks=CA gw=on ib=ok tunnel_fail=0 ib_fail=0
[watchdog] socks=CA gw=on ib=ok tunnel_fail=0 ib_fail=0
[watchdog] socks=CA gw=on ib=ok tunnel_fail=0 ib_fail=0
[watchdog] socks=CA gw=on ib=ok tunnel_fail=0 ib_fail=0
[watchdog] socks=CA gw=on ib=ok tunnel_fail=0 ib_fail=0
[watchdog] socks=CA gw=on ib=ok tunnel_fail=0 ib_fail=0
[watchdog] socks=CA gw=on ib=ok tunnel_fail=0 ib_fail=0
[watchdog] socks=CA gw=on ib=ok tunnel_fail=0 ib_fail=0
[watchdog] socks=CA gw=on ib=ok tunnel_fail=0 ib_fail=0
[watchdog] socks=CA gw=on ib=ok tunnel_fail=0 ib_fail=0
[watchdog] socks=CA gw=on ib=ok tunnel_fail=0 ib_fail=0
[watchdog] socks=CA gw=on ib=ok tunnel_fail=0 ib_fail=0
[watchdog] socks=CA gw=on ib=ok tunnel_fail=0 ib_fail=0
[watchdog] socks=CA gw=on ib=ok tunnel_fail=0 ib_fail=0
[watchdog] socks=CA gw=on ib=ok tunnel_fail=0 ib_fail=0
[watchdog] socks=CA gw=on ib=ok tunnel_fail=0 ib_fail=0
[watchdog] socks=CA gw=on ib=ok tunnel_fail=0 ib_fail=0
[watchdog] socks=CA gw=on ib=ok tunnel_fail=0 ib_fail=0
[watchdog] socks=CA gw=on ib=ok tunnel_fail=0 ib_fail=0
[ib_nav err] AttributeError: 'NoneType' object has no attribute 'accountSummary'
[watchdog] socks=CA gw=on ib=fail×1 tunnel_fail=0 ib_fail=1
[ib_nav err] AttributeError: 'NoneType' object has no attribute 'accountSummary'
[watchdog] socks=CA gw=on ib=fail×2 tunnel_fail=0 ib_fail=2
[ib_nav err] AttributeError: 'NoneType' object has no attribute 'accountSummary'
[watchdog] socks=CA gw=on ib=fail×3 tunnel_fail=0 ib_fail=3
[ib_nav err] AttributeError: 'NoneType' object has no attribute 'accountSummary'
[watchdog] socks=CA gw=on ib=fail×4 tunnel_fail=0 ib_fail=4
[ib_nav err] AttributeError: 'NoneType' object has no attribute 'accountSummary'
[watchdog] socks=CA gw=on ib=fail×5 tunnel_fail=0 ib_fail=5
[ib_nav err] AttributeError: 'NoneType' object has no attribute 'accountSummary'
[watchdog] socks=CA gw=on ib=fail×6 tunnel_fail=0 ib_fail=6
[ib_nav err] AttributeError: 'NoneType' object has no attribute 'accountSummary'
[watchdog] socks=CA gw=on ib=fail×7 tunnel_fail=0 ib_fail=7
[ib_nav err] AttributeError: 'NoneType' object has no attribute 'accountSummary'
[watchdog] socks=CA gw=on ib=fail×8 tunnel_fail=0 ib_fail=8
[ib_nav err] AttributeError: 'NoneType' object has no attribute 'accountSummary'
[watchdog] socks=CA gw=on ib=fail×9 tunnel_fail=0 ib_fail=9
[ib_nav err] AttributeError: 'NoneType' object has no attribute 'accountSummary'
[watchdog] socks=CA gw=on ib=fail×10 tunnel_fail=0 ib_fail=10
[ib_nav err] AttributeError: 'NoneType' object has no attribute 'accountSummary'
[watchdog] socks=CA gw=on ib=fail×11 tunnel_fail=0 ib_fail=11
[ib_nav err] AttributeError: 'NoneType' object has no attribute 'accountSummary'
[watchdog] socks=CA gw=on ib=fail×12 tunnel_fail=0 ib_fail=12
[ib_nav err] AttributeError: 'NoneType' object has no attribute 'accountSummary'
[watchdog] socks=CA gw=on ib=fail×13 tunnel_fail=0 ib_fail=13
[ib_nav err] AttributeError: 'NoneType' object has no attribute 'accountSummary'
[watchdog] socks=CA gw=on ib=fail×14 tunnel_fail=0 ib_fail=14
[ib_nav err] AttributeError: 'NoneType' object has no attribute 'accountSummary'
[watchdog] socks=CA gw=on ib=fail×15 tunnel_fail=0 ib_fail=15
[ib_nav err] AttributeError: 'NoneType' object has no attribute 'accountSummary'
[watchdog] socks=CA gw=on ib=fail×16 tunnel_fail=0 ib_fail=16
[ib_nav err] AttributeError: 'NoneType' object has no attribute 'accountSummary'
[watchdog] socks=CA gw=on ib=fail×17 tunnel_fail=0 ib_fail=17
[ib_nav err] AttributeError: 'NoneType' object has no attribute 'accountSummary'
[watchdog] socks=CA gw=on ib=fail×18 tunnel_fail=0 ib_fail=18
[ib_nav err] AttributeError: 'NoneType' object has no attribute 'accountSummary'
[watchdog] socks=CA gw=on ib=fail×19 tunnel_fail=0 ib_fail=19
[ib_nav err] AttributeError: 'NoneType' object has no attribute 'accountSummary'
[watchdog] socks=CA gw=on ib=fail×20 tunnel_fail=0 ib_fail=20
[ib_nav err] AttributeError: 'NoneType' object has no attribute 'accountSummary'
[watchdog] socks=CA gw=on ib=fail×21 tunnel_fail=0 ib_fail=21
[ib_nav err] AttributeError: 'NoneType' object has no attribute 'accountSummary'
[watchdog] socks=CA gw=on ib=fail×22 tunnel_fail=0 ib_fail=22
[ib_nav err] AttributeError: 'NoneType' object has no attribute 'accountSummary'
[watchdog] socks=CA gw=on ib=fail×23 tunnel_fail=0 ib_fail=23
[ib_nav err] AttributeError: 'NoneType' object has no attribute 'accountSummary'
[watchdog] socks=CA gw=on ib=fail×24 tunnel_fail=0 ib_fail=24
[ib_nav err] AttributeError: 'NoneType' object has no attribute 'accountSummary'
[watchdog] socks=CA gw=on ib=fail×25 tunnel_fail=0 ib_fail=25
[ib_nav err] AttributeError: 'NoneType' object has no attribute 'accountSummary'
[watchdog] socks=CA gw=on ib=fail×26 tunnel_fail=0 ib_fail=26
[ib_nav err] AttributeError: 'NoneType' object has no attribute 'accountSummary'
[watchdog] socks=CA gw=on ib=fail×27 tunnel_fail=0 ib_fail=27
[ib_nav err] AttributeError: 'NoneType' object has no attribute 'accountSummary'
[watchdog] socks=CA gw=on ib=fail×28 tunnel_fail=0 ib_fail=28
[ib_nav err] AttributeError: 'NoneType' object has no attribute 'accountSummary'
[watchdog] socks=CA gw=on ib=fail×29 tunnel_fail=0 ib_fail=29
[ib_nav err] AttributeError: 'NoneType' object has no attribute 'accountSummary'
[watchdog] socks=CA gw=on ib=fail×30 tunnel_fail=0 ib_fail=30
[ib_nav err] AttributeError: 'NoneType' object has no attribute 'accountSummary'
[watchdog] socks=CA gw=on ib=fail×31 tunnel_fail=0 ib_fail=31
[ib_nav err] AttributeError: 'NoneType' object has no attribute 'accountSummary'
[watchdog] socks=CA gw=on ib=fail×32 tunnel_fail=0 ib_fail=32
[ib_nav err] AttributeError: 'NoneType' object has no attribute 'accountSummary'
[watchdog] socks=CA gw=on ib=fail×33 tunnel_fail=0 ib_fail=33
[ib_nav err] AttributeError: 'NoneType' object has no attribute 'accountSummary'
[watchdog] socks=CA gw=on ib=fail×34 tunnel_fail=0 ib_fail=34
[ib_nav err] AttributeError: 'NoneType' object has no attribute 'accountSummary'
[watchdog] socks=CA gw=on ib=fail×35 tunnel_fail=0 ib_fail=35
[ib_nav err] AttributeError: 'NoneType' object has no attribute 'accountSummary'
[watchdog] socks=CA gw=on ib=fail×36 tunnel_fail=0 ib_fail=36
[ib_nav err] AttributeError: 'NoneType' object has no attribute 'accountSummary'
[watchdog] socks=CA gw=on ib=fail×37 tunnel_fail=0 ib_fail=37
[ib_nav err] AttributeError: 'NoneType' object has no attribute 'accountSummary'
[watchdog] socks=CA gw=on ib=fail×38 tunnel_fail=0 ib_fail=38
[ib_nav err] AttributeError: 'NoneType' object has no attribute 'accountSummary'
[watchdog] socks=CA gw=on ib=fail×39 tunnel_fail=0 ib_fail=39
[ib_nav err] AttributeError: 'NoneType' object has no attribute 'accountSummary'
[watchdog] socks=CA gw=on ib=fail×40 tunnel_fail=0 ib_fail=40
[ib_nav err] AttributeError: 'NoneType' object has no attribute 'accountSummary'
[watchdog] socks=CA gw=on ib=fail×41 tunnel_fail=0 ib_fail=41
[ib_nav err] AttributeError: 'NoneType' object has no attribute 'accountSummary'
[watchdog] socks=CA gw=on ib=fail×42 tunnel_fail=0 ib_fail=42
[ib_nav err] AttributeError: 'NoneType' object has no attribute 'accountSummary'
[watchdog] socks=CA gw=on ib=fail×43 tunnel_fail=0 ib_fail=43
[ib_nav err] AttributeError: 'NoneType' object has no attribute 'accountSummary'
[watchdog] socks=CA gw=on ib=fail×44 tunnel_fail=0 ib_fail=44
[ib_nav err] AttributeError: 'NoneType' object has no attribute 'accountSummary'
[watchdog] socks=CA gw=on ib=fail×45 tunnel_fail=0 ib_fail=45
[ib_nav err] AttributeError: 'NoneType' object has no attribute 'accountSummary'
[watchdog] socks=CA gw=on ib=fail×46 tunnel_fail=0 ib_fail=46
[ib_nav err] AttributeError: 'NoneType' object has no attribute 'accountSummary'
[watchdog] socks=CA gw=on ib=fail×47 tunnel_fail=0 ib_fail=47
[ib_nav err] AttributeError: 'NoneType' object has no attribute 'accountSummary'
[watchdog] socks=CA gw=on ib=fail×48 tunnel_fail=0 ib_fail=48
[ib_nav err] AttributeError: 'NoneType' object has no attribute 'accountSummary'
[watchdog] socks=CA gw=on ib=fail×49 tunnel_fail=0 ib_fail=49
[ib_nav err] AttributeError: 'NoneType' object has no attribute 'accountSummary'
[watchdog] socks=CA gw=on ib=fail×50 tunnel_fail=0 ib_fail=50
[ib_nav err] AttributeError: 'NoneType' object has no attribute 'accountSummary'
[watchdog] socks=CA gw=on ib=fail×51 tunnel_fail=0 ib_fail=51
[ib_nav err] AttributeError: 'NoneType' object has no attribute 'accountSummary'
[watchdog] socks=CA gw=on ib=fail×52 tunnel_fail=0 ib_fail=52
[ib_nav err] AttributeError: 'NoneType' object has no attribute 'accountSummary'
[watchdog] socks=CA gw=on ib=fail×53 tunnel_fail=0 ib_fail=53
[ib_nav err] AttributeError: 'NoneType' object has no attribute 'accountSummary'
[watchdog] socks=CA gw=on ib=fail×54 tunnel_fail=0 ib_fail=54
[ib_nav err] AttributeError: 'NoneType' object has no attribute 'accountSummary'
[watchdog] socks=CA gw=on ib=fail×55 tunnel_fail=0 ib_fail=55
[ib_nav err] AttributeError: 'NoneType' object has no attribute 'accountSummary'
[watchdog] socks=CA gw=on ib=fail×56 tunnel_fail=0 ib_fail=56
[ib_nav err] AttributeError: 'NoneType' object has no attribute 'accountSummary'
[watchdog] socks=CA gw=on ib=fail×57 tunnel_fail=0 ib_fail=57
[watchdog] socks=CA gw=off ib=n/a tunnel_fail=0 ib_fail=57
[watchdog] socks=CA gw=off ib=n/a tunnel_fail=0 ib_fail=57
[watchdog] socks=CA gw=off ib=n/a tunnel_fail=0 ib_fail=57
[watchdog] socks=CA gw=off ib=n/a tunnel_fail=0 ib_fail=57
[watchdog] socks=CA gw=off ib=n/a tunnel_fail=0 ib_fail=57
[watchdog] socks=CA gw=off ib=n/a tunnel_fail=0 ib_fail=57
[watchdog] socks=CA gw=off ib=n/a tunnel_fail=0 ib_fail=57
[watchdog] socks=CA gw=off ib=n/a tunnel_fail=0 ib_fail=57
[watchdog] socks=CA gw=off ib=n/a tunnel_fail=0 ib_fail=57
[watchdog] socks=CA gw=off ib=n/a tunnel_fail=0 ib_fail=57
[watchdog] socks=CA gw=off ib=n/a tunnel_fail=0 ib_fail=57
[watchdog] socks=CA gw=off ib=n/a tunnel_fail=0 ib_fail=57
[watchdog] socks=CA gw=off ib=n/a tunnel_fail=0 ib_fail=57
[watchdog] socks=CA gw=off ib=n/a tunnel_fail=0 ib_fail=57
[watchdog] socks=CA gw=off ib=n/a tunnel_fail=0 ib_fail=57
[watchdog] socks=CA gw=off ib=n/a tunnel_fail=0 ib_fail=57
[watchdog] socks=CA gw=off ib=n/a tunnel_fail=0 ib_fail=57
[watchdog] socks=CA gw=off ib=n/a tunnel_fail=0 ib_fail=57
[watchdog] socks=CA gw=off ib=n/a tunnel_fail=0 ib_fail=57
[watchdog] socks=CA gw=off ib=n/a tunnel_fail=0 ib_fail=57
[watchdog] socks=CA gw=off ib=n/a tunnel_fail=0 ib_fail=57
[watchdog] socks=CA gw=off ib=n/a tunnel_fail=0 ib_fail=57
[watchdog] socks=CA gw=off ib=n/a tunnel_fail=0 ib_fail=57
[watchdog] socks=CA gw=off ib=n/a tunnel_fail=0 ib_fail=57
[watchdog] socks=CA gw=off ib=n/a tunnel_fail=0 ib_fail=57
[watchdog] socks=CA gw=off ib=n/a tunnel_fail=0 ib_fail=57
[watchdog] socks=CA gw=off ib=n/a tunnel_fail=0 ib_fail=57
[watchdog] socks=CA gw=off ib=n/a tunnel_fail=0 ib_fail=57
[watchdog] socks=CA gw=off ib=n/a tunnel_fail=0 ib_fail=57
[watchdog] socks=CA gw=off ib=n/a tunnel_fail=0 ib_fail=57
[watchdog] socks=CA gw=off ib=n/a tunnel_fail=0 ib_fail=57
[watchdog] socks=CA gw=off ib=n/a tunnel_fail=0 ib_fail=57
[watchdog] socks=CA gw=off ib=n/a tunnel_fail=0 ib_fail=57
[watchdog] socks=CA gw=off ib=n/a tunnel_fail=0 ib_fail=57
[watchdog] socks=CA gw=off ib=n/a tunnel_fail=0 ib_fail=57
[watchdog] socks=CA gw=off ib=n/a tunnel_fail=0 ib_fail=57
[watchdog] socks=CA gw=off ib=n/a tunnel_fail=0 ib_fail=57
[watchdog] socks=CA gw=off ib=n/a tunnel_fail=0 ib_fail=57
[watchdog] socks=CA gw=off ib=n/a tunnel_fail=0 ib_fail=57
[watchdog] socks=CA gw=off ib=n/a tunnel_fail=0 ib_fail=57
[watchdog] socks=CA gw=off ib=n/a tunnel_fail=0 ib_fail=57
[watchdog] socks=CA gw=off ib=n/a tunnel_fail=0 ib_fail=57
[watchdog] socks=CA gw=off ib=n/a tunnel_fail=0 ib_fail=57
[watchdog] socks=CA gw=off ib=n/a tunnel_fail=0 ib_fail=57
[watchdog] socks=CA gw=off ib=n/a tunnel_fail=0 ib_fail=57
[watchdog] socks=CA gw=off ib=n/a tunnel_fail=0 ib_fail=57
[watchdog] socks=CA gw=off ib=n/a tunnel_fail=0 ib_fail=57
[watchdog] socks=CA gw=off ib=n/a tunnel_fail=0 ib_fail=57
[watchdog] socks=CA gw=off ib=n/a tunnel_fail=0 ib_fail=57
[watchdog] socks=CA gw=off ib=n/a tunnel_fail=0 ib_fail=57
[watchdog] socks=CA gw=off ib=n/a tunnel_fail=0 ib_fail=57
[watchdog] socks=CA gw=off ib=n/a tunnel_fail=0 ib_fail=57
[watchdog] socks=CA gw=off ib=n/a tunnel_fail=0 ib_fail=57
[watchdog] socks=CA gw=off ib=n/a tunnel_fail=0 ib_fail=57
[watchdog] socks=CA gw=off ib=n/a tunnel_fail=0 ib_fail=57
[watchdog] socks=CA gw=off ib=n/a tunnel_fail=0 ib_fail=57
[watchdog] socks=CA gw=off ib=n/a tunnel_fail=0 ib_fail=57
[watchdog] socks=CA gw=off ib=n/a tunnel_fail=0 ib_fail=57
[watchdog] socks=CA gw=on ib=ok tunnel_fail=0 ib_fail=0
[watchdog] socks=CA gw=on ib=ok tunnel_fail=0 ib_fail=0
[watchdog] socks=CA gw=on ib=ok tunnel_fail=0 ib_fail=0
[watchdog] socks=CA gw=on ib=ok tunnel_fail=0 ib_fail=0
[watchdog] socks=CA gw=on ib=ok tunnel_fail=0 ib_fail=0
[watchdog] socks=CA gw=on ib=ok tunnel_fail=0 ib_fail=0
[watchdog] socks=CA gw=on ib=ok tunnel_fail=0 ib_fail=0
[watchdog] socks=CA gw=on ib=ok tunnel_fail=0 ib_fail=0
[watchdog] socks=CA gw=on ib=ok tunnel_fail=0 ib_fail=0
[watchdog] socks=CA gw=on ib=ok tunnel_fail=0 ib_fail=0
[watchdog] socks=CA gw=on ib=ok tunnel_fail=0 ib_fail=0
[watchdog] socks=CA gw=on ib=ok tunnel_fail=0 ib_fail=0
[watchdog] socks=CA gw=on ib=ok tunnel_fail=0 ib_fail=0
[watchdog] socks=CA gw=on ib=ok tunnel_fail=0 ib_fail=0
[watchdog] socks=CA gw=on ib=ok tunnel_fail=0 ib_fail=0
[watchdog] socks=CA gw=on ib=ok tunnel_fail=0 ib_fail=0
[watchdog] socks=CA gw=on ib=ok tunnel_fail=0 ib_fail=0
[watchdog] socks=CA gw=on ib=ok tunnel_fail=0 ib_fail=0
[watchdog] socks=CA gw=on ib=ok tunnel_fail=0 ib_fail=0
[watchdog] socks=CA gw=on ib=ok tunnel_fail=0 ib_fail=0
[watchdog] socks=CA gw=on ib=ok tunnel_fail=0 ib_fail=0
[watchdog] socks=CA gw=on ib=ok tunnel_fail=0 ib_fail=0
[watchdog] socks=CA gw=on ib=ok tunnel_fail=0 ib_fail=0
[watchdog] socks=CA gw=on ib=ok tunnel_fail=0 ib_fail=0
[watchdog] socks=CA gw=on ib=ok tunnel_fail=0 ib_fail=0
[watchdog] socks=CA gw=on ib=ok tunnel_fail=0 ib_fail=0
[watchdog] socks=CA gw=on ib=ok tunnel_fail=0 ib_fail=0
[watchdog] socks=CA gw=on ib=ok tunnel_fail=0 ib_fail=0
[watchdog] socks=CA gw=on ib=ok tunnel_fail=0 ib_fail=0
[watchdog] socks=CA gw=on ib=ok tunnel_fail=0 ib_fail=0
[watchdog] socks=CA gw=on ib=ok tunnel_fail=0 ib_fail=0
[watchdog] socks=CA gw=on ib=ok tunnel_fail=0 ib_fail=0
[ib_nav err] AttributeError: 'NoneType' object has no attribute 'accountSummary'
[watchdog] socks=无 gw=on ib=fail×1 tunnel_fail=1 ib_fail=1
[ib_nav err] AttributeError: 'NoneType' object has no attribute 'accountSummary'
[watchdog] socks=无 gw=on ib=fail×2 tunnel_fail=2 ib_fail=2
[ib_nav err] AttributeError: 'NoneType' object has no attribute 'accountSummary'
[watchdog] socks=无 gw=on ib=fail×3 tunnel_fail=3 ib_fail=3
[ib_nav err] AttributeError: 'NoneType' object has no attribute 'accountSummary'
[watchdog] socks=无 gw=on ib=fail×4 tunnel_fail=4 ib_fail=4
[ib_nav err] AttributeError: 'NoneType' object has no attribute 'accountSummary'
[watchdog] socks=无 gw=on ib=fail×5 tunnel_fail=5 ib_fail=5
[ib_nav err] AttributeError: 'NoneType' object has no attribute 'accountSummary'
[watchdog] socks=无 gw=on ib=fail×6 tunnel_fail=6 ib_fail=6
[ib_nav err] AttributeError: 'NoneType' object has no attribute 'accountSummary'
[watchdog] socks=无 gw=on ib=fail×7 tunnel_fail=7 ib_fail=7
[ib_nav err] AttributeError: 'NoneType' object has no attribute 'accountSummary'
[watchdog] socks=无 gw=on ib=fail×8 tunnel_fail=8 ib_fail=8
[ib_nav err] AttributeError: 'NoneType' object has no attribute 'accountSummary'
[watchdog] socks=无 gw=on ib=fail×9 tunnel_fail=9 ib_fail=9
[ib_nav err] AttributeError: 'NoneType' object has no attribute 'accountSummary'
[watchdog] socks=无 gw=on ib=fail×10 tunnel_fail=10 ib_fail=10
[ib_nav err] AttributeError: 'NoneType' object has no attribute 'accountSummary'
[watchdog] socks=无 gw=on ib=fail×11 tunnel_fail=11 ib_fail=11
[ib_nav err] AttributeError: 'NoneType' object has no attribute 'accountSummary'
[watchdog] socks=无 gw=on ib=fail×12 tunnel_fail=12 ib_fail=12
[ib_nav err] AttributeError: 'NoneType' object has no attribute 'accountSummary'
[watchdog] socks=无 gw=on ib=fail×13 tunnel_fail=13 ib_fail=13
[ib_nav err] AttributeError: 'NoneType' object has no attribute 'accountSummary'
[watchdog] socks=无 gw=on ib=fail×14 tunnel_fail=14 ib_fail=14
[ib_nav err] AttributeError: 'NoneType' object has no attribute 'accountSummary'
[watchdog] socks=无 gw=on ib=fail×15 tunnel_fail=15 ib_fail=15
[ib_nav err] AttributeError: 'NoneType' object has no attribute 'accountSummary'
[watchdog] socks=无 gw=on ib=fail×16 tunnel_fail=16 ib_fail=16
[ib_nav err] AttributeError: 'NoneType' object has no attribute 'accountSummary'
[watchdog] socks=无 gw=on ib=fail×17 tunnel_fail=17 ib_fail=17
[ib_nav err] AttributeError: 'NoneType' object has no attribute 'accountSummary'
[watchdog] socks=无 gw=on ib=fail×18 tunnel_fail=18 ib_fail=18
[ib_nav err] AttributeError: 'NoneType' object has no attribute 'accountSummary'
[watchdog] socks=无 gw=on ib=fail×19 tunnel_fail=19 ib_fail=19
[ib_nav err] AttributeError: 'NoneType' object has no attribute 'accountSummary'
[watchdog] socks=无 gw=on ib=fail×20 tunnel_fail=20 ib_fail=20
[ib_nav err] AttributeError: 'NoneType' object has no attribute 'accountSummary'
[watchdog] socks=无 gw=on ib=fail×21 tunnel_fail=21 ib_fail=21
[ib_nav err] AttributeError: 'NoneType' object has no attribute 'accountSummary'
[watchdog] socks=无 gw=on ib=fail×22 tunnel_fail=22 ib_fail=22
[ib_nav err] AttributeError: 'NoneType' object has no attribute 'accountSummary'
[watchdog] socks=无 gw=on ib=fail×23 tunnel_fail=23 ib_fail=23
[ib_nav err] AttributeError: 'NoneType' object has no attribute 'accountSummary'
[watchdog] socks=无 gw=on ib=fail×24 tunnel_fail=24 ib_fail=24
[ib_nav err] AttributeError: 'NoneType' object has no attribute 'accountSummary'
[watchdog] socks=无 gw=on ib=fail×25 tunnel_fail=25 ib_fail=25
[ib_nav err] AttributeError: 'NoneType' object has no attribute 'accountSummary'
[watchdog] socks=无 gw=on ib=fail×26 tunnel_fail=26 ib_fail=26
[ib_nav err] AttributeError: 'NoneType' object has no attribute 'accountSummary'
[watchdog] socks=无 gw=on ib=fail×27 tunnel_fail=27 ib_fail=27
[ib_nav err] AttributeError: 'NoneType' object has no attribute 'accountSummary'
[watchdog] socks=无 gw=on ib=fail×28 tunnel_fail=28 ib_fail=28
[ib_nav err] AttributeError: 'NoneType' object has no attribute 'accountSummary'
[watchdog] socks=无 gw=on ib=fail×29 tunnel_fail=29 ib_fail=29
[ib_nav err] AttributeError: 'NoneType' object has no attribute 'accountSummary'
[watchdog] socks=无 gw=on ib=fail×30 tunnel_fail=30 ib_fail=30
[ib_nav err] AttributeError: 'NoneType' object has no attribute 'accountSummary'
[watchdog] socks=无 gw=on ib=fail×31 tunnel_fail=31 ib_fail=31
[ib_nav err] AttributeError: 'NoneType' object has no attribute 'accountSummary'
[watchdog] socks=无 gw=on ib=fail×32 tunnel_fail=32 ib_fail=32
[ib_nav err] AttributeError: 'NoneType' object has no attribute 'accountSummary'
[watchdog] socks=无 gw=on ib=fail×33 tunnel_fail=33 ib_fail=33
[ib_nav err] AttributeError: 'NoneType' object has no attribute 'accountSummary'
[watchdog] socks=无 gw=on ib=fail×34 tunnel_fail=34 ib_fail=34
[ib_nav err] AttributeError: 'NoneType' object has no attribute 'accountSummary'
[watchdog] socks=无 gw=on ib=fail×35 tunnel_fail=35 ib_fail=35
[ib_nav err] AttributeError: 'NoneType' object has no attribute 'accountSummary'
[watchdog] socks=无 gw=on ib=fail×36 tunnel_fail=36 ib_fail=36
[ib_nav err] AttributeError: 'NoneType' object has no attribute 'accountSummary'
[watchdog] socks=无 gw=on ib=fail×37 tunnel_fail=37 ib_fail=37
[watchdog] socks=CA gw=on ib=ok tunnel_fail=0 ib_fail=0
[watchdog] socks=CA gw=on ib=ok tunnel_fail=0 ib_fail=0
[watchdog] socks=CA gw=on ib=ok tunnel_fail=0 ib_fail=0
[watchdog] socks=CA gw=on ib=ok tunnel_fail=0 ib_fail=0
[watchdog] socks=CA gw=on ib=ok tunnel_fail=0 ib_fail=0
[watchdog] socks=CA gw=on ib=ok tunnel_fail=0 ib_fail=0
[watchdog] socks=CA gw=on ib=ok tunnel_fail=0 ib_fail=0
[watchdog] socks=CA gw=on ib=ok tunnel_fail=0 ib_fail=0
[watchdog] socks=CA gw=on ib=ok tunnel_fail=0 ib_fail=0
[watchdog] socks=CA gw=on ib=ok tunnel_fail=0 ib_fail=0
[watchdog] socks=CA gw=on ib=ok tunnel_fail=0 ib_fail=0
[watchdog] socks=CA gw=on ib=ok tunnel_fail=0 ib_fail=0
[watchdog] socks=CA gw=on ib=ok tunnel_fail=0 ib_fail=0
[watchdog] socks=CA gw=on ib=ok tunnel_fail=0 ib_fail=0
[watchdog] socks=CA gw=on ib=ok tunnel_fail=0 ib_fail=0
[watchdog] socks=CA gw=on ib=ok tunnel_fail=0 ib_fail=0
[watchdog] socks=CA gw=on ib=ok tunnel_fail=0 ib_fail=0
[watchdog] socks=CA gw=on ib=ok tunnel_fail=0 ib_fail=0
[watchdog] socks=CA gw=on ib=ok tunnel_fail=0 ib_fail=0
[watchdog] socks=CA gw=on ib=ok tunnel_fail=0 ib_fail=0
[watchdog] socks=CA gw=on ib=ok tunnel_fail=0 ib_fail=0
[watchdog] socks=CA gw=on ib=ok tunnel_fail=0 ib_fail=0
[watchdog] socks=CA gw=on ib=ok tunnel_fail=0 ib_fail=0
[watchdog] socks=CA gw=on ib=ok tunnel_fail=0 ib_fail=0
[watchdog] socks=CA gw=on ib=ok tunnel_fail=0 ib_fail=0
[watchdog] socks=CA gw=on ib=ok tunnel_fail=0 ib_fail=0
[watchdog] socks=CA gw=on ib=ok tunnel_fail=0 ib_fail=0
[watchdog] socks=CA gw=on ib=ok tunnel_fail=0 ib_fail=0
[watchdog] socks=CA gw=on ib=ok tunnel_fail=0 ib_fail=0
[watchdog] socks=CA gw=on ib=ok tunnel_fail=0 ib_fail=0
[watchdog] socks=CA gw=on ib=ok tunnel_fail=0 ib_fail=0
[watchdog] socks=CA gw=on ib=ok tunnel_fail=0 ib_fail=0
[watchdog] socks=CA gw=on ib=ok tunnel_fail=0 ib_fail=0
[watchdog] socks=CA gw=on ib=ok tunnel_fail=0 ib_fail=0
[watchdog] socks=CA gw=on ib=ok tunnel_fail=0 ib_fail=0
[watchdog] socks=CA gw=on ib=ok tunnel_fail=0 ib_fail=0
[watchdog] socks=CA gw=on ib=ok tunnel_fail=0 ib_fail=0
[watchdog] socks=CA gw=on ib=ok tunnel_fail=0 ib_fail=0
[watchdog] socks=CA gw=on ib=ok tunnel_fail=0 ib_fail=0
[watchdog] socks=CA gw=on ib=ok tunnel_fail=0 ib_fail=0
[watchdog] socks=CA gw=on ib=ok tunnel_fail=0 ib_fail=0
[watchdog] socks=CA gw=on ib=ok tunnel_fail=0 ib_fail=0
[ib_nav err] AttributeError: 'NoneType' object has no attribute 'accountSummary'
[watchdog] socks=无 gw=on ib=fail×1 tunnel_fail=1 ib_fail=1
[watchdog] socks=CA gw=on ib=ok tunnel_fail=0 ib_fail=0
[watchdog] socks=CA gw=on ib=ok tunnel_fail=0 ib_fail=0
[watchdog] socks=CA gw=on ib=ok tunnel_fail=0 ib_fail=0
[watchdog] socks=CA gw=on ib=ok tunnel_fail=0 ib_fail=0
[watchdog] socks=CA gw=on ib=ok tunnel_fail=0 ib_fail=0
[watchdog] socks=CA gw=on ib=ok tunnel_fail=0 ib_fail=0
[watchdog] socks=CA gw=on ib=ok tunnel_fail=0 ib_fail=0
[watchdog] socks=CA gw=on ib=ok tunnel_fail=0 ib_fail=0
[watchdog] socks=CA gw=on ib=ok tunnel_fail=0 ib_fail=0
[watchdog] socks=CA gw=on ib=ok tunnel_fail=0 ib_fail=0
[watchdog] socks=CA gw=on ib=ok tunnel_fail=0 ib_fail=0
[watchdog] socks=CA gw=on ib=ok tunnel_fail=0 ib_fail=0
[watchdog] socks=CA gw=on ib=ok tunnel_fail=0 ib_fail=0
[watchdog] socks=CA gw=on ib=ok tunnel_fail=0 ib_fail=0
[ib_nav err] AttributeError: 'NoneType' object has no attribute 'accountSummary'
[watchdog] socks=无 gw=on ib=fail×1 tunnel_fail=1 ib_fail=1
[watchdog] socks=CA gw=on ib=ok tunnel_fail=0 ib_fail=0
[watchdog] socks=CA gw=on ib=ok tunnel_fail=0 ib_fail=0
[watchdog] socks=CA gw=on ib=ok tunnel_fail=0 ib_fail=0
[watchdog] socks=CA gw=on ib=ok tunnel_fail=0 ib_fail=0
[watchdog] socks=CA gw=on ib=ok tunnel_fail=0 ib_fail=0
[watchdog] socks=CA gw=on ib=ok tunnel_fail=0 ib_fail=0
[watchdog] socks=CA gw=on ib=ok tunnel_fail=0 ib_fail=0
[watchdog] socks=CA gw=on ib=ok tunnel_fail=0 ib_fail=0
[watchdog] socks=CA gw=on ib=ok tunnel_fail=0 ib_fail=0
[watchdog] socks=CA gw=on ib=ok tunnel_fail=0 ib_fail=0
[watchdog] socks=CA gw=on ib=ok tunnel_fail=0 ib_fail=0
[watchdog] socks=CA gw=on ib=ok tunnel_fail=0 ib_fail=0
[watchdog] socks=CA gw=on ib=ok tunnel_fail=0 ib_fail=0
[watchdog] socks=CA gw=on ib=ok tunnel_fail=0 ib_fail=0
[watchdog] socks=CA gw=on ib=ok tunnel_fail=0 ib_fail=0
[watchdog] socks=CA gw=on ib=ok tunnel_fail=0 ib_fail=0
[watchdog] socks=CA gw=on ib=ok tunnel_fail=0 ib_fail=0
[watchdog] socks=CA gw=on ib=ok tunnel_fail=0 ib_fail=0
[watchdog] socks=CA gw=on ib=ok tunnel_fail=0 ib_fail=0
[watchdog] socks=CA gw=on ib=ok tunnel_fail=0 ib_fail=0
[watchdog] socks=CA gw=on ib=ok tunnel_fail=0 ib_fail=0
[watchdog] socks=CA gw=on ib=ok tunnel_fail=0 ib_fail=0
[watchdog] socks=CA gw=on ib=ok tunnel_fail=0 ib_fail=0
[watchdog] socks=CA gw=on ib=ok tunnel_fail=0 ib_fail=0
[watchdog] socks=CA gw=on ib=ok tunnel_fail=0 ib_fail=0
[watchdog] socks=CA gw=on ib=ok tunnel_fail=0 ib_fail=0
[watchdog] socks=CA gw=on ib=ok tunnel_fail=0 ib_fail=0
[watchdog] socks=CA gw=on ib=ok tunnel_fail=0 ib_fail=0
[watchdog] socks=CA gw=on ib=ok tunnel_fail=0 ib_fail=0
[watchdog] socks=CA gw=on ib=ok tunnel_fail=0 ib_fail=0
[watchdog] socks=CA gw=on ib=ok tunnel_fail=0 ib_fail=0
[watchdog] socks=CA gw=on ib=ok tunnel_fail=0 ib_fail=0
[watchdog] socks=CA gw=on ib=ok tunnel_fail=0 ib_fail=0
[watchdog] socks=CA gw=on ib=ok tunnel_fail=0 ib_fail=0
[watchdog] socks=CA gw=on ib=ok tunnel_fail=0 ib_fail=0
[watchdog] socks=CA gw=on ib=ok tunnel_fail=0 ib_fail=0
[watchdog] socks=CA gw=on ib=ok tunnel_fail=0 ib_fail=0
[watchdog] socks=CA gw=on ib=ok tunnel_fail=0 ib_fail=0
[watchdog] socks=CA gw=on ib=ok tunnel_fail=0 ib_fail=0
[watchdog] socks=CA gw=on ib=ok tunnel_fail=0 ib_fail=0
[watchdog] socks=CA gw=on ib=ok tunnel_fail=0 ib_fail=0
[watchdog] socks=CA gw=on ib=ok tunnel_fail=0 ib_fail=0
[watchdog] socks=CA gw=on ib=ok tunnel_fail=0 ib_fail=0
[watchdog] socks=CA gw=on ib=ok tunnel_fail=0 ib_fail=0
[watchdog] socks=CA gw=on ib=ok tunnel_fail=0 ib_fail=0
[watchdog] socks=CA gw=on ib=ok tunnel_fail=0 ib_fail=0
[watchdog] socks=CA gw=on ib=ok tunnel_fail=0 ib_fail=0
[watchdog] socks=CA gw=on ib=ok tunnel_fail=0 ib_fail=0
[watchdog] socks=CA gw=on ib=ok tunnel_fail=0 ib_fail=0
[watchdog] socks=CA gw=on ib=ok tunnel_fail=0 ib_fail=0
[ib_nav err] AttributeError: 'NoneType' object has no attribute 'accountSummary'
[watchdog] socks=无 gw=on ib=fail×1 tunnel_fail=1 ib_fail=1
[ib_nav err] AttributeError: 'NoneType' object has no attribute 'accountSummary'
[watchdog] socks=无 gw=on ib=fail×2 tunnel_fail=2 ib_fail=2
[ib_nav err] AttributeError: 'NoneType' object has no attribute 'accountSummary'
[watchdog] socks=无 gw=on ib=fail×3 tunnel_fail=3 ib_fail=3
[ib_nav err] AttributeError: 'NoneType' object has no attribute 'accountSummary'
[watchdog] socks=无 gw=on ib=fail×4 tunnel_fail=4 ib_fail=4
[ib_nav err] AttributeError: 'NoneType' object has no attribute 'accountSummary'
[watchdog] socks=无 gw=on ib=fail×5 tunnel_fail=5 ib_fail=5
[ib_nav err] AttributeError: 'NoneType' object has no attribute 'accountSummary'
[watchdog] socks=无 gw=on ib=fail×6 tunnel_fail=6 ib_fail=6
[ib_nav err] AttributeError: 'NoneType' object has no attribute 'accountSummary'
[watchdog] socks=无 gw=on ib=fail×7 tunnel_fail=7 ib_fail=7
[ib_nav err] AttributeError: 'NoneType' object has no attribute 'accountSummary'
[watchdog] socks=无 gw=on ib=fail×8 tunnel_fail=8 ib_fail=8
[ib_nav err] AttributeError: 'NoneType' object has no attribute 'accountSummary'
[watchdog] socks=无 gw=on ib=fail×9 tunnel_fail=9 ib_fail=9
[ib_nav err] AttributeError: 'NoneType' object has no attribute 'accountSummary'
[watchdog] socks=无 gw=on ib=fail×10 tunnel_fail=10 ib_fail=10
[ib_nav err] AttributeError: 'NoneType' object has no attribute 'accountSummary'
[watchdog] socks=无 gw=on ib=fail×11 tunnel_fail=11 ib_fail=11
[ib_nav err] AttributeError: 'NoneType' object has no attribute 'accountSummary'
[watchdog] socks=无 gw=on ib=fail×12 tunnel_fail=12 ib_fail=12
[ib_nav err] AttributeError: 'NoneType' object has no attribute 'accountSummary'
[watchdog] socks=无 gw=on ib=fail×13 tunnel_fail=13 ib_fail=13
[ib_nav err] AttributeError: 'NoneType' object has no attribute 'accountSummary'
[watchdog] socks=无 gw=on ib=fail×14 tunnel_fail=14 ib_fail=14
[ib_nav err] AttributeError: 'NoneType' object has no attribute 'accountSummary'
[watchdog] socks=无 gw=on ib=fail×15 tunnel_fail=15 ib_fail=15
[ib_nav err] AttributeError: 'NoneType' object has no attribute 'accountSummary'
[watchdog] socks=无 gw=on ib=fail×16 tunnel_fail=16 ib_fail=16
[ib_nav err] AttributeError: 'NoneType' object has no attribute 'accountSummary'
[watchdog] socks=无 gw=on ib=fail×17 tunnel_fail=17 ib_fail=17
[ib_nav err] AttributeError: 'NoneType' object has no attribute 'accountSummary'
[watchdog] socks=无 gw=on ib=fail×18 tunnel_fail=18 ib_fail=18
[ib_nav err] AttributeError: 'NoneType' object has no attribute 'accountSummary'
[watchdog] socks=无 gw=on ib=fail×19 tunnel_fail=19 ib_fail=19
[ib_nav err] AttributeError: 'NoneType' object has no attribute 'accountSummary'
[watchdog] socks=无 gw=on ib=fail×20 tunnel_fail=20 ib_fail=20
[ib_nav err] AttributeError: 'NoneType' object has no attribute 'accountSummary'
[watchdog] socks=无 gw=on ib=fail×21 tunnel_fail=21 ib_fail=21
[ib_nav err] AttributeError: 'NoneType' object has no attribute 'accountSummary'
[watchdog] socks=无 gw=on ib=fail×22 tunnel_fail=22 ib_fail=22
[ib_nav err] AttributeError: 'NoneType' object has no attribute 'accountSummary'
[watchdog] socks=无 gw=on ib=fail×23 tunnel_fail=23 ib_fail=23
[ib_nav err] AttributeError: 'NoneType' object has no attribute 'accountSummary'
[watchdog] socks=无 gw=on ib=fail×24 tunnel_fail=24 ib_fail=24
[ib_nav err] AttributeError: 'NoneType' object has no attribute 'accountSummary'
[watchdog] socks=无 gw=on ib=fail×25 tunnel_fail=25 ib_fail=25
[ib_nav err] AttributeError: 'NoneType' object has no attribute 'accountSummary'
[watchdog] socks=无 gw=on ib=fail×26 tunnel_fail=26 ib_fail=26
[ib_nav err] AttributeError: 'NoneType' object has no attribute 'accountSummary'
[watchdog] socks=无 gw=on ib=fail×27 tunnel_fail=27 ib_fail=27
[ib_nav err] AttributeError: 'NoneType' object has no attribute 'accountSummary'
[watchdog] socks=无 gw=on ib=fail×28 tunnel_fail=28 ib_fail=28
[ib_nav err] AttributeError: 'NoneType' object has no attribute 'accountSummary'
[watchdog] socks=无 gw=on ib=fail×29 tunnel_fail=29 ib_fail=29
[ib_nav err] AttributeError: 'NoneType' object has no attribute 'accountSummary'
[watchdog] socks=无 gw=on ib=fail×30 tunnel_fail=30 ib_fail=30
[ib_nav err] AttributeError: 'NoneType' object has no attribute 'accountSummary'
[watchdog] socks=无 gw=on ib=fail×31 tunnel_fail=31 ib_fail=31
[ib_nav err] AttributeError: 'NoneType' object has no attribute 'accountSummary'
[watchdog] socks=无 gw=on ib=fail×32 tunnel_fail=32 ib_fail=32
[ib_nav err] AttributeError: 'NoneType' object has no attribute 'accountSummary'
[watchdog] socks=无 gw=on ib=fail×33 tunnel_fail=33 ib_fail=33
[ib_nav err] AttributeError: 'NoneType' object has no attribute 'accountSummary'
[watchdog] socks=无 gw=on ib=fail×34 tunnel_fail=34 ib_fail=34
[ib_nav err] AttributeError: 'NoneType' object has no attribute 'accountSummary'
[watchdog] socks=无 gw=on ib=fail×35 tunnel_fail=35 ib_fail=35
[ib_nav err] AttributeError: 'NoneType' object has no attribute 'accountSummary'
[watchdog] socks=无 gw=on ib=fail×36 tunnel_fail=36 ib_fail=36
[ib_nav err] AttributeError: 'NoneType' object has no attribute 'accountSummary'
[watchdog] socks=无 gw=on ib=fail×37 tunnel_fail=37 ib_fail=37
[ib_nav err] AttributeError: 'NoneType' object has no attribute 'accountSummary'
[watchdog] socks=无 gw=on ib=fail×38 tunnel_fail=38 ib_fail=38
[ib_nav err] AttributeError: 'NoneType' object has no attribute 'accountSummary'
[watchdog] socks=无 gw=on ib=fail×39 tunnel_fail=39 ib_fail=39
[ib_nav err] AttributeError: 'NoneType' object has no attribute 'accountSummary'
[watchdog] socks=无 gw=on ib=fail×40 tunnel_fail=40 ib_fail=40
[ib_nav err] AttributeError: 'NoneType' object has no attribute 'accountSummary'
[watchdog] socks=无 gw=on ib=fail×41 tunnel_fail=41 ib_fail=41
[ib_nav err] AttributeError: 'NoneType' object has no attribute 'accountSummary'
[watchdog] socks=无 gw=on ib=fail×42 tunnel_fail=42 ib_fail=42
[ib_nav err] AttributeError: 'NoneType' object has no attribute 'accountSummary'
[watchdog] socks=无 gw=on ib=fail×43 tunnel_fail=43 ib_fail=43
[ib_nav err] AttributeError: 'NoneType' object has no attribute 'accountSummary'
[watchdog] socks=无 gw=on ib=fail×44 tunnel_fail=44 ib_fail=44
[ib_nav err] AttributeError: 'NoneType' object has no attribute 'accountSummary'
[watchdog] socks=无 gw=on ib=fail×45 tunnel_fail=45 ib_fail=45
[ib_nav err] AttributeError: 'NoneType' object has no attribute 'accountSummary'
[watchdog] socks=无 gw=on ib=fail×46 tunnel_fail=46 ib_fail=46
[ib_nav err] AttributeError: 'NoneType' object has no attribute 'accountSummary'
[watchdog] socks=无 gw=on ib=fail×47 tunnel_fail=47 ib_fail=47
[ib_nav err] AttributeError: 'NoneType' object has no attribute 'accountSummary'
[watchdog] socks=无 gw=on ib=fail×48 tunnel_fail=48 ib_fail=48
[ib_nav err] AttributeError: 'NoneType' object has no attribute 'accountSummary'
[watchdog] socks=无 gw=on ib=fail×49 tunnel_fail=49 ib_fail=49
[ib_nav err] AttributeError: 'NoneType' object has no attribute 'accountSummary'
[watchdog] socks=无 gw=on ib=fail×50 tunnel_fail=50 ib_fail=50
[ib_nav err] AttributeError: 'NoneType' object has no attribute 'accountSummary'
[watchdog] socks=无 gw=on ib=fail×51 tunnel_fail=51 ib_fail=51
[ib_nav err] AttributeError: 'NoneType' object has no attribute 'accountSummary'
[watchdog] socks=无 gw=on ib=fail×52 tunnel_fail=52 ib_fail=52
[ib_nav err] AttributeError: 'NoneType' object has no attribute 'accountSummary'
[watchdog] socks=无 gw=on ib=fail×53 tunnel_fail=53 ib_fail=53
[watchdog] socks=无 gw=off ib=n/a tunnel_fail=54 ib_fail=53
[watchdog] socks=无 gw=off ib=n/a tunnel_fail=55 ib_fail=53
[watchdog] socks=无 gw=off ib=n/a tunnel_fail=56 ib_fail=53
[watchdog] socks=无 gw=off ib=n/a tunnel_fail=57 ib_fail=53
[watchdog] socks=无 gw=off ib=n/a tunnel_fail=58 ib_fail=53
[watchdog] socks=无 gw=off ib=n/a tunnel_fail=59 ib_fail=53
[watchdog] socks=无 gw=off ib=n/a tunnel_fail=60 ib_fail=53
[watchdog] socks=无 gw=off ib=n/a tunnel_fail=61 ib_fail=53
[watchdog] socks=无 gw=off ib=n/a tunnel_fail=62 ib_fail=53
[watchdog] socks=无 gw=off ib=n/a tunnel_fail=63 ib_fail=53
[watchdog] socks=无 gw=off ib=n/a tunnel_fail=64 ib_fail=53
[watchdog] socks=无 gw=off ib=n/a tunnel_fail=65 ib_fail=53
[watchdog] socks=无 gw=off ib=n/a tunnel_fail=66 ib_fail=53
[watchdog] socks=无 gw=off ib=n/a tunnel_fail=67 ib_fail=53
[watchdog] socks=无 gw=off ib=n/a tunnel_fail=68 ib_fail=53
[watchdog] socks=无 gw=off ib=n/a tunnel_fail=69 ib_fail=53
[watchdog] socks=无 gw=off ib=n/a tunnel_fail=70 ib_fail=53
[watchdog] socks=无 gw=off ib=n/a tunnel_fail=71 ib_fail=53
[watchdog] socks=无 gw=off ib=n/a tunnel_fail=72 ib_fail=53
[watchdog] socks=无 gw=off ib=n/a tunnel_fail=73 ib_fail=53
[watchdog] socks=无 gw=off ib=n/a tunnel_fail=74 ib_fail=53
[watchdog] socks=无 gw=off ib=n/a tunnel_fail=75 ib_fail=53
[watchdog] socks=无 gw=off ib=n/a tunnel_fail=76 ib_fail=53
[watchdog] socks=无 gw=off ib=n/a tunnel_fail=77 ib_fail=53
[watchdog] socks=无 gw=off ib=n/a tunnel_fail=78 ib_fail=53
[watchdog] socks=无 gw=off ib=n/a tunnel_fail=79 ib_fail=53
[watchdog] socks=无 gw=off ib=n/a tunnel_fail=80 ib_fail=53
[watchdog] socks=无 gw=off ib=n/a tunnel_fail=81 ib_fail=53
[watchdog] socks=无 gw=off ib=n/a tunnel_fail=82 ib_fail=53
[watchdog] socks=无 gw=off ib=n/a tunnel_fail=83 ib_fail=53
[watchdog] socks=无 gw=off ib=n/a tunnel_fail=84 ib_fail=53
[watchdog] socks=无 gw=off ib=n/a tunnel_fail=85 ib_fail=53
[watchdog] socks=无 gw=off ib=n/a tunnel_fail=86 ib_fail=53
[watchdog] socks=无 gw=off ib=n/a tunnel_fail=87 ib_fail=53
[watchdog] socks=无 gw=off ib=n/a tunnel_fail=88 ib_fail=53
[watchdog] socks=无 gw=off ib=n/a tunnel_fail=89 ib_fail=53
[watchdog] socks=无 gw=off ib=n/a tunnel_fail=90 ib_fail=53
[watchdog] socks=无 gw=off ib=n/a tunnel_fail=91 ib_fail=53
[watchdog] socks=无 gw=off ib=n/a tunnel_fail=92 ib_fail=53
[watchdog] socks=无 gw=off ib=n/a tunnel_fail=93 ib_fail=53
[watchdog] socks=无 gw=off ib=n/a tunnel_fail=94 ib_fail=53
[watchdog] socks=无 gw=off ib=n/a tunnel_fail=95 ib_fail=53
[watchdog] socks=无 gw=off ib=n/a tunnel_fail=96 ib_fail=53
[watchdog] socks=无 gw=off ib=n/a tunnel_fail=97 ib_fail=53
[watchdog] socks=无 gw=off ib=n/a tunnel_fail=98 ib_fail=53
[watchdog] socks=无 gw=off ib=n/a tunnel_fail=99 ib_fail=53
[watchdog] socks=无 gw=off ib=n/a tunnel_fail=100 ib_fail=53
[watchdog] socks=无 gw=off ib=n/a tunnel_fail=101 ib_fail=53
[watchdog] socks=无 gw=off ib=n/a tunnel_fail=102 ib_fail=53
[watchdog] socks=无 gw=off ib=n/a tunnel_fail=103 ib_fail=53
[watchdog] socks=无 gw=off ib=n/a tunnel_fail=104 ib_fail=53
[watchdog] socks=无 gw=off ib=n/a tunnel_fail=105 ib_fail=53
[watchdog] socks=无 gw=off ib=n/a tunnel_fail=106 ib_fail=53
[watchdog] socks=无 gw=off ib=n/a tunnel_fail=107 ib_fail=53
[watchdog] socks=无 gw=off ib=n/a tunnel_fail=108 ib_fail=53
[watchdog] socks=无 gw=off ib=n/a tunnel_fail=109 ib_fail=53
[watchdog] socks=无 gw=off ib=n/a tunnel_fail=110 ib_fail=53
[watchdog] socks=无 gw=off ib=n/a tunnel_fail=111 ib_fail=53
[watchdog] socks=无 gw=off ib=n/a tunnel_fail=112 ib_fail=53
[watchdog] socks=无 gw=off ib=n/a tunnel_fail=113 ib_fail=53
[watchdog] socks=无 gw=off ib=n/a tunnel_fail=114 ib_fail=53
[watchdog] socks=无 gw=off ib=n/a tunnel_fail=115 ib_fail=53
[watchdog] socks=无 gw=off ib=n/a tunnel_fail=116 ib_fail=53
[watchdog] socks=无 gw=off ib=n/a tunnel_fail=117 ib_fail=53
[watchdog] socks=无 gw=off ib=n/a tunnel_fail=118 ib_fail=53
[watchdog] socks=无 gw=off ib=n/a tunnel_fail=119 ib_fail=53
[watchdog] socks=无 gw=off ib=n/a tunnel_fail=120 ib_fail=53
[watchdog] socks=无 gw=off ib=n/a tunnel_fail=121 ib_fail=53
[watchdog] socks=无 gw=off ib=n/a tunnel_fail=122 ib_fail=53
[watchdog] socks=无 gw=off ib=n/a tunnel_fail=123 ib_fail=53
[watchdog] socks=无 gw=off ib=n/a tunnel_fail=124 ib_fail=53
[watchdog] socks=无 gw=off ib=n/a tunnel_fail=125 ib_fail=53
[watchdog] socks=无 gw=off ib=n/a tunnel_fail=126 ib_fail=53
[watchdog] socks=无 gw=off ib=n/a tunnel_fail=127 ib_fail=53
[watchdog] socks=无 gw=off ib=n/a tunnel_fail=128 ib_fail=53
[watchdog] socks=无 gw=off ib=n/a tunnel_fail=129 ib_fail=53
[watchdog] socks=无 gw=off ib=n/a tunnel_fail=130 ib_fail=53
[watchdog] socks=无 gw=off ib=n/a tunnel_fail=131 ib_fail=53
[watchdog] socks=无 gw=off ib=n/a tunnel_fail=132 ib_fail=53
[watchdog] socks=无 gw=off ib=n/a tunnel_fail=133 ib_fail=53
[watchdog] socks=无 gw=off ib=n/a tunnel_fail=134 ib_fail=53
[watchdog] socks=无 gw=off ib=n/a tunnel_fail=135 ib_fail=53
[watchdog] socks=无 gw=off ib=n/a tunnel_fail=136 ib_fail=53
[watchdog] socks=无 gw=off ib=n/a tunnel_fail=137 ib_fail=53
[watchdog] socks=无 gw=off ib=n/a tunnel_fail=138 ib_fail=53
[watchdog] socks=无 gw=off ib=n/a tunnel_fail=139 ib_fail=53
[watchdog] socks=无 gw=off ib=n/a tunnel_fail=140 ib_fail=53
[watchdog] socks=无 gw=off ib=n/a tunnel_fail=141 ib_fail=53
[watchdog] socks=无 gw=off ib=n/a tunnel_fail=142 ib_fail=53
[watchdog] socks=无 gw=off ib=n/a tunnel_fail=143 ib_fail=53
[watchdog] socks=无 gw=off ib=n/a tunnel_fail=144 ib_fail=53
[watchdog] socks=无 gw=off ib=n/a tunnel_fail=145 ib_fail=53
[watchdog] socks=无 gw=off ib=n/a tunnel_fail=146 ib_fail=53
[watchdog] socks=无 gw=off ib=n/a tunnel_fail=147 ib_fail=53
[watchdog] socks=无 gw=off ib=n/a tunnel_fail=148 ib_fail=53
[watchdog] socks=无 gw=off ib=n/a tunnel_fail=149 ib_fail=53
[watchdog] socks=无 gw=off ib=n/a tunnel_fail=150 ib_fail=53
[watchdog] socks=无 gw=off ib=n/a tunnel_fail=151 ib_fail=53
[watchdog] socks=无 gw=off ib=n/a tunnel_fail=152 ib_fail=53
[watchdog] socks=无 gw=off ib=n/a tunnel_fail=153 ib_fail=53
[watchdog] socks=无 gw=off ib=n/a tunnel_fail=154 ib_fail=53
[watchdog] socks=无 gw=off ib=n/a tunnel_fail=155 ib_fail=53
[watchdog] socks=无 gw=off ib=n/a tunnel_fail=156 ib_fail=53
[watchdog] socks=无 gw=off ib=n/a tunnel_fail=157 ib_fail=53
[watchdog] socks=无 gw=off ib=n/a tunnel_fail=158 ib_fail=53
[watchdog] socks=无 gw=off ib=n/a tunnel_fail=159 ib_fail=53
[watchdog] socks=无 gw=off ib=n/a tunnel_fail=160 ib_fail=53
[watchdog] socks=无 gw=off ib=n/a tunnel_fail=161 ib_fail=53
[watchdog] socks=无 gw=off ib=n/a tunnel_fail=162 ib_fail=53
[watchdog] socks=无 gw=off ib=n/a tunnel_fail=163 ib_fail=53
[watchdog] socks=无 gw=off ib=n/a tunnel_fail=164 ib_fail=53
[watchdog] socks=无 gw=off ib=n/a tunnel_fail=165 ib_fail=53
[watchdog] socks=无 gw=off ib=n/a tunnel_fail=166 ib_fail=53
[watchdog] socks=无 gw=off ib=n/a tunnel_fail=167 ib_fail=53
[watchdog] socks=无 gw=off ib=n/a tunnel_fail=168 ib_fail=53
[watchdog] socks=无 gw=off ib=n/a tunnel_fail=169 ib_fail=53
[watchdog] socks=无 gw=off ib=n/a tunnel_fail=170 ib_fail=53
[watchdog] socks=无 gw=off ib=n/a tunnel_fail=171 ib_fail=53
[watchdog] socks=无 gw=off ib=n/a tunnel_fail=172 ib_fail=53
[watchdog] socks=无 gw=off ib=n/a tunnel_fail=173 ib_fail=53
[watchdog] socks=无 gw=off ib=n/a tunnel_fail=174 ib_fail=53
[watchdog] socks=无 gw=off ib=n/a tunnel_fail=175 ib_fail=53
[watchdog] socks=无 gw=off ib=n/a tunnel_fail=176 ib_fail=53
[watchdog] socks=无 gw=off ib=n/a tunnel_fail=177 ib_fail=53
[watchdog] socks=无 gw=off ib=n/a tunnel_fail=178 ib_fail=53
[watchdog] socks=无 gw=off ib=n/a tunnel_fail=179 ib_fail=53
[watchdog] socks=无 gw=off ib=n/a tunnel_fail=180 ib_fail=53
[watchdog] socks=无 gw=off ib=n/a tunnel_fail=181 ib_fail=53
[watchdog] socks=无 gw=off ib=n/a tunnel_fail=182 ib_fail=53
[watchdog] socks=无 gw=off ib=n/a tunnel_fail=183 ib_fail=53
[watchdog] socks=无 gw=off ib=n/a tunnel_fail=184 ib_fail=53
[watchdog] socks=无 gw=off ib=n/a tunnel_fail=185 ib_fail=53
[watchdog] socks=无 gw=off ib=n/a tunnel_fail=186 ib_fail=53
[watchdog] socks=无 gw=off ib=n/a tunnel_fail=187 ib_fail=53
[watchdog] socks=无 gw=off ib=n/a tunnel_fail=188 ib_fail=53
[watchdog] socks=无 gw=off ib=n/a tunnel_fail=189 ib_fail=53
[watchdog] socks=无 gw=off ib=n/a tunnel_fail=190 ib_fail=53
[watchdog] socks=无 gw=off ib=n/a tunnel_fail=191 ib_fail=53
[watchdog] socks=无 gw=off ib=n/a tunnel_fail=192 ib_fail=53
[watchdog] socks=无 gw=off ib=n/a tunnel_fail=193 ib_fail=53
[watchdog] socks=无 gw=off ib=n/a tunnel_fail=194 ib_fail=53
[watchdog] socks=无 gw=off ib=n/a tunnel_fail=195 ib_fail=53
[watchdog] socks=无 gw=off ib=n/a tunnel_fail=196 ib_fail=53
[watchdog] socks=无 gw=off ib=n/a tunnel_fail=197 ib_fail=53
[watchdog] socks=无 gw=off ib=n/a tunnel_fail=198 ib_fail=53
[watchdog] socks=无 gw=off ib=n/a tunnel_fail=199 ib_fail=53
[watchdog] socks=无 gw=off ib=n/a tunnel_fail=200 ib_fail=53
[watchdog] socks=无 gw=off ib=n/a tunnel_fail=201 ib_fail=53
[watchdog] socks=无 gw=off ib=n/a tunnel_fail=202 ib_fail=53
[watchdog] socks=无 gw=off ib=n/a tunnel_fail=203 ib_fail=53
[watchdog] socks=无 gw=off ib=n/a tunnel_fail=204 ib_fail=53
[watchdog] socks=无 gw=off ib=n/a tunnel_fail=205 ib_fail=53
[watchdog] socks=无 gw=off ib=n/a tunnel_fail=206 ib_fail=53
[watchdog] socks=无 gw=off ib=n/a tunnel_fail=207 ib_fail=53
[watchdog] socks=无 gw=off ib=n/a tunnel_fail=208 ib_fail=53
[watchdog] socks=无 gw=off ib=n/a tunnel_fail=209 ib_fail=53
[watchdog] socks=无 gw=off ib=n/a tunnel_fail=210 ib_fail=53
[watchdog] socks=无 gw=off ib=n/a tunnel_fail=211 ib_fail=53
[watchdog] socks=无 gw=off ib=n/a tunnel_fail=212 ib_fail=53
[watchdog] socks=无 gw=off ib=n/a tunnel_fail=213 ib_fail=53
[watchdog] socks=无 gw=off ib=n/a tunnel_fail=214 ib_fail=53
[watchdog] socks=无 gw=off ib=n/a tunnel_fail=215 ib_fail=53
[watchdog] socks=无 gw=off ib=n/a tunnel_fail=216 ib_fail=53
[watchdog] socks=无 gw=off ib=n/a tunnel_fail=217 ib_fail=53
[watchdog] socks=无 gw=off ib=n/a tunnel_fail=218 ib_fail=53
[watchdog] socks=无 gw=off ib=n/a tunnel_fail=219 ib_fail=53
[watchdog] socks=无 gw=off ib=n/a tunnel_fail=220 ib_fail=53
[watchdog] socks=无 gw=off ib=n/a tunnel_fail=221 ib_fail=53
[watchdog] socks=无 gw=off ib=n/a tunnel_fail=222 ib_fail=53
[watchdog] socks=无 gw=off ib=n/a tunnel_fail=223 ib_fail=53
[watchdog] socks=无 gw=off ib=n/a tunnel_fail=224 ib_fail=53
[watchdog] socks=无 gw=off ib=n/a tunnel_fail=225 ib_fail=53
[watchdog] socks=无 gw=off ib=n/a tunnel_fail=226 ib_fail=53
[watchdog] socks=无 gw=off ib=n/a tunnel_fail=227 ib_fail=53
[watchdog] socks=无 gw=off ib=n/a tunnel_fail=228 ib_fail=53
[watchdog] socks=无 gw=off ib=n/a tunnel_fail=229 ib_fail=53
[watchdog] socks=无 gw=off ib=n/a tunnel_fail=230 ib_fail=53
[watchdog] socks=无 gw=off ib=n/a tunnel_fail=231 ib_fail=53
[watchdog] socks=无 gw=off ib=n/a tunnel_fail=232 ib_fail=53
[watchdog] socks=无 gw=off ib=n/a tunnel_fail=233 ib_fail=53
[watchdog] socks=无 gw=off ib=n/a tunnel_fail=234 ib_fail=53
[watchdog] socks=无 gw=off ib=n/a tunnel_fail=235 ib_fail=53
[watchdog] socks=无 gw=off ib=n/a tunnel_fail=236 ib_fail=53
[watchdog] socks=无 gw=off ib=n/a tunnel_fail=237 ib_fail=53
[watchdog] socks=无 gw=off ib=n/a tunnel_fail=238 ib_fail=53
[watchdog] socks=无 gw=off ib=n/a tunnel_fail=239 ib_fail=53
[watchdog] socks=无 gw=off ib=n/a tunnel_fail=240 ib_fail=53
[watchdog] socks=无 gw=off ib=n/a tunnel_fail=241 ib_fail=53
[watchdog] socks=无 gw=off ib=n/a tunnel_fail=242 ib_fail=53
[watchdog] socks=无 gw=off ib=n/a tunnel_fail=243 ib_fail=53
[watchdog] socks=无 gw=off ib=n/a tunnel_fail=244 ib_fail=53
[watchdog] socks=无 gw=off ib=n/a tunnel_fail=245 ib_fail=53
[watchdog] socks=无 gw=off ib=n/a tunnel_fail=246 ib_fail=53
[watchdog] socks=无 gw=off ib=n/a tunnel_fail=247 ib_fail=53
[watchdog] socks=无 gw=off ib=n/a tunnel_fail=248 ib_fail=53
[watchdog] socks=无 gw=off ib=n/a tunnel_fail=249 ib_fail=53
[watchdog] socks=无 gw=off ib=n/a tunnel_fail=250 ib_fail=53
[watchdog] socks=无 gw=off ib=n/a tunnel_fail=251 ib_fail=53
[watchdog] socks=无 gw=off ib=n/a tunnel_fail=252 ib_fail=53
[watchdog] socks=无 gw=off ib=n/a tunnel_fail=253 ib_fail=53
[watchdog] socks=无 gw=off ib=n/a tunnel_fail=254 ib_fail=53
[watchdog] socks=无 gw=off ib=n/a tunnel_fail=255 ib_fail=53
[watchdog] socks=无 gw=off ib=n/a tunnel_fail=256 ib_fail=53
[watchdog] socks=无 gw=off ib=n/a tunnel_fail=257 ib_fail=53
[watchdog] socks=无 gw=off ib=n/a tunnel_fail=258 ib_fail=53
[watchdog] socks=无 gw=off ib=n/a tunnel_fail=259 ib_fail=53
[watchdog] socks=无 gw=off ib=n/a tunnel_fail=260 ib_fail=53
[watchdog] socks=无 gw=off ib=n/a tunnel_fail=261 ib_fail=53
[watchdog] socks=无 gw=off ib=n/a tunnel_fail=262 ib_fail=53
[watchdog] socks=无 gw=off ib=n/a tunnel_fail=263 ib_fail=53
[watchdog] socks=无 gw=off ib=n/a tunnel_fail=264 ib_fail=53
[watchdog] socks=无 gw=off ib=n/a tunnel_fail=265 ib_fail=53
[watchdog] socks=无 gw=off ib=n/a tunnel_fail=266 ib_fail=53
[watchdog] socks=无 gw=off ib=n/a tunnel_fail=267 ib_fail=53
[watchdog] socks=无 gw=off ib=n/a tunnel_fail=268 ib_fail=53
[watchdog] socks=无 gw=off ib=n/a tunnel_fail=269 ib_fail=53
[watchdog] socks=无 gw=off ib=n/a tunnel_fail=270 ib_fail=53
[watchdog] socks=无 gw=off ib=n/a tunnel_fail=271 ib_fail=53
[watchdog] socks=无 gw=off ib=n/a tunnel_fail=272 ib_fail=53
[watchdog] socks=无 gw=off ib=n/a tunnel_fail=273 ib_fail=53
[watchdog] socks=无 gw=off ib=n/a tunnel_fail=274 ib_fail=53
[watchdog] socks=无 gw=off ib=n/a tunnel_fail=275 ib_fail=53
[watchdog] socks=无 gw=off ib=n/a tunnel_fail=276 ib_fail=53
[watchdog] socks=CA gw=off ib=n/a tunnel_fail=0 ib_fail=53
[watchdog] socks=CA gw=on ib=ok tunnel_fail=0 ib_fail=0
[watchdog] socks=CA gw=on ib=ok tunnel_fail=0 ib_fail=0
[watchdog] socks=CA gw=on ib=ok tunnel_fail=0 ib_fail=0
[watchdog] socks=CA gw=on ib=ok tunnel_fail=0 ib_fail=0
[watchdog] socks=CA gw=on ib=ok tunnel_fail=0 ib_fail=0
[watchdog] socks=CA gw=on ib=ok tunnel_fail=0 ib_fail=0
[watchdog] socks=CA gw=on ib=ok tunnel_fail=0 ib_fail=0
[watchdog] socks=CA gw=on ib=ok tunnel_fail=0 ib_fail=0
[watchdog] socks=CA gw=on ib=ok tunnel_fail=0 ib_fail=0
[watchdog] socks=CA gw=on ib=ok tunnel_fail=0 ib_fail=0
[watchdog] socks=CA gw=on ib=ok tunnel_fail=0 ib_fail=0
[watchdog] socks=CA gw=on ib=ok tunnel_fail=0 ib_fail=0
[watchdog] socks=CA gw=on ib=ok tunnel_fail=0 ib_fail=0
[watchdog] socks=CA gw=on ib=ok tunnel_fail=0 ib_fail=0
[watchdog] socks=CA gw=on ib=ok tunnel_fail=0 ib_fail=0
[watchdog] socks=CA gw=on ib=ok tunnel_fail=0 ib_fail=0
[watchdog] socks=CA gw=on ib=ok tunnel_fail=0 ib_fail=0
[watchdog] socks=CA gw=on ib=ok tunnel_fail=0 ib_fail=0
[watchdog] socks=CA gw=on ib=ok tunnel_fail=0 ib_fail=0
[watchdog] socks=CA gw=on ib=ok tunnel_fail=0 ib_fail=0
[watchdog] socks=CA gw=on ib=ok tunnel_fail=0 ib_fail=0
[watchdog] socks=CA gw=on ib=ok tunnel_fail=0 ib_fail=0
[watchdog] socks=CA gw=on ib=ok tunnel_fail=0 ib_fail=0
[watchdog] socks=CA gw=on ib=ok tunnel_fail=0 ib_fail=0
[watchdog] socks=CA gw=on ib=ok tunnel_fail=0 ib_fail=0
[watchdog] socks=CA gw=on ib=ok tunnel_fail=0 ib_fail=0
[watchdog] socks=CA gw=on ib=ok tunnel_fail=0 ib_fail=0
[watchdog] socks=CA gw=on ib=ok tunnel_fail=0 ib_fail=0
[watchdog] socks=CA gw=on ib=ok tunnel_fail=0 ib_fail=0
[watchdog] socks=CA gw=on ib=ok tunnel_fail=0 ib_fail=0
[watchdog] socks=CA gw=on ib=ok tunnel_fail=0 ib_fail=0
[watchdog] socks=CA gw=on ib=ok tunnel_fail=0 ib_fail=0
[watchdog] socks=CA gw=on ib=ok tunnel_fail=0 ib_fail=0
[watchdog] socks=CA gw=on ib=ok tunnel_fail=0 ib_fail=0
[watchdog] socks=CA gw=on ib=ok tunnel_fail=0 ib_fail=0
[watchdog] socks=CA gw=on ib=ok tunnel_fail=0 ib_fail=0
[watchdog] socks=CA gw=on ib=ok tunnel_fail=0 ib_fail=0
[watchdog] socks=CA gw=on ib=ok tunnel_fail=0 ib_fail=0
[watchdog] socks=CA gw=on ib=ok tunnel_fail=0 ib_fail=0
[watchdog] socks=CA gw=on ib=ok tunnel_fail=0 ib_fail=0
[watchdog] socks=CA gw=on ib=ok tunnel_fail=0 ib_fail=0
[watchdog] socks=CA gw=on ib=ok tunnel_fail=0 ib_fail=0
[watchdog] socks=CA gw=on ib=ok tunnel_fail=0 ib_fail=0
[watchdog] socks=CA gw=on ib=ok tunnel_fail=0 ib_fail=0
[watchdog] socks=CA gw=on ib=ok tunnel_fail=0 ib_fail=0
[watchdog] socks=CA gw=on ib=ok tunnel_fail=0 ib_fail=0
[watchdog] socks=CA gw=on ib=ok tunnel_fail=0 ib_fail=0
[watchdog] socks=CA gw=on ib=ok tunnel_fail=0 ib_fail=0
[watchdog] socks=CA gw=on ib=ok tunnel_fail=0 ib_fail=0
[watchdog] socks=CA gw=on ib=ok tunnel_fail=0 ib_fail=0
[watchdog] socks=CA gw=on ib=ok tunnel_fail=0 ib_fail=0
[watchdog] socks=CA gw=on ib=ok tunnel_fail=0 ib_fail=0
[watchdog] socks=CA gw=on ib=ok tunnel_fail=0 ib_fail=0
[watchdog] socks=CA gw=on ib=ok tunnel_fail=0 ib_fail=0
[watchdog] socks=CA gw=on ib=ok tunnel_fail=0 ib_fail=0
[watchdog] socks=CA gw=on ib=ok tunnel_fail=0 ib_fail=0
[watchdog] socks=CA gw=on ib=ok tunnel_fail=0 ib_fail=0
[watchdog] socks=CA gw=on ib=ok tunnel_fail=0 ib_fail=0
[watchdog] socks=CA gw=on ib=ok tunnel_fail=0 ib_fail=0
[watchdog] socks=CA gw=on ib=ok tunnel_fail=0 ib_fail=0
[watchdog] socks=CA gw=on ib=ok tunnel_fail=0 ib_fail=0
[watchdog] socks=CA gw=on ib=ok tunnel_fail=0 ib_fail=0
[watchdog] socks=CA gw=on ib=ok tunnel_fail=0 ib_fail=0
[watchdog] socks=CA gw=on ib=ok tunnel_fail=0 ib_fail=0
[watchdog] socks=CA gw=on ib=ok tunnel_fail=0 ib_fail=0
[watchdog] socks=CA gw=on ib=ok tunnel_fail=0 ib_fail=0
[watchdog] socks=CA gw=on ib=ok tunnel_fail=0 ib_fail=0
[watchdog] socks=CA gw=on ib=ok tunnel_fail=0 ib_fail=0
[watchdog] socks=CA gw=on ib=ok tunnel_fail=0 ib_fail=0
[watchdog] socks=CA gw=on ib=ok tunnel_fail=0 ib_fail=0
[watchdog] socks=CA gw=on ib=ok tunnel_fail=0 ib_fail=0
[watchdog] socks=CA gw=on ib=ok tunnel_fail=0 ib_fail=0
[watchdog] socks=CA gw=on ib=ok tunnel_fail=0 ib_fail=0
[watchdog] socks=CA gw=on ib=ok tunnel_fail=0 ib_fail=0
[watchdog] socks=CA gw=on ib=ok tunnel_fail=0 ib_fail=0
[watchdog] socks=CA gw=on ib=ok tunnel_fail=0 ib_fail=0
[watchdog] socks=CA gw=on ib=ok tunnel_fail=0 ib_fail=0
[watchdog] socks=CA gw=on ib=ok tunnel_fail=0 ib_fail=0
[watchdog] socks=CA gw=on ib=ok tunnel_fail=0 ib_fail=0
[watchdog] socks=CA gw=on ib=ok tunnel_fail=0 ib_fail=0
[watchdog] socks=CA gw=on ib=ok tunnel_fail=0 ib_fail=0
[watchdog] socks=CA gw=on ib=ok tunnel_fail=0 ib_fail=0
[watchdog] socks=CA gw=on ib=ok tunnel_fail=0 ib_fail=0
[watchdog] socks=CA gw=on ib=ok tunnel_fail=0 ib_fail=0
[watchdog] socks=CA gw=on ib=ok tunnel_fail=0 ib_fail=0
[watchdog] socks=CA gw=on ib=ok tunnel_fail=0 ib_fail=0
[watchdog] socks=CA gw=on ib=ok tunnel_fail=0 ib_fail=0
[watchdog] socks=CA gw=on ib=ok tunnel_fail=0 ib_fail=0
[watchdog] socks=CA gw=on ib=ok tunnel_fail=0 ib_fail=0
[watchdog] socks=CA gw=on ib=ok tunnel_fail=0 ib_fail=0
[watchdog] socks=CA gw=on ib=ok tunnel_fail=0 ib_fail=0
[watchdog] socks=CA gw=on ib=ok tunnel_fail=0 ib_fail=0
[watchdog] socks=CA gw=on ib=ok tunnel_fail=0 ib_fail=0
[watchdog] socks=CA gw=on ib=ok tunnel_fail=0 ib_fail=0
[watchdog] socks=CA gw=on ib=ok tunnel_fail=0 ib_fail=0
[watchdog] socks=CA gw=on ib=ok tunnel_fail=0 ib_fail=0
[watchdog] socks=CA gw=on ib=ok tunnel_fail=0 ib_fail=0
[watchdog] socks=CA gw=on ib=ok tunnel_fail=0 ib_fail=0
[watchdog] socks=CA gw=on ib=ok tunnel_fail=0 ib_fail=0
[watchdog] socks=CA gw=on ib=ok tunnel_fail=0 ib_fail=0
[watchdog] socks=CA gw=on ib=ok tunnel_fail=0 ib_fail=0
[watchdog] socks=CA gw=on ib=ok tunnel_fail=0 ib_fail=0
[watchdog] socks=CA gw=on ib=ok tunnel_fail=0 ib_fail=0
[watchdog] socks=CA gw=on ib=ok tunnel_fail=0 ib_fail=0
[watchdog] socks=CA gw=on ib=ok tunnel_fail=0 ib_fail=0
[watchdog] socks=CA gw=on ib=ok tunnel_fail=0 ib_fail=0
[watchdog] socks=CA gw=on ib=ok tunnel_fail=0 ib_fail=0
[watchdog] socks=CA gw=on ib=ok tunnel_fail=0 ib_fail=0
[watchdog] socks=CA gw=on ib=ok tunnel_fail=0 ib_fail=0
[watchdog] socks=CA gw=on ib=ok tunnel_fail=0 ib_fail=0
[watchdog] socks=CA gw=on ib=ok tunnel_fail=0 ib_fail=0
[watchdog] socks=CA gw=on ib=ok tunnel_fail=0 ib_fail=0
[watchdog] socks=CA gw=on ib=ok tunnel_fail=0 ib_fail=0
[watchdog] socks=CA gw=on ib=ok tunnel_fail=0 ib_fail=0
[watchdog] socks=CA gw=on ib=ok tunnel_fail=0 ib_fail=0
[watchdog] socks=CA gw=on ib=ok tunnel_fail=0 ib_fail=0
[watchdog] socks=CA gw=on ib=ok tunnel_fail=0 ib_fail=0
[watchdog] socks=CA gw=on ib=ok tunnel_fail=0 ib_fail=0
[watchdog] socks=CA gw=on ib=ok tunnel_fail=0 ib_fail=0
[watchdog] socks=CA gw=on ib=ok tunnel_fail=0 ib_fail=0
[watchdog] socks=CA gw=on ib=ok tunnel_fail=0 ib_fail=0
[watchdog] socks=CA gw=on ib=ok tunnel_fail=0 ib_fail=0
[watchdog] socks=CA gw=on ib=ok tunnel_fail=0 ib_fail=0
[watchdog] socks=CA gw=on ib=ok tunnel_fail=0 ib_fail=0
[watchdog] socks=CA gw=on ib=ok tunnel_fail=0 ib_fail=0
[watchdog] socks=CA gw=on ib=ok tunnel_fail=0 ib_fail=0
[watchdog] socks=CA gw=on ib=ok tunnel_fail=0 ib_fail=0
[watchdog] socks=CA gw=on ib=ok tunnel_fail=0 ib_fail=0
[watchdog] socks=CA gw=on ib=ok tunnel_fail=0 ib_fail=0
[watchdog] socks=CA gw=on ib=ok tunnel_fail=0 ib_fail=0
[watchdog] socks=CA gw=on ib=ok tunnel_fail=0 ib_fail=0
[watchdog] socks=CA gw=on ib=ok tunnel_fail=0 ib_fail=0
[watchdog] socks=CA gw=on ib=ok tunnel_fail=0 ib_fail=0
[watchdog] socks=CA gw=on ib=ok tunnel_fail=0 ib_fail=0
[watchdog] socks=CA gw=on ib=ok tunnel_fail=0 ib_fail=0
[watchdog] socks=CA gw=on ib=ok tunnel_fail=0 ib_fail=0
[watchdog] socks=CA gw=on ib=ok tunnel_fail=0 ib_fail=0
[watchdog] socks=CA gw=on ib=ok tunnel_fail=0 ib_fail=0
[watchdog] socks=CA gw=on ib=ok tunnel_fail=0 ib_fail=0
[watchdog] socks=CA gw=on ib=ok tunnel_fail=0 ib_fail=0
[watchdog] socks=CA gw=on ib=ok tunnel_fail=0 ib_fail=0
[watchdog] socks=CA gw=on ib=ok tunnel_fail=0 ib_fail=0
[watchdog] socks=CA gw=on ib=ok tunnel_fail=0 ib_fail=0
[watchdog] socks=CA gw=on ib=ok tunnel_fail=0 ib_fail=0
[watchdog] socks=CA gw=on ib=ok tunnel_fail=0 ib_fail=0
[ib_nav err] AttributeError: 'NoneType' object has no attribute 'accountSummary'
[watchdog] socks=CA gw=on ib=fail×1 tunnel_fail=0 ib_fail=1
[ib_nav err] AttributeError: 'NoneType' object has no attribute 'accountSummary'
[watchdog] socks=CA gw=on ib=fail×2 tunnel_fail=0 ib_fail=2
[ib_nav err] AttributeError: 'NoneType' object has no attribute 'accountSummary'
[watchdog] socks=CA gw=on ib=fail×3 tunnel_fail=0 ib_fail=3
[ib_nav err] AttributeError: 'NoneType' object has no attribute 'accountSummary'
[watchdog] socks=CA gw=on ib=fail×4 tunnel_fail=0 ib_fail=4
[ib_nav err] AttributeError: 'NoneType' object has no attribute 'accountSummary'
[watchdog] socks=CA gw=on ib=fail×5 tunnel_fail=0 ib_fail=5
[ib_nav err] AttributeError: 'NoneType' object has no attribute 'accountSummary'
[watchdog] socks=CA gw=on ib=fail×6 tunnel_fail=0 ib_fail=6
[ib_nav err] AttributeError: 'NoneType' object has no attribute 'accountSummary'
[watchdog] socks=CA gw=on ib=fail×7 tunnel_fail=0 ib_fail=7
[ib_nav err] AttributeError: 'NoneType' object has no attribute 'accountSummary'
[watchdog] socks=CA gw=on ib=fail×8 tunnel_fail=0 ib_fail=8
[ib_nav err] AttributeError: 'NoneType' object has no attribute 'accountSummary'
[watchdog] socks=CA gw=on ib=fail×9 tunnel_fail=0 ib_fail=9
[ib_nav err] AttributeError: 'NoneType' object has no attribute 'accountSummary'
[watchdog] socks=CA gw=on ib=fail×10 tunnel_fail=0 ib_fail=10
[ib_nav err] AttributeError: 'NoneType' object has no attribute 'accountSummary'
[watchdog] socks=CA gw=on ib=fail×11 tunnel_fail=0 ib_fail=11
[ib_nav err] AttributeError: 'NoneType' object has no attribute 'accountSummary'
[watchdog] socks=CA gw=on ib=fail×12 tunnel_fail=0 ib_fail=12
[ib_nav err] AttributeError: 'NoneType' object has no attribute 'accountSummary'
[watchdog] socks=CA gw=on ib=fail×13 tunnel_fail=0 ib_fail=13
[ib_nav err] AttributeError: 'NoneType' object has no attribute 'accountSummary'
[watchdog] socks=CA gw=on ib=fail×14 tunnel_fail=0 ib_fail=14
[ib_nav err] AttributeError: 'NoneType' object has no attribute 'accountSummary'
[watchdog] socks=CA gw=on ib=fail×15 tunnel_fail=0 ib_fail=15
[ib_nav err] AttributeError: 'NoneType' object has no attribute 'accountSummary'
[watchdog] socks=CA gw=on ib=fail×16 tunnel_fail=0 ib_fail=16
[ib_nav err] AttributeError: 'NoneType' object has no attribute 'accountSummary'
[watchdog] socks=CA gw=on ib=fail×17 tunnel_fail=0 ib_fail=17
[ib_nav err] AttributeError: 'NoneType' object has no attribute 'accountSummary'
[watchdog] socks=CA gw=on ib=fail×18 tunnel_fail=0 ib_fail=18
[ib_nav err] AttributeError: 'NoneType' object has no attribute 'accountSummary'
[watchdog] socks=CA gw=on ib=fail×19 tunnel_fail=0 ib_fail=19
[ib_nav err] AttributeError: 'NoneType' object has no attribute 'accountSummary'
[watchdog] socks=CA gw=on ib=fail×20 tunnel_fail=0 ib_fail=20
[ib_nav err] AttributeError: 'NoneType' object has no attribute 'accountSummary'
[watchdog] socks=CA gw=on ib=fail×21 tunnel_fail=0 ib_fail=21
[ib_nav err] AttributeError: 'NoneType' object has no attribute 'accountSummary'
[watchdog] socks=CA gw=on ib=fail×22 tunnel_fail=0 ib_fail=22
[ib_nav err] AttributeError: 'NoneType' object has no attribute 'accountSummary'
[watchdog] socks=无 gw=on ib=fail×23 tunnel_fail=1 ib_fail=23
[ib_nav err] AttributeError: 'NoneType' object has no attribute 'accountSummary'
[watchdog] socks=无 gw=on ib=fail×24 tunnel_fail=2 ib_fail=24
[ib_nav err] AttributeError: 'NoneType' object has no attribute 'accountSummary'
[watchdog] socks=无 gw=on ib=fail×25 tunnel_fail=3 ib_fail=25
[ib_nav err] AttributeError: 'NoneType' object has no attribute 'accountSummary'
[watchdog] socks=无 gw=on ib=fail×26 tunnel_fail=4 ib_fail=26
[ib_nav err] AttributeError: 'NoneType' object has no attribute 'accountSummary'
[watchdog] socks=无 gw=on ib=fail×27 tunnel_fail=5 ib_fail=27
[ib_nav err] AttributeError: 'NoneType' object has no attribute 'accountSummary'
[watchdog] socks=无 gw=on ib=fail×28 tunnel_fail=6 ib_fail=28
[ib_nav err] AttributeError: 'NoneType' object has no attribute 'accountSummary'
[watchdog] socks=无 gw=on ib=fail×29 tunnel_fail=7 ib_fail=29
[ib_nav err] AttributeError: 'NoneType' object has no attribute 'accountSummary'
[watchdog] socks=无 gw=on ib=fail×30 tunnel_fail=8 ib_fail=30
[ib_nav err] AttributeError: 'NoneType' object has no attribute 'accountSummary'
[watchdog] socks=无 gw=on ib=fail×31 tunnel_fail=9 ib_fail=31
[ib_nav err] AttributeError: 'NoneType' object has no attribute 'accountSummary'
[watchdog] socks=无 gw=on ib=fail×32 tunnel_fail=10 ib_fail=32
[ib_nav err] AttributeError: 'NoneType' object has no attribute 'accountSummary'
[watchdog] socks=无 gw=on ib=fail×33 tunnel_fail=11 ib_fail=33
[ib_nav err] AttributeError: 'NoneType' object has no attribute 'accountSummary'
[watchdog] socks=无 gw=on ib=fail×34 tunnel_fail=12 ib_fail=34
[ib_nav err] AttributeError: 'NoneType' object has no attribute 'accountSummary'
[watchdog] socks=CA gw=on ib=fail×35 tunnel_fail=0 ib_fail=35
[ib_nav err] AttributeError: 'NoneType' object has no attribute 'accountSummary'
[watchdog] socks=CA gw=on ib=fail×36 tunnel_fail=0 ib_fail=36
[ib_nav err] AttributeError: 'NoneType' object has no attribute 'accountSummary'
[watchdog] socks=CA gw=on ib=fail×37 tunnel_fail=0 ib_fail=37
[ib_nav err] AttributeError: 'NoneType' object has no attribute 'accountSummary'
[watchdog] socks=CA gw=on ib=fail×38 tunnel_fail=0 ib_fail=38
[ib_nav err] AttributeError: 'NoneType' object has no attribute 'accountSummary'
[watchdog] socks=CA gw=on ib=fail×39 tunnel_fail=0 ib_fail=39
[ib_nav err] AttributeError: 'NoneType' object has no attribute 'accountSummary'
[watchdog] socks=CA gw=on ib=fail×40 tunnel_fail=0 ib_fail=40
[ib_nav err] AttributeError: 'NoneType' object has no attribute 'accountSummary'
[watchdog] socks=CA gw=on ib=fail×41 tunnel_fail=0 ib_fail=41
[ib_nav err] AttributeError: 'NoneType' object has no attribute 'accountSummary'
[watchdog] socks=CA gw=on ib=fail×42 tunnel_fail=0 ib_fail=42
[ib_nav err] AttributeError: 'NoneType' object has no attribute 'accountSummary'
[watchdog] socks=CA gw=on ib=fail×43 tunnel_fail=0 ib_fail=43
[ib_nav err] AttributeError: 'NoneType' object has no attribute 'accountSummary'
[watchdog] socks=CA gw=on ib=fail×44 tunnel_fail=0 ib_fail=44
[ib_nav err] AttributeError: 'NoneType' object has no attribute 'accountSummary'
[watchdog] socks=CA gw=on ib=fail×45 tunnel_fail=0 ib_fail=45
[ib_nav err] AttributeError: 'NoneType' object has no attribute 'accountSummary'
[watchdog] socks=CA gw=on ib=fail×46 tunnel_fail=0 ib_fail=46
[ib_nav err] AttributeError: 'NoneType' object has no attribute 'accountSummary'
[watchdog] socks=CA gw=on ib=fail×47 tunnel_fail=0 ib_fail=47
[ib_nav err] AttributeError: 'NoneType' object has no attribute 'accountSummary'
[watchdog] socks=CA gw=on ib=fail×48 tunnel_fail=0 ib_fail=48
[ib_nav err] AttributeError: 'NoneType' object has no attribute 'accountSummary'
[watchdog] socks=CA gw=on ib=fail×49 tunnel_fail=0 ib_fail=49
[ib_nav err] AttributeError: 'NoneType' object has no attribute 'accountSummary'
[watchdog] socks=CA gw=on ib=fail×50 tunnel_fail=0 ib_fail=50
[ib_nav err] AttributeError: 'NoneType' object has no attribute 'accountSummary'
[watchdog] socks=CA gw=on ib=fail×51 tunnel_fail=0 ib_fail=51
[ib_nav err] AttributeError: 'NoneType' object has no attribute 'accountSummary'
[watchdog] socks=CA gw=on ib=fail×52 tunnel_fail=0 ib_fail=52
[watchdog] socks=CA gw=off ib=n/a tunnel_fail=0 ib_fail=52
[watchdog] socks=CA gw=on ib=ok tunnel_fail=0 ib_fail=0
[watchdog] socks=CA gw=on ib=ok tunnel_fail=0 ib_fail=0
[watchdog] socks=CA gw=on ib=ok tunnel_fail=0 ib_fail=0
[watchdog] socks=CA gw=on ib=ok tunnel_fail=0 ib_fail=0
[watchdog] socks=CA gw=on ib=ok tunnel_fail=0 ib_fail=0
[watchdog] socks=CA gw=on ib=ok tunnel_fail=0 ib_fail=0
[watchdog] socks=CA gw=on ib=ok tunnel_fail=0 ib_fail=0
[watchdog] socks=CA gw=on ib=ok tunnel_fail=0 ib_fail=0
[watchdog] socks=CA gw=on ib=ok tunnel_fail=0 ib_fail=0
[watchdog] socks=CA gw=on ib=ok tunnel_fail=0 ib_fail=0
[watchdog] socks=CA gw=on ib=ok tunnel_fail=0 ib_fail=0
[watchdog] socks=CA gw=on ib=ok tunnel_fail=0 ib_fail=0
[watchdog] socks=CA gw=on ib=ok tunnel_fail=0 ib_fail=0
[watchdog] socks=CA gw=on ib=ok tunnel_fail=0 ib_fail=0
[watchdog] socks=CA gw=on ib=ok tunnel_fail=0 ib_fail=0
[watchdog] socks=CA gw=on ib=ok tunnel_fail=0 ib_fail=0
[watchdog] socks=CA gw=on ib=ok tunnel_fail=0 ib_fail=0
[watchdog] socks=CA gw=on ib=ok tunnel_fail=0 ib_fail=0
[watchdog] socks=CA gw=on ib=ok tunnel_fail=0 ib_fail=0
[watchdog] socks=CA gw=on ib=ok tunnel_fail=0 ib_fail=0
[watchdog] socks=CA gw=on ib=ok tunnel_fail=0 ib_fail=0
[watchdog] socks=CA gw=on ib=ok tunnel_fail=0 ib_fail=0
[watchdog] socks=CA gw=on ib=ok tunnel_fail=0 ib_fail=0
[watchdog] socks=CA gw=on ib=ok tunnel_fail=0 ib_fail=0
[watchdog] socks=CA gw=on ib=ok tunnel_fail=0 ib_fail=0
[watchdog] socks=CA gw=on ib=ok tunnel_fail=0 ib_fail=0
[watchdog] socks=CA gw=on ib=ok tunnel_fail=0 ib_fail=0
[watchdog] socks=CA gw=on ib=ok tunnel_fail=0 ib_fail=0
[watchdog] socks=CA gw=on ib=ok tunnel_fail=0 ib_fail=0
[watchdog] socks=CA gw=on ib=ok tunnel_fail=0 ib_fail=0
[watchdog] socks=CA gw=on ib=ok tunnel_fail=0 ib_fail=0
[watchdog] socks=CA gw=on ib=ok tunnel_fail=0 ib_fail=0
[watchdog] socks=CA gw=on ib=ok tunnel_fail=0 ib_fail=0
[watchdog] socks=CA gw=on ib=ok tunnel_fail=0 ib_fail=0
[watchdog] socks=CA gw=on ib=ok tunnel_fail=0 ib_fail=0
[watchdog] socks=CA gw=on ib=ok tunnel_fail=0 ib_fail=0
[watchdog] socks=CA gw=on ib=ok tunnel_fail=0 ib_fail=0
[watchdog] socks=CA gw=on ib=ok tunnel_fail=0 ib_fail=0
[watchdog] socks=CA gw=on ib=ok tunnel_fail=0 ib_fail=0
[watchdog] socks=CA gw=on ib=ok tunnel_fail=0 ib_fail=0
[watchdog] socks=CA gw=on ib=ok tunnel_fail=0 ib_fail=0
[watchdog] socks=CA gw=on ib=ok tunnel_fail=0 ib_fail=0
[watchdog] socks=CA gw=on ib=ok tunnel_fail=0 ib_fail=0
[watchdog] socks=CA gw=on ib=ok tunnel_fail=0 ib_fail=0
[watchdog] socks=CA gw=on ib=ok tunnel_fail=0 ib_fail=0
[watchdog] socks=CA gw=on ib=ok tunnel_fail=0 ib_fail=0
[watchdog] socks=CA gw=on ib=ok tunnel_fail=0 ib_fail=0
[watchdog] socks=CA gw=on ib=ok tunnel_fail=0 ib_fail=0
[watchdog] socks=CA gw=on ib=ok tunnel_fail=0 ib_fail=0
[watchdog] socks=CA gw=on ib=ok tunnel_fail=0 ib_fail=0
[watchdog] socks=CA gw=on ib=ok tunnel_fail=0 ib_fail=0
[watchdog] socks=CA gw=on ib=ok tunnel_fail=0 ib_fail=0
[watchdog] socks=CA gw=on ib=ok tunnel_fail=0 ib_fail=0
[watchdog] socks=CA gw=on ib=ok tunnel_fail=0 ib_fail=0
[watchdog] socks=CA gw=off ib=n/a tunnel_fail=0 ib_fail=0
[watchdog] socks=CA gw=on ib=ok tunnel_fail=0 ib_fail=0
[watchdog] socks=CA gw=on ib=ok tunnel_fail=0 ib_fail=0
[watchdog] socks=CA gw=on ib=ok tunnel_fail=0 ib_fail=0
[watchdog] socks=CA gw=on ib=ok tunnel_fail=0 ib_fail=0
[watchdog] socks=CA gw=on ib=ok tunnel_fail=0 ib_fail=0
[watchdog] socks=CA gw=on ib=ok tunnel_fail=0 ib_fail=0
[watchdog] socks=CA gw=on ib=ok tunnel_fail=0 ib_fail=0
[watchdog] socks=CA gw=on ib=ok tunnel_fail=0 ib_fail=0
[watchdog] socks=CA gw=on ib=ok tunnel_fail=0 ib_fail=0
[watchdog] socks=CA gw=on ib=ok tunnel_fail=0 ib_fail=0
[watchdog] socks=CA gw=on ib=ok tunnel_fail=0 ib_fail=0
[watchdog] socks=CA gw=on ib=ok tunnel_fail=0 ib_fail=0
[watchdog] socks=CA gw=on ib=ok tunnel_fail=0 ib_fail=0
[watchdog] socks=CA gw=on ib=ok tunnel_fail=0 ib_fail=0
[watchdog] socks=CA gw=on ib=ok tunnel_fail=0 ib_fail=0
[watchdog] socks=CA gw=off ib=n/a tunnel_fail=0 ib_fail=0
[watchdog] socks=CA gw=on ib=ok tunnel_fail=0 ib_fail=0
[watchdog] socks=CA gw=on ib=ok tunnel_fail=0 ib_fail=0
[watchdog] socks=CA gw=on ib=ok tunnel_fail=0 ib_fail=0
[watchdog] socks=CA gw=on ib=ok tunnel_fail=0 ib_fail=0
[watchdog] socks=CA gw=on ib=ok tunnel_fail=0 ib_fail=0
[watchdog] socks=CA gw=on ib=ok tunnel_fail=0 ib_fail=0
[watchdog] socks=CA gw=on ib=ok tunnel_fail=0 ib_fail=0
[watchdog] socks=CA gw=on ib=ok tunnel_fail=0 ib_fail=0
[watchdog] socks=CA gw=on ib=ok tunnel_fail=0 ib_fail=0
[watchdog] socks=CA gw=on ib=ok tunnel_fail=0 ib_fail=0
[watchdog] socks=CA gw=on ib=ok tunnel_fail=0 ib_fail=0
[watchdog] socks=CA gw=on ib=ok tunnel_fail=0 ib_fail=0
[watchdog] socks=CA gw=on ib=ok tunnel_fail=0 ib_fail=0
[watchdog] socks=CA gw=on ib=ok tunnel_fail=0 ib_fail=0
[watchdog] socks=CA gw=on ib=ok tunnel_fail=0 ib_fail=0
[watchdog] socks=CA gw=on ib=ok tunnel_fail=0 ib_fail=0
[watchdog] socks=CA gw=on ib=ok tunnel_fail=0 ib_fail=0
[watchdog] socks=CA gw=on ib=ok tunnel_fail=0 ib_fail=0
[watchdog] socks=CA gw=on ib=ok tunnel_fail=0 ib_fail=0
[watchdog] socks=CA gw=on ib=ok tunnel_fail=0 ib_fail=0
[watchdog] socks=CA gw=on ib=ok tunnel_fail=0 ib_fail=0
[watchdog] socks=CA gw=on ib=ok tunnel_fail=0 ib_fail=0
[watchdog] socks=CA gw=on ib=ok tunnel_fail=0 ib_fail=0
[watchdog] socks=CA gw=on ib=ok tunnel_fail=0 ib_fail=0
[watchdog] socks=CA gw=on ib=ok tunnel_fail=0 ib_fail=0
[watchdog] socks=CA gw=on ib=ok tunnel_fail=0 ib_fail=0
[watchdog] socks=CA gw=on ib=ok tunnel_fail=0 ib_fail=0
[watchdog] socks=CA gw=on ib=ok tunnel_fail=0 ib_fail=0
[watchdog] socks=CA gw=on ib=ok tunnel_fail=0 ib_fail=0
[watchdog] socks=CA gw=on ib=ok tunnel_fail=0 ib_fail=0
[watchdog] socks=CA gw=on ib=ok tunnel_fail=0 ib_fail=0
[watchdog] socks=CA gw=on ib=ok tunnel_fail=0 ib_fail=0
[watchdog] socks=CA gw=on ib=ok tunnel_fail=0 ib_fail=0
[watchdog] socks=CA gw=on ib=ok tunnel_fail=0 ib_fail=0
[watchdog] socks=CA gw=on ib=ok tunnel_fail=0 ib_fail=0
[watchdog] socks=CA gw=on ib=ok tunnel_fail=0 ib_fail=0
[watchdog] socks=CA gw=on ib=ok tunnel_fail=0 ib_fail=0
[watchdog] socks=CA gw=on ib=ok tunnel_fail=0 ib_fail=0
[watchdog] socks=CA gw=on ib=ok tunnel_fail=0 ib_fail=0
[watchdog] socks=CA gw=on ib=ok tunnel_fail=0 ib_fail=0
[watchdog] socks=CA gw=on ib=ok tunnel_fail=0 ib_fail=0
[watchdog] socks=CA gw=on ib=ok tunnel_fail=0 ib_fail=0
[watchdog] socks=CA gw=on ib=ok tunnel_fail=0 ib_fail=0
[watchdog] socks=CA gw=on ib=ok tunnel_fail=0 ib_fail=0
[watchdog] socks=CA gw=on ib=ok tunnel_fail=0 ib_fail=0
[watchdog] socks=CA gw=on ib=ok tunnel_fail=0 ib_fail=0
[watchdog] socks=CA gw=on ib=ok tunnel_fail=0 ib_fail=0
[watchdog] socks=CA gw=on ib=ok tunnel_fail=0 ib_fail=0
[watchdog] socks=CA gw=on ib=ok tunnel_fail=0 ib_fail=0
[watchdog] socks=CA gw=on ib=ok tunnel_fail=0 ib_fail=0
[watchdog] socks=CA gw=on ib=ok tunnel_fail=0 ib_fail=0
[watchdog] socks=CA gw=on ib=ok tunnel_fail=0 ib_fail=0
[watchdog] socks=CA gw=on ib=ok tunnel_fail=0 ib_fail=0
[watchdog] socks=CA gw=on ib=ok tunnel_fail=0 ib_fail=0
[watchdog] socks=CA gw=on ib=ok tunnel_fail=0 ib_fail=0
[watchdog] socks=CA gw=on ib=ok tunnel_fail=0 ib_fail=0
[watchdog] socks=CA gw=on ib=ok tunnel_fail=0 ib_fail=0
[watchdog] socks=CA gw=on ib=ok tunnel_fail=0 ib_fail=0
[watchdog] socks=CA gw=on ib=ok tunnel_fail=0 ib_fail=0
[watchdog] socks=CA gw=on ib=ok tunnel_fail=0 ib_fail=0
[watchdog] socks=CA gw=on ib=ok tunnel_fail=0 ib_fail=0
[watchdog] socks=CA gw=on ib=ok tunnel_fail=0 ib_fail=0
[watchdog] socks=CA gw=on ib=ok tunnel_fail=0 ib_fail=0
[watchdog] socks=CA gw=on ib=ok tunnel_fail=0 ib_fail=0
[watchdog] socks=CA gw=on ib=ok tunnel_fail=0 ib_fail=0
[watchdog] socks=CA gw=on ib=ok tunnel_fail=0 ib_fail=0
[watchdog] socks=CA gw=on ib=ok tunnel_fail=0 ib_fail=0
[watchdog] socks=CA gw=on ib=ok tunnel_fail=0 ib_fail=0
[watchdog] socks=CA gw=on ib=ok tunnel_fail=0 ib_fail=0
[watchdog] socks=CA gw=on ib=ok tunnel_fail=0 ib_fail=0
[watchdog] socks=CA gw=on ib=ok tunnel_fail=0 ib_fail=0
[watchdog] socks=CA gw=on ib=ok tunnel_fail=0 ib_fail=0
[watchdog] socks=CA gw=on ib=ok tunnel_fail=0 ib_fail=0
[watchdog] socks=CA gw=on ib=ok tunnel_fail=0 ib_fail=0
[watchdog] socks=CA gw=on ib=ok tunnel_fail=0 ib_fail=0
[watchdog] socks=CA gw=on ib=ok tunnel_fail=0 ib_fail=0
[watchdog] socks=CA gw=on ib=ok tunnel_fail=0 ib_fail=0
[watchdog] socks=CA gw=on ib=ok tunnel_fail=0 ib_fail=0
[watchdog] socks=CA gw=on ib=ok tunnel_fail=0 ib_fail=0
[watchdog] socks=CA gw=on ib=ok tunnel_fail=0 ib_fail=0
[watchdog] socks=CA gw=on ib=ok tunnel_fail=0 ib_fail=0
[watchdog] socks=CA gw=on ib=ok tunnel_fail=0 ib_fail=0
[watchdog] socks=CA gw=on ib=ok tunnel_fail=0 ib_fail=0
[watchdog] socks=CA gw=on ib=ok tunnel_fail=0 ib_fail=0
[watchdog] socks=CA gw=on ib=ok tunnel_fail=0 ib_fail=0
[watchdog] socks=CA gw=on ib=ok tunnel_fail=0 ib_fail=0
[watchdog] socks=CA gw=on ib=ok tunnel_fail=0 ib_fail=0
[watchdog] socks=CA gw=on ib=ok tunnel_fail=0 ib_fail=0
[watchdog] socks=CA gw=on ib=ok tunnel_fail=0 ib_fail=0
[watchdog] socks=CA gw=on ib=ok tunnel_fail=0 ib_fail=0
[watchdog] socks=CA gw=on ib=ok tunnel_fail=0 ib_fail=0
[watchdog] socks=CA gw=on ib=ok tunnel_fail=0 ib_fail=0
[watchdog] socks=CA gw=on ib=ok tunnel_fail=0 ib_fail=0
[watchdog] socks=CA gw=on ib=ok tunnel_fail=0 ib_fail=0
[watchdog] socks=CA gw=on ib=ok tunnel_fail=0 ib_fail=0
[watchdog] socks=CA gw=on ib=ok tunnel_fail=0 ib_fail=0
[watchdog] socks=CA gw=on ib=ok tunnel_fail=0 ib_fail=0
[watchdog] socks=CA gw=on ib=ok tunnel_fail=0 ib_fail=0
[watchdog] socks=CA gw=on ib=ok tunnel_fail=0 ib_fail=0
[watchdog] socks=CA gw=on ib=ok tunnel_fail=0 ib_fail=0
[watchdog] socks=CA gw=on ib=ok tunnel_fail=0 ib_fail=0
[watchdog] socks=CA gw=on ib=ok tunnel_fail=0 ib_fail=0
[watchdog] socks=CA gw=on ib=ok tunnel_fail=0 ib_fail=0
[watchdog] socks=CA gw=on ib=ok tunnel_fail=0 ib_fail=0
[watchdog] socks=CA gw=on ib=ok tunnel_fail=0 ib_fail=0
[watchdog] socks=CA gw=on ib=ok tunnel_fail=0 ib_fail=0
[watchdog] socks=CA gw=on ib=ok tunnel_fail=0 ib_fail=0
[watchdog] socks=CA gw=on ib=ok tunnel_fail=0 ib_fail=0
[watchdog] socks=CA gw=on ib=ok tunnel_fail=0 ib_fail=0
[watchdog] socks=CA gw=on ib=ok tunnel_fail=0 ib_fail=0
[watchdog] socks=CA gw=on ib=ok tunnel_fail=0 ib_fail=0
[watchdog] socks=CA gw=on ib=ok tunnel_fail=0 ib_fail=0
[watchdog] socks=CA gw=on ib=ok tunnel_fail=0 ib_fail=0
[watchdog] socks=CA gw=on ib=ok tunnel_fail=0 ib_fail=0
[watchdog] socks=CA gw=on ib=ok tunnel_fail=0 ib_fail=0
[watchdog] socks=CA gw=on ib=ok tunnel_fail=0 ib_fail=0
[watchdog] socks=CA gw=on ib=ok tunnel_fail=0 ib_fail=0
[watchdog] socks=CA gw=on ib=ok tunnel_fail=0 ib_fail=0
[watchdog] socks=CA gw=on ib=ok tunnel_fail=0 ib_fail=0
[watchdog] socks=CA gw=on ib=ok tunnel_fail=0 ib_fail=0
[watchdog] socks=CA gw=on ib=ok tunnel_fail=0 ib_fail=0
[watchdog] socks=CA gw=on ib=ok tunnel_fail=0 ib_fail=0
[watchdog] socks=CA gw=on ib=ok tunnel_fail=0 ib_fail=0
[watchdog] socks=CA gw=on ib=ok tunnel_fail=0 ib_fail=0
[watchdog] socks=CA gw=on ib=ok tunnel_fail=0 ib_fail=0
[watchdog] socks=CA gw=on ib=ok tunnel_fail=0 ib_fail=0
[watchdog] socks=CA gw=on ib=ok tunnel_fail=0 ib_fail=0
[watchdog] socks=CA gw=on ib=ok tunnel_fail=0 ib_fail=0
[watchdog] socks=CA gw=on ib=ok tunnel_fail=0 ib_fail=0
[watchdog] socks=CA gw=on ib=ok tunnel_fail=0 ib_fail=0
[watchdog] socks=CA gw=on ib=ok tunnel_fail=0 ib_fail=0
[watchdog] socks=CA gw=on ib=ok tunnel_fail=0 ib_fail=0
[watchdog] socks=CA gw=on ib=ok tunnel_fail=0 ib_fail=0
[watchdog] socks=CA gw=on ib=ok tunnel_fail=0 ib_fail=0
[watchdog] socks=CA gw=on ib=ok tunnel_fail=0 ib_fail=0
[watchdog] socks=CA gw=on ib=ok tunnel_fail=0 ib_fail=0
[watchdog] socks=CA gw=on ib=ok tunnel_fail=0 ib_fail=0
[watchdog] socks=CA gw=on ib=ok tunnel_fail=0 ib_fail=0
[watchdog] socks=CA gw=on ib=ok tunnel_fail=0 ib_fail=0
[watchdog] socks=CA gw=on ib=ok tunnel_fail=0 ib_fail=0
[watchdog] socks=CA gw=on ib=ok tunnel_fail=0 ib_fail=0
[watchdog] socks=CA gw=on ib=ok tunnel_fail=0 ib_fail=0
[watchdog] socks=CA gw=on ib=ok tunnel_fail=0 ib_fail=0
[watchdog] socks=CA gw=on ib=ok tunnel_fail=0 ib_fail=0
[watchdog] socks=CA gw=on ib=ok tunnel_fail=0 ib_fail=0
[watchdog] socks=CA gw=on ib=ok tunnel_fail=0 ib_fail=0
[watchdog] socks=CA gw=on ib=ok tunnel_fail=0 ib_fail=0
[watchdog] socks=CA gw=on ib=ok tunnel_fail=0 ib_fail=0
[watchdog] socks=CA gw=on ib=ok tunnel_fail=0 ib_fail=0
[watchdog] socks=CA gw=on ib=ok tunnel_fail=0 ib_fail=0
[watchdog] socks=CA gw=on ib=ok tunnel_fail=0 ib_fail=0
[watchdog] socks=CA gw=on ib=ok tunnel_fail=0 ib_fail=0
[watchdog] socks=CA gw=on ib=ok tunnel_fail=0 ib_fail=0
[watchdog] socks=CA gw=on ib=ok tunnel_fail=0 ib_fail=0
[watchdog] socks=CA gw=on ib=ok tunnel_fail=0 ib_fail=0
[watchdog] socks=CA gw=on ib=ok tunnel_fail=0 ib_fail=0
[watchdog] socks=CA gw=on ib=ok tunnel_fail=0 ib_fail=0
[watchdog] socks=CA gw=on ib=ok tunnel_fail=0 ib_fail=0
[watchdog] socks=CA gw=on ib=ok tunnel_fail=0 ib_fail=0
[watchdog] socks=CA gw=on ib=ok tunnel_fail=0 ib_fail=0
[watchdog] socks=CA gw=on ib=ok tunnel_fail=0 ib_fail=0
[watchdog] socks=CA gw=on ib=ok tunnel_fail=0 ib_fail=0
[watchdog] socks=CA gw=on ib=ok tunnel_fail=0 ib_fail=0
[watchdog] socks=CA gw=on ib=ok tunnel_fail=0 ib_fail=0
[ib_nav err] AttributeError: 'NoneType' object has no attribute 'accountSummary'
[watchdog] socks=CA gw=on ib=fail×1 tunnel_fail=0 ib_fail=1
[ib_nav err] AttributeError: 'NoneType' object has no attribute 'accountSummary'
[watchdog] socks=CA gw=on ib=fail×2 tunnel_fail=0 ib_fail=2
[watchdog] socks=CA gw=on ib=ok tunnel_fail=0 ib_fail=0
[watchdog] socks=CA gw=on ib=ok tunnel_fail=0 ib_fail=0
[watchdog] socks=CA gw=on ib=ok tunnel_fail=0 ib_fail=0
[watchdog] socks=CA gw=on ib=ok tunnel_fail=0 ib_fail=0
[watchdog] socks=CA gw=on ib=ok tunnel_fail=0 ib_fail=0
[watchdog] socks=CA gw=on ib=ok tunnel_fail=0 ib_fail=0
[watchdog] socks=CA gw=on ib=ok tunnel_fail=0 ib_fail=0
[watchdog] socks=CA gw=on ib=ok tunnel_fail=0 ib_fail=0
[watchdog] socks=CA gw=on ib=ok tunnel_fail=0 ib_fail=0
[watchdog] socks=CA gw=on ib=ok tunnel_fail=0 ib_fail=0
[watchdog] socks=CA gw=on ib=ok tunnel_fail=0 ib_fail=0
[watchdog] socks=CA gw=on ib=ok tunnel_fail=0 ib_fail=0
[watchdog] socks=CA gw=on ib=ok tunnel_fail=0 ib_fail=0
[watchdog] socks=CA gw=on ib=ok tunnel_fail=0 ib_fail=0
[watchdog] socks=CA gw=on ib=ok tunnel_fail=0 ib_fail=0
[watchdog] socks=CA gw=on ib=ok tunnel_fail=0 ib_fail=0
[watchdog] socks=CA gw=on ib=ok tunnel_fail=0 ib_fail=0
[watchdog] socks=CA gw=on ib=ok tunnel_fail=0 ib_fail=0
[watchdog] socks=CA gw=on ib=ok tunnel_fail=0 ib_fail=0
[watchdog] socks=CA gw=on ib=ok tunnel_fail=0 ib_fail=0
[watchdog] socks=CA gw=on ib=ok tunnel_fail=0 ib_fail=0
[watchdog] socks=CA gw=on ib=ok tunnel_fail=0 ib_fail=0
[watchdog] socks=CA gw=on ib=ok tunnel_fail=0 ib_fail=0
[watchdog] socks=CA gw=on ib=ok tunnel_fail=0 ib_fail=0
[watchdog] socks=CA gw=on ib=ok tunnel_fail=0 ib_fail=0
[watchdog] socks=CA gw=on ib=ok tunnel_fail=0 ib_fail=0
[watchdog] socks=CA gw=on ib=ok tunnel_fail=0 ib_fail=0
[watchdog] socks=CA gw=on ib=ok tunnel_fail=0 ib_fail=0
[watchdog] socks=CA gw=on ib=ok tunnel_fail=0 ib_fail=0
[watchdog] socks=CA gw=on ib=ok tunnel_fail=0 ib_fail=0
[watchdog] socks=CA gw=on ib=ok tunnel_fail=0 ib_fail=0
[watchdog] socks=CA gw=on ib=ok tunnel_fail=0 ib_fail=0
[watchdog] socks=CA gw=on ib=ok tunnel_fail=0 ib_fail=0
[watchdog] socks=CA gw=on ib=ok tunnel_fail=0 ib_fail=0
[watchdog] socks=CA gw=on ib=ok tunnel_fail=0 ib_fail=0
[watchdog] socks=CA gw=on ib=ok tunnel_fail=0 ib_fail=0
[watchdog] socks=CA gw=on ib=ok tunnel_fail=0 ib_fail=0
[watchdog] socks=CA gw=on ib=ok tunnel_fail=0 ib_fail=0
[watchdog] socks=CA gw=on ib=ok tunnel_fail=0 ib_fail=0
[watchdog] socks=CA gw=on ib=ok tunnel_fail=0 ib_fail=0
[watchdog] socks=CA gw=on ib=ok tunnel_fail=0 ib_fail=0
[watchdog] socks=CA gw=on ib=ok tunnel_fail=0 ib_fail=0
[watchdog] socks=CA gw=on ib=ok tunnel_fail=0 ib_fail=0
[watchdog] socks=CA gw=on ib=ok tunnel_fail=0 ib_fail=0
[watchdog] socks=CA gw=on ib=ok tunnel_fail=0 ib_fail=0
[watchdog] socks=CA gw=on ib=ok tunnel_fail=0 ib_fail=0
[watchdog] socks=CA gw=on ib=ok tunnel_fail=0 ib_fail=0
[watchdog] socks=CA gw=on ib=ok tunnel_fail=0 ib_fail=0
[watchdog] socks=CA gw=on ib=ok tunnel_fail=0 ib_fail=0
[watchdog] socks=CA gw=on ib=ok tunnel_fail=0 ib_fail=0
[watchdog] socks=CA gw=on ib=ok tunnel_fail=0 ib_fail=0
[watchdog] socks=CA gw=on ib=ok tunnel_fail=0 ib_fail=0
[watchdog] socks=CA gw=on ib=ok tunnel_fail=0 ib_fail=0
[watchdog] socks=CA gw=on ib=ok tunnel_fail=0 ib_fail=0
[watchdog] socks=CA gw=on ib=ok tunnel_fail=0 ib_fail=0
[watchdog] socks=CA gw=on ib=ok tunnel_fail=0 ib_fail=0
[watchdog] socks=CA gw=on ib=ok tunnel_fail=0 ib_fail=0
[watchdog] socks=CA gw=on ib=ok tunnel_fail=0 ib_fail=0
[watchdog] socks=CA gw=on ib=ok tunnel_fail=0 ib_fail=0
[watchdog] socks=CA gw=on ib=ok tunnel_fail=0 ib_fail=0
[watchdog] socks=CA gw=on ib=ok tunnel_fail=0 ib_fail=0
[watchdog] socks=CA gw=on ib=ok tunnel_fail=0 ib_fail=0
[watchdog] socks=CA gw=on ib=ok tunnel_fail=0 ib_fail=0
[watchdog] socks=CA gw=on ib=ok tunnel_fail=0 ib_fail=0
[watchdog] socks=CA gw=on ib=ok tunnel_fail=0 ib_fail=0
[watchdog] socks=CA gw=on ib=ok tunnel_fail=0 ib_fail=0
[watchdog] socks=CA gw=on ib=ok tunnel_fail=0 ib_fail=0
[watchdog] socks=CA gw=on ib=ok tunnel_fail=0 ib_fail=0
[watchdog] socks=CA gw=on ib=ok tunnel_fail=0 ib_fail=0
[watchdog] socks=CA gw=on ib=ok tunnel_fail=0 ib_fail=0
[watchdog] socks=CA gw=on ib=ok tunnel_fail=0 ib_fail=0
[watchdog] socks=CA gw=on ib=ok tunnel_fail=0 ib_fail=0
[watchdog] socks=CA gw=on ib=ok tunnel_fail=0 ib_fail=0
[watchdog] socks=CA gw=on ib=ok tunnel_fail=0 ib_fail=0
[watchdog] socks=CA gw=on ib=ok tunnel_fail=0 ib_fail=0
[watchdog] socks=CA gw=on ib=ok tunnel_fail=0 ib_fail=0
[watchdog] socks=CA gw=on ib=ok tunnel_fail=0 ib_fail=0
[watchdog] socks=CA gw=on ib=ok tunnel_fail=0 ib_fail=0
[watchdog] socks=CA gw=on ib=ok tunnel_fail=0 ib_fail=0
[watchdog] socks=CA gw=on ib=ok tunnel_fail=0 ib_fail=0
[watchdog] socks=CA gw=on ib=ok tunnel_fail=0 ib_fail=0
[watchdog] socks=CA gw=on ib=ok tunnel_fail=0 ib_fail=0
[watchdog] socks=CA gw=on ib=ok tunnel_fail=0 ib_fail=0
[watchdog] socks=CA gw=on ib=ok tunnel_fail=0 ib_fail=0
[watchdog] socks=CA gw=on ib=ok tunnel_fail=0 ib_fail=0
[watchdog] socks=CA gw=on ib=ok tunnel_fail=0 ib_fail=0
[watchdog] socks=CA gw=on ib=ok tunnel_fail=0 ib_fail=0
[watchdog] socks=CA gw=on ib=ok tunnel_fail=0 ib_fail=0
[watchdog] socks=CA gw=on ib=ok tunnel_fail=0 ib_fail=0
[watchdog] socks=CA gw=on ib=ok tunnel_fail=0 ib_fail=0
[watchdog] socks=CA gw=on ib=ok tunnel_fail=0 ib_fail=0
[watchdog] socks=CA gw=on ib=ok tunnel_fail=0 ib_fail=0
[watchdog] socks=CA gw=on ib=ok tunnel_fail=0 ib_fail=0
[watchdog] socks=CA gw=on ib=ok tunnel_fail=0 ib_fail=0
[watchdog] socks=CA gw=on ib=ok tunnel_fail=0 ib_fail=0
[watchdog] socks=CA gw=on ib=ok tunnel_fail=0 ib_fail=0
[watchdog] socks=CA gw=on ib=ok tunnel_fail=0 ib_fail=0
[watchdog] socks=CA gw=on ib=ok tunnel_fail=0 ib_fail=0
[watchdog] socks=CA gw=on ib=ok tunnel_fail=0 ib_fail=0
[watchdog] socks=CA gw=on ib=ok tunnel_fail=0 ib_fail=0
[watchdog] socks=CA gw=on ib=ok tunnel_fail=0 ib_fail=0
[watchdog] socks=CA gw=on ib=ok tunnel_fail=0 ib_fail=0
[watchdog] socks=CA gw=on ib=ok tunnel_fail=0 ib_fail=0
[watchdog] socks=CA gw=on ib=ok tunnel_fail=0 ib_fail=0
[watchdog] socks=CA gw=on ib=ok tunnel_fail=0 ib_fail=0
[watchdog] socks=CA gw=on ib=ok tunnel_fail=0 ib_fail=0
[watchdog] socks=CA gw=on ib=ok tunnel_fail=0 ib_fail=0
[watchdog] socks=CA gw=on ib=ok tunnel_fail=0 ib_fail=0
[watchdog] socks=CA gw=on ib=ok tunnel_fail=0 ib_fail=0
[watchdog] socks=CA gw=on ib=ok tunnel_fail=0 ib_fail=0
[watchdog] socks=CA gw=on ib=ok tunnel_fail=0 ib_fail=0
[watchdog] socks=CA gw=on ib=ok tunnel_fail=0 ib_fail=0
[watchdog] socks=CA gw=on ib=ok tunnel_fail=0 ib_fail=0
[watchdog] socks=CA gw=on ib=ok tunnel_fail=0 ib_fail=0
[watchdog] socks=CA gw=on ib=ok tunnel_fail=0 ib_fail=0
[watchdog] socks=CA gw=on ib=ok tunnel_fail=0 ib_fail=0
[watchdog] socks=CA gw=on ib=ok tunnel_fail=0 ib_fail=0
[watchdog] socks=CA gw=on ib=ok tunnel_fail=0 ib_fail=0
[watchdog] socks=CA gw=on ib=ok tunnel_fail=0 ib_fail=0
[watchdog] socks=CA gw=on ib=ok tunnel_fail=0 ib_fail=0
[watchdog] socks=CA gw=on ib=ok tunnel_fail=0 ib_fail=0
[watchdog] socks=CA gw=on ib=ok tunnel_fail=0 ib_fail=0
[watchdog] socks=CA gw=on ib=ok tunnel_fail=0 ib_fail=0
[watchdog] socks=CA gw=on ib=ok tunnel_fail=0 ib_fail=0
[watchdog] socks=CA gw=on ib=ok tunnel_fail=0 ib_fail=0
[watchdog] socks=CA gw=on ib=ok tunnel_fail=0 ib_fail=0
[watchdog] socks=CA gw=on ib=ok tunnel_fail=0 ib_fail=0
[watchdog] socks=CA gw=on ib=ok tunnel_fail=0 ib_fail=0
[watchdog] socks=CA gw=on ib=ok tunnel_fail=0 ib_fail=0
[watchdog] socks=CA gw=on ib=ok tunnel_fail=0 ib_fail=0
[watchdog] socks=CA gw=on ib=ok tunnel_fail=0 ib_fail=0
[watchdog] socks=CA gw=on ib=ok tunnel_fail=0 ib_fail=0
[watchdog] socks=CA gw=on ib=ok tunnel_fail=0 ib_fail=0
[watchdog] socks=CA gw=on ib=ok tunnel_fail=0 ib_fail=0
[watchdog] socks=CA gw=on ib=ok tunnel_fail=0 ib_fail=0
[watchdog] socks=CA gw=on ib=ok tunnel_fail=0 ib_fail=0
[watchdog] socks=CA gw=on ib=ok tunnel_fail=0 ib_fail=0
[watchdog] socks=CA gw=on ib=ok tunnel_fail=0 ib_fail=0
[watchdog] socks=CA gw=on ib=ok tunnel_fail=0 ib_fail=0
[watchdog] socks=CA gw=on ib=ok tunnel_fail=0 ib_fail=0
[watchdog] socks=CA gw=on ib=ok tunnel_fail=0 ib_fail=0
[watchdog] socks=CA gw=on ib=ok tunnel_fail=0 ib_fail=0
[watchdog] socks=CA gw=on ib=ok tunnel_fail=0 ib_fail=0
[watchdog] socks=CA gw=on ib=ok tunnel_fail=0 ib_fail=0
[watchdog] socks=CA gw=on ib=ok tunnel_fail=0 ib_fail=0
[watchdog] socks=CA gw=on ib=ok tunnel_fail=0 ib_fail=0
[watchdog] socks=CA gw=on ib=ok tunnel_fail=0 ib_fail=0
[watchdog] socks=CA gw=on ib=ok tunnel_fail=0 ib_fail=0
[watchdog] socks=CA gw=on ib=ok tunnel_fail=0 ib_fail=0
[watchdog] socks=CA gw=on ib=ok tunnel_fail=0 ib_fail=0
[watchdog] socks=CA gw=on ib=ok tunnel_fail=0 ib_fail=0
[watchdog] socks=CA gw=on ib=ok tunnel_fail=0 ib_fail=0
[watchdog] socks=CA gw=on ib=ok tunnel_fail=0 ib_fail=0
[watchdog] socks=CA gw=on ib=ok tunnel_fail=0 ib_fail=0
[watchdog] socks=CA gw=on ib=ok tunnel_fail=0 ib_fail=0
[watchdog] socks=CA gw=on ib=ok tunnel_fail=0 ib_fail=0
[watchdog] socks=CA gw=on ib=ok tunnel_fail=0 ib_fail=0
[watchdog] socks=CA gw=on ib=ok tunnel_fail=0 ib_fail=0
[watchdog] socks=CA gw=on ib=ok tunnel_fail=0 ib_fail=0
[watchdog] socks=CA gw=on ib=ok tunnel_fail=0 ib_fail=0
[watchdog] socks=CA gw=on ib=ok tunnel_fail=0 ib_fail=0
[watchdog] socks=CA gw=on ib=ok tunnel_fail=0 ib_fail=0
[watchdog] socks=CA gw=on ib=ok tunnel_fail=0 ib_fail=0
[watchdog] socks=CA gw=on ib=ok tunnel_fail=0 ib_fail=0
[watchdog] socks=CA gw=on ib=ok tunnel_fail=0 ib_fail=0
[watchdog] socks=CA gw=on ib=ok tunnel_fail=0 ib_fail=0
[watchdog] socks=CA gw=on ib=ok tunnel_fail=0 ib_fail=0
[watchdog] socks=CA gw=on ib=ok tunnel_fail=0 ib_fail=0
[watchdog] socks=CA gw=on ib=ok tunnel_fail=0 ib_fail=0
[watchdog] socks=CA gw=on ib=ok tunnel_fail=0 ib_fail=0
[watchdog] socks=CA gw=on ib=ok tunnel_fail=0 ib_fail=0
[watchdog] socks=CA gw=on ib=ok tunnel_fail=0 ib_fail=0
[watchdog] socks=CA gw=on ib=ok tunnel_fail=0 ib_fail=0
[watchdog] socks=CA gw=on ib=ok tunnel_fail=0 ib_fail=0
[watchdog] socks=CA gw=on ib=ok tunnel_fail=0 ib_fail=0
[watchdog] socks=CA gw=on ib=ok tunnel_fail=0 ib_fail=0
[watchdog] socks=CA gw=on ib=ok tunnel_fail=0 ib_fail=0
[watchdog] socks=CA gw=on ib=ok tunnel_fail=0 ib_fail=0
[watchdog] socks=CA gw=on ib=ok tunnel_fail=0 ib_fail=0
[watchdog] socks=CA gw=on ib=ok tunnel_fail=0 ib_fail=0
[watchdog] socks=CA gw=on ib=ok tunnel_fail=0 ib_fail=0
[watchdog] socks=CA gw=on ib=ok tunnel_fail=0 ib_fail=0
[watchdog] socks=CA gw=on ib=ok tunnel_fail=0 ib_fail=0
[watchdog] socks=CA gw=on ib=ok tunnel_fail=0 ib_fail=0
[watchdog] socks=CA gw=on ib=ok tunnel_fail=0 ib_fail=0
[watchdog] socks=CA gw=on ib=ok tunnel_fail=0 ib_fail=0
[watchdog] socks=CA gw=on ib=ok tunnel_fail=0 ib_fail=0
[watchdog] socks=CA gw=on ib=ok tunnel_fail=0 ib_fail=0
[watchdog] socks=CA gw=on ib=ok tunnel_fail=0 ib_fail=0
[watchdog] socks=CA gw=on ib=ok tunnel_fail=0 ib_fail=0
[watchdog] socks=CA gw=on ib=ok tunnel_fail=0 ib_fail=0
[watchdog] socks=CA gw=on ib=ok tunnel_fail=0 ib_fail=0
[watchdog] socks=CA gw=on ib=ok tunnel_fail=0 ib_fail=0
[watchdog] socks=CA gw=on ib=ok tunnel_fail=0 ib_fail=0
[watchdog] socks=CA gw=on ib=ok tunnel_fail=0 ib_fail=0
[watchdog] socks=CA gw=on ib=ok tunnel_fail=0 ib_fail=0
[watchdog] socks=CA gw=on ib=ok tunnel_fail=0 ib_fail=0
[watchdog] socks=CA gw=on ib=ok tunnel_fail=0 ib_fail=0
[watchdog] socks=CA gw=on ib=ok tunnel_fail=0 ib_fail=0
[watchdog] socks=CA gw=on ib=ok tunnel_fail=0 ib_fail=0
[watchdog] socks=CA gw=on ib=ok tunnel_fail=0 ib_fail=0
[watchdog] socks=CA gw=on ib=ok tunnel_fail=0 ib_fail=0
[watchdog] socks=CA gw=on ib=ok tunnel_fail=0 ib_fail=0
[watchdog] socks=CA gw=on ib=ok tunnel_fail=0 ib_fail=0
[watchdog] socks=CA gw=on ib=ok tunnel_fail=0 ib_fail=0
[watchdog] socks=CA gw=on ib=ok tunnel_fail=0 ib_fail=0
[watchdog] socks=CA gw=on ib=ok tunnel_fail=0 ib_fail=0
[watchdog] socks=CA gw=on ib=ok tunnel_fail=0 ib_fail=0
[watchdog] socks=CA gw=on ib=ok tunnel_fail=0 ib_fail=0
[watchdog] socks=CA gw=on ib=ok tunnel_fail=0 ib_fail=0
[watchdog] socks=CA gw=on ib=ok tunnel_fail=0 ib_fail=0
[watchdog] socks=CA gw=on ib=ok tunnel_fail=0 ib_fail=0
[watchdog] socks=CA gw=on ib=ok tunnel_fail=0 ib_fail=0
[watchdog] socks=CA gw=on ib=ok tunnel_fail=0 ib_fail=0
[watchdog] socks=CA gw=on ib=ok tunnel_fail=0 ib_fail=0
[watchdog] socks=CA gw=on ib=ok tunnel_fail=0 ib_fail=0
[watchdog] socks=CA gw=on ib=ok tunnel_fail=0 ib_fail=0
[watchdog] socks=CA gw=on ib=ok tunnel_fail=0 ib_fail=0
[watchdog] socks=CA gw=on ib=ok tunnel_fail=0 ib_fail=0
[watchdog] socks=CA gw=on ib=ok tunnel_fail=0 ib_fail=0
[watchdog] socks=CA gw=on ib=ok tunnel_fail=0 ib_fail=0
[watchdog] socks=CA gw=on ib=ok tunnel_fail=0 ib_fail=0
[watchdog] socks=CA gw=on ib=ok tunnel_fail=0 ib_fail=0
[watchdog] socks=CA gw=on ib=ok tunnel_fail=0 ib_fail=0
[watchdog] socks=CA gw=on ib=ok tunnel_fail=0 ib_fail=0
[watchdog] socks=CA gw=on ib=ok tunnel_fail=0 ib_fail=0
[watchdog] socks=CA gw=on ib=ok tunnel_fail=0 ib_fail=0
[watchdog] socks=CA gw=on ib=ok tunnel_fail=0 ib_fail=0
[watchdog] socks=CA gw=on ib=ok tunnel_fail=0 ib_fail=0
[watchdog] socks=CA gw=on ib=ok tunnel_fail=0 ib_fail=0
[watchdog] socks=CA gw=on ib=ok tunnel_fail=0 ib_fail=0
[watchdog] socks=CA gw=on ib=ok tunnel_fail=0 ib_fail=0
[watchdog] socks=CA gw=on ib=ok tunnel_fail=0 ib_fail=0
[watchdog] socks=CA gw=on ib=ok tunnel_fail=0 ib_fail=0
[watchdog] socks=CA gw=on ib=ok tunnel_fail=0 ib_fail=0
[watchdog] socks=CA gw=on ib=ok tunnel_fail=0 ib_fail=0
[watchdog] socks=CA gw=on ib=ok tunnel_fail=0 ib_fail=0
[watchdog] socks=CA gw=on ib=ok tunnel_fail=0 ib_fail=0
[watchdog] socks=CA gw=on ib=ok tunnel_fail=0 ib_fail=0
[watchdog] socks=CA gw=on ib=ok tunnel_fail=0 ib_fail=0
[watchdog] socks=CA gw=on ib=ok tunnel_fail=0 ib_fail=0
[watchdog] socks=CA gw=on ib=ok tunnel_fail=0 ib_fail=0
[watchdog] socks=CA gw=on ib=ok tunnel_fail=0 ib_fail=0
[watchdog] socks=CA gw=on ib=ok tunnel_fail=0 ib_fail=0
[watchdog] socks=CA gw=on ib=ok tunnel_fail=0 ib_fail=0
[watchdog] socks=CA gw=on ib=ok tunnel_fail=0 ib_fail=0
[watchdog] socks=CA gw=on ib=ok tunnel_fail=0 ib_fail=0
[watchdog] socks=CA gw=on ib=ok tunnel_fail=0 ib_fail=0
[watchdog] socks=CA gw=on ib=ok tunnel_fail=0 ib_fail=0
[watchdog] socks=CA gw=on ib=ok tunnel_fail=0 ib_fail=0
[watchdog] socks=CA gw=on ib=ok tunnel_fail=0 ib_fail=0
[watchdog] socks=CA gw=on ib=ok tunnel_fail=0 ib_fail=0
[watchdog] socks=CA gw=on ib=ok tunnel_fail=0 ib_fail=0
[watchdog] socks=CA gw=on ib=ok tunnel_fail=0 ib_fail=0
[watchdog] socks=CA gw=on ib=ok tunnel_fail=0 ib_fail=0
[watchdog] socks=CA gw=on ib=ok tunnel_fail=0 ib_fail=0
[watchdog] socks=CA gw=on ib=ok tunnel_fail=0 ib_fail=0
[watchdog] socks=CA gw=on ib=ok tunnel_fail=0 ib_fail=0
[watchdog] socks=CA gw=on ib=ok tunnel_fail=0 ib_fail=0
[watchdog] socks=CA gw=on ib=ok tunnel_fail=0 ib_fail=0
[watchdog] socks=CA gw=on ib=ok tunnel_fail=0 ib_fail=0
[watchdog] socks=CA gw=on ib=ok tunnel_fail=0 ib_fail=0
[watchdog] socks=CA gw=on ib=ok tunnel_fail=0 ib_fail=0
[watchdog] socks=CA gw=on ib=ok tunnel_fail=0 ib_fail=0
[watchdog] socks=CA gw=on ib=ok tunnel_fail=0 ib_fail=0
[watchdog] socks=CA gw=on ib=ok tunnel_fail=0 ib_fail=0
[watchdog] socks=CA gw=on ib=ok tunnel_fail=0 ib_fail=0
[watchdog] socks=CA gw=on ib=ok tunnel_fail=0 ib_fail=0
[watchdog] socks=CA gw=on ib=ok tunnel_fail=0 ib_fail=0
[watchdog] socks=CA gw=on ib=ok tunnel_fail=0 ib_fail=0
[watchdog] socks=CA gw=on ib=ok tunnel_fail=0 ib_fail=0
[watchdog] socks=CA gw=on ib=ok tunnel_fail=0 ib_fail=0
[watchdog] socks=CA gw=on ib=ok tunnel_fail=0 ib_fail=0
[watchdog] socks=CA gw=on ib=ok tunnel_fail=0 ib_fail=0
[watchdog] socks=CA gw=on ib=ok tunnel_fail=0 ib_fail=0
[watchdog] socks=CA gw=on ib=ok tunnel_fail=0 ib_fail=0
[watchdog] socks=CA gw=on ib=ok tunnel_fail=0 ib_fail=0
[watchdog] socks=CA gw=on ib=ok tunnel_fail=0 ib_fail=0
[watchdog] socks=CA gw=on ib=ok tunnel_fail=0 ib_fail=0
[watchdog] socks=CA gw=on ib=ok tunnel_fail=0 ib_fail=0
[watchdog] socks=CA gw=on ib=ok tunnel_fail=0 ib_fail=0
[watchdog] socks=CA gw=on ib=ok tunnel_fail=0 ib_fail=0
[watchdog] socks=CA gw=on ib=ok tunnel_fail=0 ib_fail=0
[watchdog] socks=CA gw=on ib=ok tunnel_fail=0 ib_fail=0
[watchdog] socks=CA gw=on ib=ok tunnel_fail=0 ib_fail=0
[watchdog] socks=CA gw=on ib=ok tunnel_fail=0 ib_fail=0
[watchdog] socks=CA gw=on ib=ok tunnel_fail=0 ib_fail=0
[watchdog] socks=CA gw=on ib=ok tunnel_fail=0 ib_fail=0
[watchdog] socks=CA gw=on ib=ok tunnel_fail=0 ib_fail=0
[watchdog] socks=CA gw=on ib=ok tunnel_fail=0 ib_fail=0
[watchdog] socks=CA gw=on ib=ok tunnel_fail=0 ib_fail=0
[watchdog] socks=CA gw=on ib=ok tunnel_fail=0 ib_fail=0
[watchdog] socks=CA gw=on ib=ok tunnel_fail=0 ib_fail=0
[watchdog] socks=CA gw=on ib=ok tunnel_fail=0 ib_fail=0
[watchdog] socks=CA gw=on ib=ok tunnel_fail=0 ib_fail=0
[watchdog] socks=CA gw=on ib=ok tunnel_fail=0 ib_fail=0
[watchdog] socks=CA gw=on ib=ok tunnel_fail=0 ib_fail=0
[watchdog] socks=CA gw=on ib=ok tunnel_fail=0 ib_fail=0
[watchdog] socks=CA gw=on ib=ok tunnel_fail=0 ib_fail=0
[watchdog] socks=CA gw=on ib=ok tunnel_fail=0 ib_fail=0
[watchdog] socks=CA gw=on ib=ok tunnel_fail=0 ib_fail=0
[watchdog] socks=CA gw=on ib=ok tunnel_fail=0 ib_fail=0
[watchdog] socks=CA gw=on ib=ok tunnel_fail=0 ib_fail=0
[watchdog] socks=CA gw=on ib=ok tunnel_fail=0 ib_fail=0
[watchdog] socks=CA gw=on ib=ok tunnel_fail=0 ib_fail=0
[watchdog] socks=CA gw=on ib=ok tunnel_fail=0 ib_fail=0
[watchdog] socks=CA gw=on ib=ok tunnel_fail=0 ib_fail=0
[watchdog] socks=CA gw=on ib=ok tunnel_fail=0 ib_fail=0
[watchdog] socks=CA gw=on ib=ok tunnel_fail=0 ib_fail=0
[watchdog] socks=CA gw=on ib=ok tunnel_fail=0 ib_fail=0
[watchdog] socks=CA gw=on ib=ok tunnel_fail=0 ib_fail=0
[watchdog] socks=CA gw=on ib=ok tunnel_fail=0 ib_fail=0
[watchdog] socks=CA gw=on ib=ok tunnel_fail=0 ib_fail=0
[watchdog] socks=CA gw=on ib=ok tunnel_fail=0 ib_fail=0
[watchdog] socks=CA gw=on ib=ok tunnel_fail=0 ib_fail=0
[watchdog] socks=CA gw=on ib=ok tunnel_fail=0 ib_fail=0
[watchdog] socks=CA gw=on ib=ok tunnel_fail=0 ib_fail=0
[watchdog] socks=CA gw=on ib=ok tunnel_fail=0 ib_fail=0
[watchdog] socks=CA gw=on ib=ok tunnel_fail=0 ib_fail=0
[watchdog] socks=CA gw=on ib=ok tunnel_fail=0 ib_fail=0
[watchdog] socks=CA gw=on ib=ok tunnel_fail=0 ib_fail=0
[watchdog] socks=CA gw=on ib=ok tunnel_fail=0 ib_fail=0
[watchdog] socks=CA gw=on ib=ok tunnel_fail=0 ib_fail=0
[watchdog] socks=CA gw=on ib=ok tunnel_fail=0 ib_fail=0
[watchdog] socks=CA gw=on ib=ok tunnel_fail=0 ib_fail=0
[watchdog] socks=CA gw=on ib=ok tunnel_fail=0 ib_fail=0
[watchdog] socks=CA gw=on ib=ok tunnel_fail=0 ib_fail=0
[watchdog] socks=CA gw=on ib=ok tunnel_fail=0 ib_fail=0
[watchdog] socks=CA gw=on ib=ok tunnel_fail=0 ib_fail=0
[watchdog] socks=CA gw=on ib=ok tunnel_fail=0 ib_fail=0
[watchdog] socks=CA gw=on ib=ok tunnel_fail=0 ib_fail=0
[watchdog] socks=CA gw=on ib=ok tunnel_fail=0 ib_fail=0
[watchdog] socks=CA gw=on ib=ok tunnel_fail=0 ib_fail=0
[watchdog] socks=CA gw=on ib=ok tunnel_fail=0 ib_fail=0
[watchdog] socks=CA gw=on ib=ok tunnel_fail=0 ib_fail=0
[watchdog] socks=CA gw=on ib=ok tunnel_fail=0 ib_fail=0
[watchdog] socks=CA gw=on ib=ok tunnel_fail=0 ib_fail=0
[watchdog] socks=CA gw=on ib=ok tunnel_fail=0 ib_fail=0
[watchdog] socks=CA gw=on ib=ok tunnel_fail=0 ib_fail=0
[watchdog] socks=CA gw=on ib=ok tunnel_fail=0 ib_fail=0
[watchdog] socks=CA gw=on ib=ok tunnel_fail=0 ib_fail=0
[watchdog] socks=CA gw=on ib=ok tunnel_fail=0 ib_fail=0
[watchdog] socks=CA gw=on ib=ok tunnel_fail=0 ib_fail=0
[watchdog] socks=CA gw=on ib=ok tunnel_fail=0 ib_fail=0
[watchdog] socks=CA gw=on ib=ok tunnel_fail=0 ib_fail=0
[watchdog] socks=CA gw=on ib=ok tunnel_fail=0 ib_fail=0
[watchdog] socks=CA gw=on ib=ok tunnel_fail=0 ib_fail=0
[watchdog] socks=CA gw=on ib=ok tunnel_fail=0 ib_fail=0
[watchdog] socks=CA gw=on ib=ok tunnel_fail=0 ib_fail=0
[watchdog] socks=CA gw=on ib=ok tunnel_fail=0 ib_fail=0
[ib_nav err] AttributeError: 'NoneType' object has no attribute 'accountSummary'
[watchdog] socks=无 gw=on ib=fail×1 tunnel_fail=1 ib_fail=1
[ib_nav err] AttributeError: 'NoneType' object has no attribute 'accountSummary'
[watchdog] socks=无 gw=on ib=fail×2 tunnel_fail=2 ib_fail=2
[ib_nav err] AttributeError: 'NoneType' object has no attribute 'accountSummary'
[watchdog] socks=无 gw=on ib=fail×3 tunnel_fail=3 ib_fail=3
[ib_nav err] AttributeError: 'NoneType' object has no attribute 'accountSummary'
[watchdog] socks=无 gw=on ib=fail×4 tunnel_fail=4 ib_fail=4
[ib_nav err] AttributeError: 'NoneType' object has no attribute 'accountSummary'
[watchdog] socks=无 gw=on ib=fail×5 tunnel_fail=5 ib_fail=5
[ib_nav err] AttributeError: 'NoneType' object has no attribute 'accountSummary'
[watchdog] socks=无 gw=on ib=fail×6 tunnel_fail=6 ib_fail=6
[ib_nav err] AttributeError: 'NoneType' object has no attribute 'accountSummary'
[watchdog] socks=无 gw=on ib=fail×7 tunnel_fail=7 ib_fail=7
[ib_nav err] AttributeError: 'NoneType' object has no attribute 'accountSummary'
[watchdog] socks=无 gw=on ib=fail×8 tunnel_fail=8 ib_fail=8
[ib_nav err] AttributeError: 'NoneType' object has no attribute 'accountSummary'
[watchdog] socks=无 gw=on ib=fail×9 tunnel_fail=9 ib_fail=9
[ib_nav err] AttributeError: 'NoneType' object has no attribute 'accountSummary'
[watchdog] socks=无 gw=on ib=fail×10 tunnel_fail=10 ib_fail=10
[ib_nav err] AttributeError: 'NoneType' object has no attribute 'accountSummary'
[watchdog] socks=无 gw=on ib=fail×11 tunnel_fail=11 ib_fail=11
[ib_nav err] AttributeError: 'NoneType' object has no attribute 'accountSummary'
[watchdog] socks=无 gw=on ib=fail×12 tunnel_fail=12 ib_fail=12
[ib_nav err] AttributeError: 'NoneType' object has no attribute 'accountSummary'
[watchdog] socks=无 gw=on ib=fail×13 tunnel_fail=13 ib_fail=13
[ib_nav err] AttributeError: 'NoneType' object has no attribute 'accountSummary'
[watchdog] socks=无 gw=on ib=fail×14 tunnel_fail=14 ib_fail=14
[ib_nav err] AttributeError: 'NoneType' object has no attribute 'accountSummary'
[watchdog] socks=无 gw=on ib=fail×15 tunnel_fail=15 ib_fail=15
[ib_nav err] AttributeError: 'NoneType' object has no attribute 'accountSummary'
[watchdog] socks=无 gw=on ib=fail×16 tunnel_fail=16 ib_fail=16
[ib_nav err] AttributeError: 'NoneType' object has no attribute 'accountSummary'
[watchdog] socks=无 gw=on ib=fail×17 tunnel_fail=17 ib_fail=17
[watchdog] socks=CA gw=off ib=n/a tunnel_fail=0 ib_fail=17
[watchdog] socks=CA gw=off ib=n/a tunnel_fail=0 ib_fail=17
[watchdog] socks=CA gw=off ib=n/a tunnel_fail=0 ib_fail=17
[watchdog] socks=CA gw=off ib=n/a tunnel_fail=0 ib_fail=17
[watchdog] socks=CA gw=off ib=n/a tunnel_fail=0 ib_fail=17
[watchdog] socks=CA gw=off ib=n/a tunnel_fail=0 ib_fail=17
[watchdog] socks=CA gw=off ib=n/a tunnel_fail=0 ib_fail=17
[watchdog] socks=CA gw=off ib=n/a tunnel_fail=0 ib_fail=17
[watchdog] socks=CA gw=off ib=n/a tunnel_fail=0 ib_fail=17
[watchdog] socks=CA gw=off ib=n/a tunnel_fail=0 ib_fail=17
[watchdog] socks=CA gw=off ib=n/a tunnel_fail=0 ib_fail=17
[watchdog] socks=无 gw=off ib=n/a tunnel_fail=1 ib_fail=17
[watchdog] socks=CA gw=off ib=n/a tunnel_fail=0 ib_fail=17
[watchdog] socks=CA gw=off ib=n/a tunnel_fail=0 ib_fail=17
[watchdog] socks=CA gw=off ib=n/a tunnel_fail=0 ib_fail=17
[watchdog] socks=CA gw=off ib=n/a tunnel_fail=0 ib_fail=17
[watchdog] socks=CA gw=on ib=ok tunnel_fail=0 ib_fail=0
[watchdog] socks=CA gw=on ib=ok tunnel_fail=0 ib_fail=0
[watchdog] socks=CA gw=on ib=ok tunnel_fail=0 ib_fail=0
[watchdog] socks=CA gw=on ib=ok tunnel_fail=0 ib_fail=0
[watchdog] socks=CA gw=on ib=ok tunnel_fail=0 ib_fail=0
[watchdog] socks=CA gw=on ib=ok tunnel_fail=0 ib_fail=0
[watchdog] socks=CA gw=on ib=ok tunnel_fail=0 ib_fail=0
[watchdog] socks=CA gw=on ib=ok tunnel_fail=0 ib_fail=0
[watchdog] socks=CA gw=on ib=ok tunnel_fail=0 ib_fail=0
[watchdog] socks=CA gw=on ib=ok tunnel_fail=0 ib_fail=0
[watchdog] socks=CA gw=on ib=ok tunnel_fail=0 ib_fail=0
[watchdog] socks=CA gw=on ib=ok tunnel_fail=0 ib_fail=0
[watchdog] socks=CA gw=on ib=ok tunnel_fail=0 ib_fail=0
[watchdog] socks=CA gw=on ib=ok tunnel_fail=0 ib_fail=0
[watchdog] socks=CA gw=on ib=ok tunnel_fail=0 ib_fail=0
[watchdog] socks=CA gw=on ib=ok tunnel_fail=0 ib_fail=0
[watchdog] socks=CA gw=on ib=ok tunnel_fail=0 ib_fail=0
[watchdog] socks=CA gw=on ib=ok tunnel_fail=0 ib_fail=0
[watchdog] socks=CA gw=on ib=ok tunnel_fail=0 ib_fail=0
[watchdog] socks=CA gw=on ib=ok tunnel_fail=0 ib_fail=0
[watchdog] socks=CA gw=on ib=ok tunnel_fail=0 ib_fail=0
[watchdog] socks=CA gw=on ib=ok tunnel_fail=0 ib_fail=0
[ib_nav err] AttributeError: 'NoneType' object has no attribute 'accountSummary'
[watchdog] socks=无 gw=on ib=fail×1 tunnel_fail=1 ib_fail=1
[ib_nav err] AttributeError: 'NoneType' object has no attribute 'accountSummary'
[watchdog] socks=无 gw=on ib=fail×2 tunnel_fail=2 ib_fail=2
[ib_nav err] AttributeError: 'NoneType' object has no attribute 'accountSummary'
[watchdog] socks=无 gw=on ib=fail×3 tunnel_fail=3 ib_fail=3
[watchdog] socks=CA gw=on ib=ok tunnel_fail=0 ib_fail=0
[watchdog] socks=CA gw=on ib=ok tunnel_fail=0 ib_fail=0
[watchdog] socks=CA gw=on ib=ok tunnel_fail=0 ib_fail=0
[watchdog] socks=CA gw=on ib=ok tunnel_fail=0 ib_fail=0
[watchdog] socks=CA gw=on ib=ok tunnel_fail=0 ib_fail=0
[watchdog] socks=CA gw=on ib=ok tunnel_fail=0 ib_fail=0
[watchdog] socks=CA gw=on ib=ok tunnel_fail=0 ib_fail=0
[watchdog] socks=CA gw=on ib=ok tunnel_fail=0 ib_fail=0
[watchdog] socks=CA gw=on ib=ok tunnel_fail=0 ib_fail=0
[watchdog] socks=CA gw=on ib=ok tunnel_fail=0 ib_fail=0
[watchdog] socks=CA gw=on ib=ok tunnel_fail=0 ib_fail=0
[watchdog] socks=CA gw=on ib=ok tunnel_fail=0 ib_fail=0
[watchdog] socks=CA gw=on ib=ok tunnel_fail=0 ib_fail=0
[watchdog] socks=CA gw=on ib=ok tunnel_fail=0 ib_fail=0
[watchdog] socks=CA gw=on ib=ok tunnel_fail=0 ib_fail=0
[watchdog] socks=CA gw=on ib=ok tunnel_fail=0 ib_fail=0
[watchdog] socks=CA gw=on ib=ok tunnel_fail=0 ib_fail=0
[watchdog] socks=CA gw=on ib=ok tunnel_fail=0 ib_fail=0
[watchdog] socks=CA gw=on ib=ok tunnel_fail=0 ib_fail=0
[ib_nav err] AttributeError: 'NoneType' object has no attribute 'accountSummary'
[watchdog] socks=无 gw=on ib=fail×1 tunnel_fail=1 ib_fail=1
[watchdog] socks=无 gw=on ib=ok tunnel_fail=2 ib_fail=0
[watchdog] socks=CA gw=on ib=ok tunnel_fail=0 ib_fail=0
[watchdog] socks=CA gw=on ib=ok tunnel_fail=0 ib_fail=0
[watchdog] socks=CA gw=on ib=ok tunnel_fail=0 ib_fail=0
[watchdog] socks=CA gw=on ib=ok tunnel_fail=0 ib_fail=0
[watchdog] socks=CA gw=on ib=ok tunnel_fail=0 ib_fail=0
[watchdog] socks=CA gw=on ib=ok tunnel_fail=0 ib_fail=0
[watchdog] socks=CA gw=on ib=ok tunnel_fail=0 ib_fail=0
[watchdog] socks=CA gw=on ib=ok tunnel_fail=0 ib_fail=0
[watchdog] socks=CA gw=on ib=ok tunnel_fail=0 ib_fail=0
[watchdog] socks=CA gw=on ib=ok tunnel_fail=0 ib_fail=0
[watchdog] socks=CA gw=on ib=ok tunnel_fail=0 ib_fail=0
[watchdog] socks=CA gw=on ib=ok tunnel_fail=0 ib_fail=0
[watchdog] socks=CA gw=on ib=ok tunnel_fail=0 ib_fail=0
[watchdog] socks=CA gw=on ib=ok tunnel_fail=0 ib_fail=0
[watchdog] socks=CA gw=on ib=ok tunnel_fail=0 ib_fail=0
[watchdog] socks=CA gw=on ib=ok tunnel_fail=0 ib_fail=0
[watchdog] socks=CA gw=on ib=ok tunnel_fail=0 ib_fail=0
[watchdog] socks=CA gw=on ib=ok tunnel_fail=0 ib_fail=0
[watchdog] socks=CA gw=on ib=ok tunnel_fail=0 ib_fail=0
[watchdog] socks=CA gw=on ib=ok tunnel_fail=0 ib_fail=0
[watchdog] socks=CA gw=on ib=ok tunnel_fail=0 ib_fail=0
[watchdog] socks=CA gw=on ib=ok tunnel_fail=0 ib_fail=0
[watchdog] socks=CA gw=on ib=ok tunnel_fail=0 ib_fail=0
[watchdog] socks=CA gw=on ib=ok tunnel_fail=0 ib_fail=0
[watchdog] socks=CA gw=on ib=ok tunnel_fail=0 ib_fail=0
[watchdog] socks=CA gw=on ib=ok tunnel_fail=0 ib_fail=0
[watchdog] socks=CA gw=on ib=ok tunnel_fail=0 ib_fail=0
[watchdog] socks=CA gw=on ib=ok tunnel_fail=0 ib_fail=0
[watchdog] socks=CA gw=on ib=ok tunnel_fail=0 ib_fail=0
[watchdog] socks=CA gw=on ib=ok tunnel_fail=0 ib_fail=0
[watchdog] socks=CA gw=on ib=ok tunnel_fail=0 ib_fail=0
[watchdog] socks=CA gw=on ib=ok tunnel_fail=0 ib_fail=0
[watchdog] socks=CA gw=on ib=ok tunnel_fail=0 ib_fail=0
[watchdog] socks=CA gw=on ib=ok tunnel_fail=0 ib_fail=0
[watchdog] socks=CA gw=on ib=ok tunnel_fail=0 ib_fail=0
[watchdog] socks=CA gw=on ib=ok tunnel_fail=0 ib_fail=0
[watchdog] socks=CA gw=on ib=ok tunnel_fail=0 ib_fail=0
[watchdog] socks=CA gw=on ib=ok tunnel_fail=0 ib_fail=0
[watchdog] socks=CA gw=on ib=ok tunnel_fail=0 ib_fail=0
[watchdog] socks=CA gw=on ib=ok tunnel_fail=0 ib_fail=0
[watchdog] socks=CA gw=on ib=ok tunnel_fail=0 ib_fail=0
[watchdog] socks=CA gw=on ib=ok tunnel_fail=0 ib_fail=0
[watchdog] socks=CA gw=on ib=ok tunnel_fail=0 ib_fail=0
[watchdog] socks=CA gw=on ib=ok tunnel_fail=0 ib_fail=0
[watchdog] socks=CA gw=on ib=ok tunnel_fail=0 ib_fail=0
[watchdog] socks=CA gw=on ib=ok tunnel_fail=0 ib_fail=0
[watchdog] socks=CA gw=on ib=ok tunnel_fail=0 ib_fail=0
[watchdog] socks=CA gw=on ib=ok tunnel_fail=0 ib_fail=0
[watchdog] socks=CA gw=on ib=ok tunnel_fail=0 ib_fail=0
[watchdog] socks=CA gw=on ib=ok tunnel_fail=0 ib_fail=0
[watchdog] socks=CA gw=on ib=ok tunnel_fail=0 ib_fail=0
[watchdog] socks=CA gw=on ib=ok tunnel_fail=0 ib_fail=0
[watchdog] socks=CA gw=on ib=ok tunnel_fail=0 ib_fail=0
[watchdog] socks=CA gw=on ib=ok tunnel_fail=0 ib_fail=0
[watchdog] socks=CA gw=on ib=ok tunnel_fail=0 ib_fail=0
[watchdog] socks=CA gw=on ib=ok tunnel_fail=0 ib_fail=0
[watchdog] socks=CA gw=on ib=ok tunnel_fail=0 ib_fail=0
[watchdog] socks=CA gw=on ib=ok tunnel_fail=0 ib_fail=0
[watchdog] socks=CA gw=on ib=ok tunnel_fail=0 ib_fail=0
[watchdog] socks=CA gw=on ib=ok tunnel_fail=0 ib_fail=0
[watchdog] socks=CA gw=on ib=ok tunnel_fail=0 ib_fail=0
[watchdog] socks=CA gw=on ib=ok tunnel_fail=0 ib_fail=0
[watchdog] socks=CA gw=on ib=ok tunnel_fail=0 ib_fail=0
[watchdog] socks=CA gw=on ib=ok tunnel_fail=0 ib_fail=0
[watchdog] socks=CA gw=on ib=ok tunnel_fail=0 ib_fail=0
[watchdog] socks=CA gw=on ib=ok tunnel_fail=0 ib_fail=0
[watchdog] socks=CA gw=on ib=ok tunnel_fail=0 ib_fail=0
[watchdog] socks=CA gw=on ib=ok tunnel_fail=0 ib_fail=0
[watchdog] socks=CA gw=on ib=ok tunnel_fail=0 ib_fail=0
[watchdog] socks=CA gw=on ib=ok tunnel_fail=0 ib_fail=0
[watchdog] socks=CA gw=on ib=ok tunnel_fail=0 ib_fail=0
[watchdog] socks=CA gw=on ib=ok tunnel_fail=0 ib_fail=0
[watchdog] socks=CA gw=on ib=ok tunnel_fail=0 ib_fail=0
[watchdog] socks=CA gw=on ib=ok tunnel_fail=0 ib_fail=0
[watchdog] socks=CA gw=on ib=ok tunnel_fail=0 ib_fail=0
[watchdog] socks=CA gw=on ib=ok tunnel_fail=0 ib_fail=0
[watchdog] socks=CA gw=on ib=ok tunnel_fail=0 ib_fail=0
[watchdog] socks=CA gw=on ib=ok tunnel_fail=0 ib_fail=0
[watchdog] socks=CA gw=on ib=ok tunnel_fail=0 ib_fail=0
[watchdog] socks=CA gw=on ib=ok tunnel_fail=0 ib_fail=0
[watchdog] socks=CA gw=on ib=ok tunnel_fail=0 ib_fail=0
[watchdog] socks=CA gw=on ib=ok tunnel_fail=0 ib_fail=0
[watchdog] socks=CA gw=on ib=ok tunnel_fail=0 ib_fail=0
[watchdog] socks=CA gw=on ib=ok tunnel_fail=0 ib_fail=0
[watchdog] socks=CA gw=on ib=ok tunnel_fail=0 ib_fail=0
[watchdog] socks=CA gw=on ib=ok tunnel_fail=0 ib_fail=0
[watchdog] socks=CA gw=on ib=ok tunnel_fail=0 ib_fail=0
[watchdog] socks=CA gw=on ib=ok tunnel_fail=0 ib_fail=0
[watchdog] socks=CA gw=on ib=ok tunnel_fail=0 ib_fail=0
[watchdog] socks=CA gw=on ib=ok tunnel_fail=0 ib_fail=0
[watchdog] socks=CA gw=on ib=ok tunnel_fail=0 ib_fail=0
[watchdog] socks=CA gw=on ib=ok tunnel_fail=0 ib_fail=0
[watchdog] socks=CA gw=on ib=ok tunnel_fail=0 ib_fail=0
[watchdog] socks=CA gw=on ib=ok tunnel_fail=0 ib_fail=0
[watchdog] socks=CA gw=on ib=ok tunnel_fail=0 ib_fail=0
[watchdog] socks=CA gw=on ib=ok tunnel_fail=0 ib_fail=0
[watchdog] socks=CA gw=on ib=ok tunnel_fail=0 ib_fail=0
[watchdog] socks=CA gw=on ib=ok tunnel_fail=0 ib_fail=0
[watchdog] socks=CA gw=on ib=ok tunnel_fail=0 ib_fail=0
[watchdog] socks=CA gw=on ib=ok tunnel_fail=0 ib_fail=0
[watchdog] socks=CA gw=on ib=ok tunnel_fail=0 ib_fail=0
[watchdog] socks=CA gw=on ib=ok tunnel_fail=0 ib_fail=0
[watchdog] socks=CA gw=on ib=ok tunnel_fail=0 ib_fail=0
[watchdog] socks=CA gw=on ib=ok tunnel_fail=0 ib_fail=0
[watchdog] socks=CA gw=on ib=ok tunnel_fail=0 ib_fail=0
[watchdog] socks=CA gw=on ib=ok tunnel_fail=0 ib_fail=0
[watchdog] socks=CA gw=on ib=ok tunnel_fail=0 ib_fail=0
[watchdog] socks=CA gw=on ib=ok tunnel_fail=0 ib_fail=0
[watchdog] socks=CA gw=on ib=ok tunnel_fail=0 ib_fail=0
[watchdog] socks=CA gw=on ib=ok tunnel_fail=0 ib_fail=0
[watchdog] socks=CA gw=on ib=ok tunnel_fail=0 ib_fail=0
[watchdog] socks=CA gw=on ib=ok tunnel_fail=0 ib_fail=0
[watchdog] socks=CA gw=on ib=ok tunnel_fail=0 ib_fail=0
[watchdog] socks=CA gw=on ib=ok tunnel_fail=0 ib_fail=0
[watchdog] socks=CA gw=on ib=ok tunnel_fail=0 ib_fail=0
[watchdog] socks=CA gw=on ib=ok tunnel_fail=0 ib_fail=0
[watchdog] socks=CA gw=on ib=ok tunnel_fail=0 ib_fail=0
[watchdog] socks=CA gw=on ib=ok tunnel_fail=0 ib_fail=0
[watchdog] socks=CA gw=on ib=ok tunnel_fail=0 ib_fail=0
[watchdog] socks=CA gw=on ib=ok tunnel_fail=0 ib_fail=0
[watchdog] socks=CA gw=on ib=ok tunnel_fail=0 ib_fail=0
[watchdog] socks=CA gw=on ib=ok tunnel_fail=0 ib_fail=0
[watchdog] socks=CA gw=on ib=ok tunnel_fail=0 ib_fail=0
[watchdog] socks=CA gw=on ib=ok tunnel_fail=0 ib_fail=0
[watchdog] socks=CA gw=on ib=ok tunnel_fail=0 ib_fail=0
[watchdog] socks=CA gw=on ib=ok tunnel_fail=0 ib_fail=0
[watchdog] socks=CA gw=on ib=ok tunnel_fail=0 ib_fail=0
[watchdog] socks=CA gw=on ib=ok tunnel_fail=0 ib_fail=0
[watchdog] socks=CA gw=on ib=ok tunnel_fail=0 ib_fail=0
[watchdog] socks=CA gw=on ib=ok tunnel_fail=0 ib_fail=0
[watchdog] socks=CA gw=on ib=ok tunnel_fail=0 ib_fail=0
[watchdog] socks=CA gw=on ib=ok tunnel_fail=0 ib_fail=0
[watchdog] socks=CA gw=on ib=ok tunnel_fail=0 ib_fail=0
[watchdog] socks=CA gw=on ib=ok tunnel_fail=0 ib_fail=0
[watchdog] socks=CA gw=on ib=ok tunnel_fail=0 ib_fail=0
[watchdog] socks=CA gw=on ib=ok tunnel_fail=0 ib_fail=0
[watchdog] socks=CA gw=on ib=ok tunnel_fail=0 ib_fail=0
[watchdog] socks=CA gw=on ib=ok tunnel_fail=0 ib_fail=0
[watchdog] socks=CA gw=on ib=ok tunnel_fail=0 ib_fail=0
[watchdog] socks=CA gw=on ib=ok tunnel_fail=0 ib_fail=0
[watchdog] socks=CA gw=on ib=ok tunnel_fail=0 ib_fail=0
[watchdog] socks=CA gw=on ib=ok tunnel_fail=0 ib_fail=0
[watchdog] socks=CA gw=on ib=ok tunnel_fail=0 ib_fail=0
[watchdog] socks=CA gw=on ib=ok tunnel_fail=0 ib_fail=0
[watchdog] socks=CA gw=on ib=ok tunnel_fail=0 ib_fail=0
[watchdog] socks=CA gw=on ib=ok tunnel_fail=0 ib_fail=0
[watchdog] socks=CA gw=on ib=ok tunnel_fail=0 ib_fail=0
[watchdog] socks=CA gw=on ib=ok tunnel_fail=0 ib_fail=0
[watchdog] socks=CA gw=on ib=ok tunnel_fail=0 ib_fail=0
[watchdog] socks=CA gw=on ib=ok tunnel_fail=0 ib_fail=0
[watchdog] socks=CA gw=on ib=ok tunnel_fail=0 ib_fail=0
[watchdog] socks=CA gw=on ib=ok tunnel_fail=0 ib_fail=0
[watchdog] socks=CA gw=on ib=ok tunnel_fail=0 ib_fail=0
[ib_nav err] AttributeError: 'NoneType' object has no attribute 'accountSummary'
[watchdog] socks=无 gw=on ib=fail×1 tunnel_fail=1 ib_fail=1
[ib_nav err] AttributeError: 'NoneType' object has no attribute 'accountSummary'
[watchdog] socks=无 gw=on ib=fail×2 tunnel_fail=2 ib_fail=2
[ib_nav err] AttributeError: 'NoneType' object has no attribute 'accountSummary'
[watchdog] socks=无 gw=on ib=fail×3 tunnel_fail=3 ib_fail=3
[ib_nav err] AttributeError: 'NoneType' object has no attribute 'accountSummary'
[watchdog] socks=无 gw=on ib=fail×4 tunnel_fail=4 ib_fail=4
[ib_nav err] AttributeError: 'NoneType' object has no attribute 'accountSummary'
[watchdog] socks=无 gw=on ib=fail×5 tunnel_fail=5 ib_fail=5
[ib_nav err] AttributeError: 'NoneType' object has no attribute 'accountSummary'
[watchdog] socks=无 gw=on ib=fail×6 tunnel_fail=6 ib_fail=6
[ib_nav err] AttributeError: 'NoneType' object has no attribute 'accountSummary'
[watchdog] socks=无 gw=on ib=fail×7 tunnel_fail=7 ib_fail=7
[ib_nav err] AttributeError: 'NoneType' object has no attribute 'accountSummary'
[watchdog] socks=无 gw=on ib=fail×8 tunnel_fail=8 ib_fail=8
[ib_nav err] AttributeError: 'NoneType' object has no attribute 'accountSummary'
[watchdog] socks=无 gw=on ib=fail×9 tunnel_fail=9 ib_fail=9
[ib_nav err] AttributeError: 'NoneType' object has no attribute 'accountSummary'
[watchdog] socks=无 gw=on ib=fail×10 tunnel_fail=10 ib_fail=10
[ib_nav err] AttributeError: 'NoneType' object has no attribute 'accountSummary'
[watchdog] socks=无 gw=on ib=fail×11 tunnel_fail=11 ib_fail=11
[ib_nav err] AttributeError: 'NoneType' object has no attribute 'accountSummary'
[watchdog] socks=无 gw=on ib=fail×12 tunnel_fail=12 ib_fail=12
[ib_nav err] AttributeError: 'NoneType' object has no attribute 'accountSummary'
[watchdog] socks=无 gw=on ib=fail×13 tunnel_fail=13 ib_fail=13
[ib_nav err] AttributeError: 'NoneType' object has no attribute 'accountSummary'
[watchdog] socks=无 gw=on ib=fail×14 tunnel_fail=14 ib_fail=14
[ib_nav err] AttributeError: 'NoneType' object has no attribute 'accountSummary'
[watchdog] socks=无 gw=on ib=fail×15 tunnel_fail=15 ib_fail=15
[ib_nav err] AttributeError: 'NoneType' object has no attribute 'accountSummary'
[watchdog] socks=无 gw=on ib=fail×16 tunnel_fail=16 ib_fail=16
[ib_nav err] AttributeError: 'NoneType' object has no attribute 'accountSummary'
[watchdog] socks=无 gw=on ib=fail×17 tunnel_fail=17 ib_fail=17
[ib_nav err] AttributeError: 'NoneType' object has no attribute 'accountSummary'
[watchdog] socks=无 gw=on ib=fail×18 tunnel_fail=18 ib_fail=18
[ib_nav err] AttributeError: 'NoneType' object has no attribute 'accountSummary'
[watchdog] socks=无 gw=on ib=fail×19 tunnel_fail=19 ib_fail=19
[ib_nav err] AttributeError: 'NoneType' object has no attribute 'accountSummary'
[watchdog] socks=无 gw=on ib=fail×20 tunnel_fail=20 ib_fail=20
[ib_nav err] AttributeError: 'NoneType' object has no attribute 'accountSummary'
[watchdog] socks=无 gw=on ib=fail×21 tunnel_fail=21 ib_fail=21
[ib_nav err] AttributeError: 'NoneType' object has no attribute 'accountSummary'
[watchdog] socks=无 gw=on ib=fail×22 tunnel_fail=22 ib_fail=22
[ib_nav err] AttributeError: 'NoneType' object has no attribute 'accountSummary'
[watchdog] socks=无 gw=on ib=fail×23 tunnel_fail=23 ib_fail=23
[ib_nav err] AttributeError: 'NoneType' object has no attribute 'accountSummary'
[watchdog] socks=无 gw=on ib=fail×24 tunnel_fail=24 ib_fail=24
[ib_nav err] AttributeError: 'NoneType' object has no attribute 'accountSummary'
[watchdog] socks=无 gw=on ib=fail×25 tunnel_fail=25 ib_fail=25
[ib_nav err] AttributeError: 'NoneType' object has no attribute 'accountSummary'
[watchdog] socks=无 gw=on ib=fail×26 tunnel_fail=26 ib_fail=26
[ib_nav err] AttributeError: 'NoneType' object has no attribute 'accountSummary'
[watchdog] socks=无 gw=on ib=fail×27 tunnel_fail=27 ib_fail=27
[ib_nav err] AttributeError: 'NoneType' object has no attribute 'accountSummary'
[watchdog] socks=无 gw=on ib=fail×28 tunnel_fail=28 ib_fail=28
[ib_nav err] AttributeError: 'NoneType' object has no attribute 'accountSummary'
[watchdog] socks=无 gw=on ib=fail×29 tunnel_fail=29 ib_fail=29
[ib_nav err] AttributeError: 'NoneType' object has no attribute 'accountSummary'
[watchdog] socks=无 gw=on ib=fail×30 tunnel_fail=30 ib_fail=30
[ib_nav err] AttributeError: 'NoneType' object has no attribute 'accountSummary'
[watchdog] socks=无 gw=on ib=fail×31 tunnel_fail=31 ib_fail=31
[ib_nav err] AttributeError: 'NoneType' object has no attribute 'accountSummary'
[watchdog] socks=无 gw=on ib=fail×32 tunnel_fail=32 ib_fail=32
[ib_nav err] AttributeError: 'NoneType' object has no attribute 'accountSummary'
[watchdog] socks=无 gw=on ib=fail×33 tunnel_fail=33 ib_fail=33
[ib_nav err] AttributeError: 'NoneType' object has no attribute 'accountSummary'
[watchdog] socks=CA gw=on ib=fail×34 tunnel_fail=0 ib_fail=34
[ib_nav err] AttributeError: 'NoneType' object has no attribute 'accountSummary'
[watchdog] socks=CA gw=on ib=fail×35 tunnel_fail=0 ib_fail=35
[ib_nav err] AttributeError: 'NoneType' object has no attribute 'accountSummary'
[watchdog] socks=CA gw=on ib=fail×36 tunnel_fail=0 ib_fail=36
[ib_nav err] AttributeError: 'NoneType' object has no attribute 'accountSummary'
[watchdog] socks=CA gw=on ib=fail×37 tunnel_fail=0 ib_fail=37
[watchdog] socks=CA gw=on ib=ok tunnel_fail=0 ib_fail=0
[watchdog] socks=CA gw=on ib=ok tunnel_fail=0 ib_fail=0
[watchdog] socks=CA gw=on ib=ok tunnel_fail=0 ib_fail=0
[watchdog] socks=CA gw=on ib=ok tunnel_fail=0 ib_fail=0
[watchdog] socks=CA gw=on ib=ok tunnel_fail=0 ib_fail=0
[watchdog] socks=CA gw=on ib=ok tunnel_fail=0 ib_fail=0
[watchdog] socks=CA gw=on ib=ok tunnel_fail=0 ib_fail=0
[watchdog] socks=CA gw=on ib=ok tunnel_fail=0 ib_fail=0
[watchdog] socks=CA gw=on ib=ok tunnel_fail=0 ib_fail=0
[watchdog] socks=CA gw=on ib=ok tunnel_fail=0 ib_fail=0
[watchdog] socks=CA gw=on ib=ok tunnel_fail=0 ib_fail=0
[watchdog] socks=CA gw=on ib=ok tunnel_fail=0 ib_fail=0
[watchdog] socks=CA gw=on ib=ok tunnel_fail=0 ib_fail=0
[watchdog] socks=CA gw=on ib=ok tunnel_fail=0 ib_fail=0
[watchdog] socks=CA gw=on ib=ok tunnel_fail=0 ib_fail=0
[watchdog] socks=CA gw=on ib=ok tunnel_fail=0 ib_fail=0
[watchdog] socks=CA gw=on ib=ok tunnel_fail=0 ib_fail=0
[watchdog] socks=CA gw=on ib=ok tunnel_fail=0 ib_fail=0
[watchdog] socks=CA gw=on ib=ok tunnel_fail=0 ib_fail=0
[watchdog] socks=CA gw=on ib=ok tunnel_fail=0 ib_fail=0
[watchdog] socks=CA gw=on ib=ok tunnel_fail=0 ib_fail=0
[watchdog] socks=CA gw=on ib=ok tunnel_fail=0 ib_fail=0
[watchdog] socks=CA gw=on ib=ok tunnel_fail=0 ib_fail=0
[watchdog] socks=CA gw=on ib=ok tunnel_fail=0 ib_fail=0
[watchdog] socks=CA gw=on ib=ok tunnel_fail=0 ib_fail=0
[watchdog] socks=CA gw=on ib=ok tunnel_fail=0 ib_fail=0
[watchdog] socks=CA gw=on ib=ok tunnel_fail=0 ib_fail=0
[watchdog] socks=CA gw=on ib=ok tunnel_fail=0 ib_fail=0
[watchdog] socks=CA gw=on ib=ok tunnel_fail=0 ib_fail=0
[watchdog] socks=CA gw=on ib=ok tunnel_fail=0 ib_fail=0
[watchdog] socks=CA gw=on ib=ok tunnel_fail=0 ib_fail=0
[watchdog] socks=CA gw=on ib=ok tunnel_fail=0 ib_fail=0
[watchdog] socks=CA gw=on ib=ok tunnel_fail=0 ib_fail=0
[watchdog] socks=CA gw=on ib=ok tunnel_fail=0 ib_fail=0
[watchdog] socks=CA gw=on ib=ok tunnel_fail=0 ib_fail=0
[watchdog] socks=CA gw=on ib=ok tunnel_fail=0 ib_fail=0
[watchdog] socks=CA gw=on ib=ok tunnel_fail=0 ib_fail=0
[watchdog] socks=CA gw=on ib=ok tunnel_fail=0 ib_fail=0
[watchdog] socks=CA gw=on ib=ok tunnel_fail=0 ib_fail=0
[watchdog] socks=CA gw=on ib=ok tunnel_fail=0 ib_fail=0
[watchdog] socks=CA gw=on ib=ok tunnel_fail=0 ib_fail=0
[watchdog] socks=CA gw=on ib=ok tunnel_fail=0 ib_fail=0
[watchdog] socks=CA gw=on ib=ok tunnel_fail=0 ib_fail=0
[watchdog] socks=CA gw=on ib=ok tunnel_fail=0 ib_fail=0
[watchdog] socks=CA gw=on ib=ok tunnel_fail=0 ib_fail=0
[watchdog] socks=CA gw=on ib=ok tunnel_fail=0 ib_fail=0
[watchdog] socks=CA gw=on ib=ok tunnel_fail=0 ib_fail=0
[watchdog] socks=CA gw=on ib=ok tunnel_fail=0 ib_fail=0
[watchdog] socks=CA gw=on ib=ok tunnel_fail=0 ib_fail=0
[watchdog] socks=CA gw=on ib=ok tunnel_fail=0 ib_fail=0
[watchdog] socks=CA gw=on ib=ok tunnel_fail=0 ib_fail=0
[watchdog] socks=CA gw=on ib=ok tunnel_fail=0 ib_fail=0
[watchdog] socks=CA gw=on ib=ok tunnel_fail=0 ib_fail=0
[watchdog] socks=CA gw=on ib=ok tunnel_fail=0 ib_fail=0
[watchdog] socks=CA gw=on ib=ok tunnel_fail=0 ib_fail=0
[watchdog] socks=CA gw=on ib=ok tunnel_fail=0 ib_fail=0
[watchdog] socks=CA gw=on ib=ok tunnel_fail=0 ib_fail=0
[watchdog] socks=CA gw=on ib=ok tunnel_fail=0 ib_fail=0
[watchdog] socks=CA gw=on ib=ok tunnel_fail=0 ib_fail=0
[watchdog] socks=CA gw=on ib=ok tunnel_fail=0 ib_fail=0
[watchdog] socks=CA gw=on ib=ok tunnel_fail=0 ib_fail=0
[watchdog] socks=CA gw=on ib=ok tunnel_fail=0 ib_fail=0
[watchdog] socks=CA gw=on ib=ok tunnel_fail=0 ib_fail=0
[watchdog] socks=CA gw=on ib=ok tunnel_fail=0 ib_fail=0
[watchdog] socks=CA gw=on ib=ok tunnel_fail=0 ib_fail=0
[watchdog] socks=CA gw=on ib=ok tunnel_fail=0 ib_fail=0
[watchdog] socks=CA gw=on ib=ok tunnel_fail=0 ib_fail=0
[watchdog] socks=CA gw=on ib=ok tunnel_fail=0 ib_fail=0
[watchdog] socks=CA gw=on ib=ok tunnel_fail=0 ib_fail=0
[watchdog] socks=CA gw=on ib=ok tunnel_fail=0 ib_fail=0
[watchdog] socks=CA gw=on ib=ok tunnel_fail=0 ib_fail=0
[watchdog] socks=CA gw=on ib=ok tunnel_fail=0 ib_fail=0
[watchdog] socks=CA gw=on ib=ok tunnel_fail=0 ib_fail=0
[watchdog] socks=CA gw=on ib=ok tunnel_fail=0 ib_fail=0
[watchdog] socks=CA gw=on ib=ok tunnel_fail=0 ib_fail=0
[watchdog] socks=CA gw=on ib=ok tunnel_fail=0 ib_fail=0
[watchdog] socks=CA gw=on ib=ok tunnel_fail=0 ib_fail=0
[watchdog] socks=CA gw=on ib=ok tunnel_fail=0 ib_fail=0
[watchdog] socks=CA gw=on ib=ok tunnel_fail=0 ib_fail=0
[watchdog] socks=CA gw=on ib=ok tunnel_fail=0 ib_fail=0
[watchdog] socks=CA gw=on ib=ok tunnel_fail=0 ib_fail=0
[watchdog] socks=CA gw=on ib=ok tunnel_fail=0 ib_fail=0
[watchdog] socks=CA gw=on ib=ok tunnel_fail=0 ib_fail=0
[watchdog] socks=CA gw=on ib=ok tunnel_fail=0 ib_fail=0
[watchdog] socks=CA gw=on ib=ok tunnel_fail=0 ib_fail=0
[watchdog] socks=CA gw=on ib=ok tunnel_fail=0 ib_fail=0
[watchdog] socks=CA gw=on ib=ok tunnel_fail=0 ib_fail=0
[watchdog] socks=CA gw=on ib=ok tunnel_fail=0 ib_fail=0
[watchdog] socks=CA gw=on ib=ok tunnel_fail=0 ib_fail=0
[watchdog] socks=CA gw=on ib=ok tunnel_fail=0 ib_fail=0
[watchdog] socks=CA gw=on ib=ok tunnel_fail=0 ib_fail=0
[watchdog] socks=CA gw=on ib=ok tunnel_fail=0 ib_fail=0
[watchdog] socks=CA gw=on ib=ok tunnel_fail=0 ib_fail=0
[watchdog] socks=CA gw=on ib=ok tunnel_fail=0 ib_fail=0
[watchdog] socks=CA gw=on ib=ok tunnel_fail=0 ib_fail=0
[watchdog] socks=CA gw=on ib=ok tunnel_fail=0 ib_fail=0
[watchdog] socks=CA gw=on ib=ok tunnel_fail=0 ib_fail=0
[watchdog] socks=CA gw=on ib=ok tunnel_fail=0 ib_fail=0
[watchdog] socks=CA gw=on ib=ok tunnel_fail=0 ib_fail=0
[watchdog] socks=CA gw=on ib=ok tunnel_fail=0 ib_fail=0
[watchdog] socks=CA gw=on ib=ok tunnel_fail=0 ib_fail=0
[watchdog] socks=CA gw=on ib=ok tunnel_fail=0 ib_fail=0
[watchdog] socks=CA gw=on ib=ok tunnel_fail=0 ib_fail=0
[watchdog] socks=CA gw=on ib=ok tunnel_fail=0 ib_fail=0
[watchdog] socks=CA gw=on ib=ok tunnel_fail=0 ib_fail=0
[watchdog] socks=CA gw=on ib=ok tunnel_fail=0 ib_fail=0
[watchdog] socks=CA gw=on ib=ok tunnel_fail=0 ib_fail=0
[watchdog] socks=CA gw=on ib=ok tunnel_fail=0 ib_fail=0
[watchdog] socks=CA gw=on ib=ok tunnel_fail=0 ib_fail=0
[watchdog] socks=CA gw=on ib=ok tunnel_fail=0 ib_fail=0
[watchdog] socks=CA gw=on ib=ok tunnel_fail=0 ib_fail=0
[watchdog] socks=CA gw=on ib=ok tunnel_fail=0 ib_fail=0
[watchdog] socks=CA gw=on ib=ok tunnel_fail=0 ib_fail=0
[watchdog] socks=CA gw=on ib=ok tunnel_fail=0 ib_fail=0
[watchdog] socks=CA gw=on ib=ok tunnel_fail=0 ib_fail=0
[watchdog] socks=CA gw=on ib=ok tunnel_fail=0 ib_fail=0
[watchdog] socks=CA gw=on ib=ok tunnel_fail=0 ib_fail=0
[watchdog] socks=CA gw=on ib=ok tunnel_fail=0 ib_fail=0
[watchdog] socks=CA gw=on ib=ok tunnel_fail=0 ib_fail=0
[watchdog] socks=CA gw=on ib=ok tunnel_fail=0 ib_fail=0
[watchdog] socks=CA gw=on ib=ok tunnel_fail=0 ib_fail=0
[watchdog] socks=CA gw=on ib=ok tunnel_fail=0 ib_fail=0
[watchdog] socks=CA gw=on ib=ok tunnel_fail=0 ib_fail=0
[watchdog] socks=CA gw=on ib=ok tunnel_fail=0 ib_fail=0
[watchdog] socks=CA gw=on ib=ok tunnel_fail=0 ib_fail=0
[watchdog] socks=CA gw=on ib=ok tunnel_fail=0 ib_fail=0
[watchdog] socks=CA gw=on ib=ok tunnel_fail=0 ib_fail=0
[watchdog] socks=CA gw=on ib=ok tunnel_fail=0 ib_fail=0
[watchdog] socks=CA gw=on ib=ok tunnel_fail=0 ib_fail=0
[watchdog] socks=CA gw=on ib=ok tunnel_fail=0 ib_fail=0
[watchdog] socks=CA gw=on ib=ok tunnel_fail=0 ib_fail=0
[watchdog] socks=CA gw=on ib=ok tunnel_fail=0 ib_fail=0
[watchdog] socks=CA gw=on ib=ok tunnel_fail=0 ib_fail=0
[watchdog] socks=CA gw=on ib=ok tunnel_fail=0 ib_fail=0
[watchdog] socks=CA gw=on ib=ok tunnel_fail=0 ib_fail=0
[watchdog] socks=CA gw=on ib=ok tunnel_fail=0 ib_fail=0
[watchdog] socks=CA gw=on ib=ok tunnel_fail=0 ib_fail=0
[watchdog] socks=CA gw=on ib=ok tunnel_fail=0 ib_fail=0
[watchdog] socks=CA gw=on ib=ok tunnel_fail=0 ib_fail=0
[watchdog] socks=CA gw=on ib=ok tunnel_fail=0 ib_fail=0
[watchdog] socks=CA gw=on ib=ok tunnel_fail=0 ib_fail=0
[watchdog] socks=CA gw=on ib=ok tunnel_fail=0 ib_fail=0
[watchdog] socks=CA gw=on ib=ok tunnel_fail=0 ib_fail=0
[watchdog] socks=CA gw=on ib=ok tunnel_fail=0 ib_fail=0
[watchdog] socks=CA gw=on ib=ok tunnel_fail=0 ib_fail=0
[watchdog] socks=CA gw=on ib=ok tunnel_fail=0 ib_fail=0
[watchdog] socks=CA gw=on ib=ok tunnel_fail=0 ib_fail=0
[watchdog] socks=CA gw=on ib=ok tunnel_fail=0 ib_fail=0
[watchdog] socks=CA gw=on ib=ok tunnel_fail=0 ib_fail=0
[watchdog] socks=CA gw=on ib=ok tunnel_fail=0 ib_fail=0
[watchdog] socks=CA gw=on ib=ok tunnel_fail=0 ib_fail=0
[watchdog] socks=CA gw=on ib=ok tunnel_fail=0 ib_fail=0
[watchdog] socks=CA gw=on ib=ok tunnel_fail=0 ib_fail=0
[watchdog] socks=CA gw=on ib=ok tunnel_fail=0 ib_fail=0
[watchdog] socks=CA gw=on ib=ok tunnel_fail=0 ib_fail=0
[watchdog] socks=CA gw=on ib=ok tunnel_fail=0 ib_fail=0
[watchdog] socks=CA gw=on ib=ok tunnel_fail=0 ib_fail=0
[watchdog] socks=CA gw=on ib=ok tunnel_fail=0 ib_fail=0
[watchdog] socks=CA gw=on ib=ok tunnel_fail=0 ib_fail=0
[watchdog] socks=CA gw=on ib=ok tunnel_fail=0 ib_fail=0
[watchdog] socks=CA gw=on ib=ok tunnel_fail=0 ib_fail=0
[watchdog] socks=CA gw=on ib=ok tunnel_fail=0 ib_fail=0
[watchdog] socks=CA gw=on ib=ok tunnel_fail=0 ib_fail=0
[watchdog] socks=CA gw=on ib=ok tunnel_fail=0 ib_fail=0
[watchdog] socks=CA gw=on ib=ok tunnel_fail=0 ib_fail=0
[watchdog] socks=CA gw=on ib=ok tunnel_fail=0 ib_fail=0
[watchdog] socks=CA gw=on ib=ok tunnel_fail=0 ib_fail=0
[ib_nav err] AttributeError: 'NoneType' object has no attribute 'accountSummary'
[watchdog] socks=CA gw=on ib=fail×1 tunnel_fail=0 ib_fail=1
[ib_nav err] AttributeError: 'NoneType' object has no attribute 'accountSummary'
[watchdog] socks=CA gw=on ib=fail×2 tunnel_fail=0 ib_fail=2
[ib_nav err] AttributeError: 'NoneType' object has no attribute 'accountSummary'
[watchdog] socks=CA gw=on ib=fail×3 tunnel_fail=0 ib_fail=3
[ib_nav err] AttributeError: 'NoneType' object has no attribute 'accountSummary'
[watchdog] socks=CA gw=on ib=fail×4 tunnel_fail=0 ib_fail=4
[ib_nav err] AttributeError: 'NoneType' object has no attribute 'accountSummary'
[watchdog] socks=CA gw=on ib=fail×5 tunnel_fail=0 ib_fail=5
[ib_nav err] AttributeError: 'NoneType' object has no attribute 'accountSummary'
[watchdog] socks=CA gw=on ib=fail×6 tunnel_fail=0 ib_fail=6
[ib_nav err] AttributeError: 'NoneType' object has no attribute 'accountSummary'
[watchdog] socks=CA gw=on ib=fail×7 tunnel_fail=0 ib_fail=7
[ib_nav err] AttributeError: 'NoneType' object has no attribute 'accountSummary'
[watchdog] socks=CA gw=on ib=fail×8 tunnel_fail=0 ib_fail=8
[ib_nav err] AttributeError: 'NoneType' object has no attribute 'accountSummary'
[watchdog] socks=CA gw=on ib=fail×9 tunnel_fail=0 ib_fail=9
[ib_nav err] AttributeError: 'NoneType' object has no attribute 'accountSummary'
[watchdog] socks=CA gw=on ib=fail×10 tunnel_fail=0 ib_fail=10
[ib_nav err] AttributeError: 'NoneType' object has no attribute 'accountSummary'
[watchdog] socks=CA gw=on ib=fail×11 tunnel_fail=0 ib_fail=11
[ib_nav err] AttributeError: 'NoneType' object has no attribute 'accountSummary'
[watchdog] socks=CA gw=on ib=fail×12 tunnel_fail=0 ib_fail=12
[ib_nav err] AttributeError: 'NoneType' object has no attribute 'accountSummary'
[watchdog] socks=CA gw=on ib=fail×13 tunnel_fail=0 ib_fail=13
[ib_nav err] AttributeError: 'NoneType' object has no attribute 'accountSummary'
[watchdog] socks=CA gw=on ib=fail×14 tunnel_fail=0 ib_fail=14
[ib_nav err] AttributeError: 'NoneType' object has no attribute 'accountSummary'
[watchdog] socks=CA gw=on ib=fail×15 tunnel_fail=0 ib_fail=15
[ib_nav err] AttributeError: 'NoneType' object has no attribute 'accountSummary'
[watchdog] socks=CA gw=on ib=fail×16 tunnel_fail=0 ib_fail=16
[ib_nav err] AttributeError: 'NoneType' object has no attribute 'accountSummary'
[watchdog] socks=CA gw=on ib=fail×17 tunnel_fail=0 ib_fail=17
[ib_nav err] AttributeError: 'NoneType' object has no attribute 'accountSummary'
[watchdog] socks=CA gw=on ib=fail×18 tunnel_fail=0 ib_fail=18
[ib_nav err] AttributeError: 'NoneType' object has no attribute 'accountSummary'
[watchdog] socks=CA gw=on ib=fail×19 tunnel_fail=0 ib_fail=19
[ib_nav err] AttributeError: 'NoneType' object has no attribute 'accountSummary'
[watchdog] socks=CA gw=on ib=fail×20 tunnel_fail=0 ib_fail=20
[ib_nav err] AttributeError: 'NoneType' object has no attribute 'accountSummary'
[watchdog] socks=CA gw=on ib=fail×21 tunnel_fail=0 ib_fail=21
[ib_nav err] AttributeError: 'NoneType' object has no attribute 'accountSummary'
[watchdog] socks=CA gw=on ib=fail×22 tunnel_fail=0 ib_fail=22
[ib_nav err] AttributeError: 'NoneType' object has no attribute 'accountSummary'
[watchdog] socks=CA gw=on ib=fail×23 tunnel_fail=0 ib_fail=23
[ib_nav err] AttributeError: 'NoneType' object has no attribute 'accountSummary'
[watchdog] socks=CA gw=on ib=fail×24 tunnel_fail=0 ib_fail=24
[ib_nav err] AttributeError: 'NoneType' object has no attribute 'accountSummary'
[watchdog] socks=CA gw=on ib=fail×25 tunnel_fail=0 ib_fail=25
[ib_nav err] AttributeError: 'NoneType' object has no attribute 'accountSummary'
[watchdog] socks=CA gw=on ib=fail×26 tunnel_fail=0 ib_fail=26
[ib_nav err] AttributeError: 'NoneType' object has no attribute 'accountSummary'
[watchdog] socks=CA gw=on ib=fail×27 tunnel_fail=0 ib_fail=27
[ib_nav err] AttributeError: 'NoneType' object has no attribute 'accountSummary'
[watchdog] socks=CA gw=on ib=fail×28 tunnel_fail=0 ib_fail=28
[ib_nav err] AttributeError: 'NoneType' object has no attribute 'accountSummary'
[watchdog] socks=CA gw=on ib=fail×29 tunnel_fail=0 ib_fail=29
[ib_nav err] AttributeError: 'NoneType' object has no attribute 'accountSummary'
[watchdog] socks=CA gw=on ib=fail×30 tunnel_fail=0 ib_fail=30
[ib_nav err] AttributeError: 'NoneType' object has no attribute 'accountSummary'
[watchdog] socks=CA gw=on ib=fail×31 tunnel_fail=0 ib_fail=31
[ib_nav err] AttributeError: 'NoneType' object has no attribute 'accountSummary'
[watchdog] socks=CA gw=on ib=fail×32 tunnel_fail=0 ib_fail=32
[ib_nav err] AttributeError: 'NoneType' object has no attribute 'accountSummary'
[watchdog] socks=CA gw=on ib=fail×33 tunnel_fail=0 ib_fail=33
[ib_nav err] AttributeError: 'NoneType' object has no attribute 'accountSummary'
[watchdog] socks=CA gw=on ib=fail×34 tunnel_fail=0 ib_fail=34
[ib_nav err] AttributeError: 'NoneType' object has no attribute 'accountSummary'
[watchdog] socks=CA gw=on ib=fail×35 tunnel_fail=0 ib_fail=35
[ib_nav err] AttributeError: 'NoneType' object has no attribute 'accountSummary'
[watchdog] socks=CA gw=on ib=fail×36 tunnel_fail=0 ib_fail=36
[ib_nav err] AttributeError: 'NoneType' object has no attribute 'accountSummary'
[watchdog] socks=CA gw=on ib=fail×37 tunnel_fail=0 ib_fail=37
[ib_nav err] AttributeError: 'NoneType' object has no attribute 'accountSummary'
[watchdog] socks=CA gw=on ib=fail×38 tunnel_fail=0 ib_fail=38
[ib_nav err] AttributeError: 'NoneType' object has no attribute 'accountSummary'
[watchdog] socks=CA gw=on ib=fail×39 tunnel_fail=0 ib_fail=39
[ib_nav err] AttributeError: 'NoneType' object has no attribute 'accountSummary'
[watchdog] socks=CA gw=on ib=fail×40 tunnel_fail=0 ib_fail=40
[ib_nav err] AttributeError: 'NoneType' object has no attribute 'accountSummary'
[watchdog] socks=CA gw=on ib=fail×41 tunnel_fail=0 ib_fail=41
[ib_nav err] AttributeError: 'NoneType' object has no attribute 'accountSummary'
[watchdog] socks=CA gw=on ib=fail×42 tunnel_fail=0 ib_fail=42
[ib_nav err] AttributeError: 'NoneType' object has no attribute 'accountSummary'
[watchdog] socks=CA gw=on ib=fail×43 tunnel_fail=0 ib_fail=43
[ib_nav err] AttributeError: 'NoneType' object has no attribute 'accountSummary'
[watchdog] socks=CA gw=on ib=fail×44 tunnel_fail=0 ib_fail=44
[ib_nav err] AttributeError: 'NoneType' object has no attribute 'accountSummary'
[watchdog] socks=CA gw=on ib=fail×45 tunnel_fail=0 ib_fail=45
[ib_nav err] AttributeError: 'NoneType' object has no attribute 'accountSummary'
[watchdog] socks=CA gw=on ib=fail×46 tunnel_fail=0 ib_fail=46
[ib_nav err] AttributeError: 'NoneType' object has no attribute 'accountSummary'
[watchdog] socks=CA gw=on ib=fail×47 tunnel_fail=0 ib_fail=47
[ib_nav err] AttributeError: 'NoneType' object has no attribute 'accountSummary'
[watchdog] socks=CA gw=on ib=fail×48 tunnel_fail=0 ib_fail=48
[ib_nav err] AttributeError: 'NoneType' object has no attribute 'accountSummary'
[watchdog] socks=CA gw=on ib=fail×49 tunnel_fail=0 ib_fail=49
[ib_nav err] AttributeError: 'NoneType' object has no attribute 'accountSummary'
[watchdog] socks=CA gw=on ib=fail×50 tunnel_fail=0 ib_fail=50
[ib_nav err] AttributeError: 'NoneType' object has no attribute 'accountSummary'
[watchdog] socks=CA gw=on ib=fail×51 tunnel_fail=0 ib_fail=51
[ib_nav err] AttributeError: 'NoneType' object has no attribute 'accountSummary'
[watchdog] socks=CA gw=on ib=fail×52 tunnel_fail=0 ib_fail=52
[ib_nav err] AttributeError: 'NoneType' object has no attribute 'accountSummary'
[watchdog] socks=CA gw=on ib=fail×53 tunnel_fail=0 ib_fail=53
[ib_nav err] AttributeError: 'NoneType' object has no attribute 'accountSummary'
[watchdog] socks=CA gw=on ib=fail×54 tunnel_fail=0 ib_fail=54
[ib_nav err] AttributeError: 'NoneType' object has no attribute 'accountSummary'
[watchdog] socks=CA gw=on ib=fail×55 tunnel_fail=0 ib_fail=55
[ib_nav err] AttributeError: 'NoneType' object has no attribute 'accountSummary'
[watchdog] socks=CA gw=on ib=fail×56 tunnel_fail=0 ib_fail=56
[ib_nav err] AttributeError: 'NoneType' object has no attribute 'accountSummary'
[watchdog] socks=CA gw=on ib=fail×57 tunnel_fail=0 ib_fail=57
[ib_nav err] AttributeError: 'NoneType' object has no attribute 'accountSummary'
[watchdog] socks=CA gw=on ib=fail×58 tunnel_fail=0 ib_fail=58
[ib_nav err] AttributeError: 'NoneType' object has no attribute 'accountSummary'
[watchdog] socks=CA gw=on ib=fail×59 tunnel_fail=0 ib_fail=59
[ib_nav err] AttributeError: 'NoneType' object has no attribute 'accountSummary'
[watchdog] socks=CA gw=on ib=fail×60 tunnel_fail=0 ib_fail=60
[ib_nav err] AttributeError: 'NoneType' object has no attribute 'accountSummary'
[watchdog] socks=CA gw=on ib=fail×61 tunnel_fail=0 ib_fail=61
[ib_nav err] AttributeError: 'NoneType' object has no attribute 'accountSummary'
[watchdog] socks=CA gw=on ib=fail×62 tunnel_fail=0 ib_fail=62
[ib_nav err] AttributeError: 'NoneType' object has no attribute 'accountSummary'
[watchdog] socks=CA gw=on ib=fail×63 tunnel_fail=0 ib_fail=63
[ib_nav err] AttributeError: 'NoneType' object has no attribute 'accountSummary'
[watchdog] socks=CA gw=on ib=fail×64 tunnel_fail=0 ib_fail=64
[ib_nav err] AttributeError: 'NoneType' object has no attribute 'accountSummary'
[watchdog] socks=CA gw=on ib=fail×65 tunnel_fail=0 ib_fail=65
[ib_nav err] AttributeError: 'NoneType' object has no attribute 'accountSummary'
[watchdog] socks=CA gw=on ib=fail×66 tunnel_fail=0 ib_fail=66
[ib_nav err] AttributeError: 'NoneType' object has no attribute 'accountSummary'
[watchdog] socks=CA gw=on ib=fail×67 tunnel_fail=0 ib_fail=67
[ib_nav err] AttributeError: 'NoneType' object has no attribute 'accountSummary'
[watchdog] socks=CA gw=on ib=fail×68 tunnel_fail=0 ib_fail=68
[ib_nav err] AttributeError: 'NoneType' object has no attribute 'accountSummary'
[watchdog] socks=CA gw=on ib=fail×69 tunnel_fail=0 ib_fail=69
[ib_nav err] AttributeError: 'NoneType' object has no attribute 'accountSummary'
[watchdog] socks=CA gw=on ib=fail×70 tunnel_fail=0 ib_fail=70
[ib_nav err] AttributeError: 'NoneType' object has no attribute 'accountSummary'
[watchdog] socks=CA gw=on ib=fail×71 tunnel_fail=0 ib_fail=71
[ib_nav err] AttributeError: 'NoneType' object has no attribute 'accountSummary'
[watchdog] socks=CA gw=on ib=fail×72 tunnel_fail=0 ib_fail=72
[ib_nav err] AttributeError: 'NoneType' object has no attribute 'accountSummary'
[watchdog] socks=CA gw=on ib=fail×73 tunnel_fail=0 ib_fail=73
[ib_nav err] AttributeError: 'NoneType' object has no attribute 'accountSummary'
[watchdog] socks=CA gw=on ib=fail×74 tunnel_fail=0 ib_fail=74
[ib_nav err] AttributeError: 'NoneType' object has no attribute 'accountSummary'
[watchdog] socks=CA gw=on ib=fail×75 tunnel_fail=0 ib_fail=75
[ib_nav err] AttributeError: 'NoneType' object has no attribute 'accountSummary'
[watchdog] socks=CA gw=on ib=fail×76 tunnel_fail=0 ib_fail=76
[ib_nav err] AttributeError: 'NoneType' object has no attribute 'accountSummary'
[watchdog] socks=CA gw=on ib=fail×77 tunnel_fail=0 ib_fail=77
[ib_nav err] AttributeError: 'NoneType' object has no attribute 'accountSummary'
[watchdog] socks=CA gw=on ib=fail×78 tunnel_fail=0 ib_fail=78
[ib_nav err] AttributeError: 'NoneType' object has no attribute 'accountSummary'
[watchdog] socks=CA gw=on ib=fail×79 tunnel_fail=0 ib_fail=79
[ib_nav err] AttributeError: 'NoneType' object has no attribute 'accountSummary'
[watchdog] socks=CA gw=on ib=fail×80 tunnel_fail=0 ib_fail=80
[ib_nav err] AttributeError: 'NoneType' object has no attribute 'accountSummary'
[watchdog] socks=CA gw=on ib=fail×81 tunnel_fail=0 ib_fail=81
[ib_nav err] AttributeError: 'NoneType' object has no attribute 'accountSummary'
[watchdog] socks=CA gw=on ib=fail×82 tunnel_fail=0 ib_fail=82
[ib_nav err] AttributeError: 'NoneType' object has no attribute 'accountSummary'
[watchdog] socks=CA gw=on ib=fail×83 tunnel_fail=0 ib_fail=83
[ib_nav err] AttributeError: 'NoneType' object has no attribute 'accountSummary'
[watchdog] socks=CA gw=on ib=fail×84 tunnel_fail=0 ib_fail=84
[ib_nav err] AttributeError: 'NoneType' object has no attribute 'accountSummary'
[watchdog] socks=CA gw=on ib=fail×85 tunnel_fail=0 ib_fail=85
[ib_nav err] AttributeError: 'NoneType' object has no attribute 'accountSummary'
[watchdog] socks=CA gw=on ib=fail×86 tunnel_fail=0 ib_fail=86
[ib_nav err] AttributeError: 'NoneType' object has no attribute 'accountSummary'
[watchdog] socks=CA gw=on ib=fail×87 tunnel_fail=0 ib_fail=87
[ib_nav err] AttributeError: 'NoneType' object has no attribute 'accountSummary'
[watchdog] socks=CA gw=on ib=fail×88 tunnel_fail=0 ib_fail=88
[ib_nav err] AttributeError: 'NoneType' object has no attribute 'accountSummary'
[watchdog] socks=CA gw=on ib=fail×89 tunnel_fail=0 ib_fail=89
[ib_nav err] AttributeError: 'NoneType' object has no attribute 'accountSummary'
[watchdog] socks=CA gw=on ib=fail×90 tunnel_fail=0 ib_fail=90
[ib_nav err] AttributeError: 'NoneType' object has no attribute 'accountSummary'
[watchdog] socks=CA gw=on ib=fail×91 tunnel_fail=0 ib_fail=91
[ib_nav err] AttributeError: 'NoneType' object has no attribute 'accountSummary'
[watchdog] socks=CA gw=on ib=fail×92 tunnel_fail=0 ib_fail=92
[ib_nav err] AttributeError: 'NoneType' object has no attribute 'accountSummary'
[watchdog] socks=CA gw=on ib=fail×93 tunnel_fail=0 ib_fail=93
[ib_nav err] AttributeError: 'NoneType' object has no attribute 'accountSummary'
[watchdog] socks=CA gw=on ib=fail×94 tunnel_fail=0 ib_fail=94
[ib_nav err] AttributeError: 'NoneType' object has no attribute 'accountSummary'
[watchdog] socks=CA gw=on ib=fail×95 tunnel_fail=0 ib_fail=95
[ib_nav err] AttributeError: 'NoneType' object has no attribute 'accountSummary'
[watchdog] socks=CA gw=on ib=fail×96 tunnel_fail=0 ib_fail=96
[ib_nav err] AttributeError: 'NoneType' object has no attribute 'accountSummary'
[watchdog] socks=CA gw=on ib=fail×97 tunnel_fail=0 ib_fail=97
[ib_nav err] AttributeError: 'NoneType' object has no attribute 'accountSummary'
[watchdog] socks=CA gw=on ib=fail×98 tunnel_fail=0 ib_fail=98
[ib_nav err] AttributeError: 'NoneType' object has no attribute 'accountSummary'
[watchdog] socks=CA gw=on ib=fail×99 tunnel_fail=0 ib_fail=99
[ib_nav err] AttributeError: 'NoneType' object has no attribute 'accountSummary'
[watchdog] socks=CA gw=on ib=fail×100 tunnel_fail=0 ib_fail=100
[ib_nav err] AttributeError: 'NoneType' object has no attribute 'accountSummary'
[watchdog] socks=CA gw=on ib=fail×101 tunnel_fail=0 ib_fail=101
[ib_nav err] AttributeError: 'NoneType' object has no attribute 'accountSummary'
[watchdog] socks=CA gw=on ib=fail×102 tunnel_fail=0 ib_fail=102
[ib_nav err] AttributeError: 'NoneType' object has no attribute 'accountSummary'
[watchdog] socks=CA gw=on ib=fail×103 tunnel_fail=0 ib_fail=103
[ib_nav err] AttributeError: 'NoneType' object has no attribute 'accountSummary'
[watchdog] socks=CA gw=on ib=fail×104 tunnel_fail=0 ib_fail=104
[ib_nav err] AttributeError: 'NoneType' object has no attribute 'accountSummary'
[watchdog] socks=CA gw=on ib=fail×105 tunnel_fail=0 ib_fail=105
[ib_nav err] AttributeError: 'NoneType' object has no attribute 'accountSummary'
[watchdog] socks=CA gw=on ib=fail×106 tunnel_fail=0 ib_fail=106
[ib_nav err] AttributeError: 'NoneType' object has no attribute 'accountSummary'
[watchdog] socks=CA gw=on ib=fail×107 tunnel_fail=0 ib_fail=107
[ib_nav err] AttributeError: 'NoneType' object has no attribute 'accountSummary'
[watchdog] socks=CA gw=on ib=fail×108 tunnel_fail=0 ib_fail=108
[ib_nav err] AttributeError: 'NoneType' object has no attribute 'accountSummary'
[watchdog] socks=CA gw=on ib=fail×109 tunnel_fail=0 ib_fail=109
[ib_nav err] AttributeError: 'NoneType' object has no attribute 'accountSummary'
[watchdog] socks=CA gw=on ib=fail×110 tunnel_fail=0 ib_fail=110
[ib_nav err] AttributeError: 'NoneType' object has no attribute 'accountSummary'
[watchdog] socks=CA gw=on ib=fail×111 tunnel_fail=0 ib_fail=111
[ib_nav err] AttributeError: 'NoneType' object has no attribute 'accountSummary'
[watchdog] socks=CA gw=on ib=fail×112 tunnel_fail=0 ib_fail=112
[ib_nav err] AttributeError: 'NoneType' object has no attribute 'accountSummary'
[watchdog] socks=CA gw=on ib=fail×113 tunnel_fail=0 ib_fail=113
[ib_nav err] AttributeError: 'NoneType' object has no attribute 'accountSummary'
[watchdog] socks=CA gw=on ib=fail×114 tunnel_fail=0 ib_fail=114
[ib_nav err] AttributeError: 'NoneType' object has no attribute 'accountSummary'
[watchdog] socks=CA gw=on ib=fail×115 tunnel_fail=0 ib_fail=115
[ib_nav err] AttributeError: 'NoneType' object has no attribute 'accountSummary'
[watchdog] socks=CA gw=on ib=fail×116 tunnel_fail=0 ib_fail=116
[ib_nav err] AttributeError: 'NoneType' object has no attribute 'accountSummary'
[watchdog] socks=CA gw=on ib=fail×117 tunnel_fail=0 ib_fail=117
[ib_nav err] AttributeError: 'NoneType' object has no attribute 'accountSummary'
[watchdog] socks=CA gw=on ib=fail×118 tunnel_fail=0 ib_fail=118
[ib_nav err] AttributeError: 'NoneType' object has no attribute 'accountSummary'
[watchdog] socks=CA gw=on ib=fail×119 tunnel_fail=0 ib_fail=119
[ib_nav err] AttributeError: 'NoneType' object has no attribute 'accountSummary'
[watchdog] socks=CA gw=on ib=fail×120 tunnel_fail=0 ib_fail=120
[ib_nav err] AttributeError: 'NoneType' object has no attribute 'accountSummary'
[watchdog] socks=CA gw=on ib=fail×121 tunnel_fail=0 ib_fail=121
[ib_nav err] AttributeError: 'NoneType' object has no attribute 'accountSummary'
[watchdog] socks=CA gw=on ib=fail×122 tunnel_fail=0 ib_fail=122
[ib_nav err] AttributeError: 'NoneType' object has no attribute 'accountSummary'
[watchdog] socks=CA gw=on ib=fail×123 tunnel_fail=0 ib_fail=123
[ib_nav err] AttributeError: 'NoneType' object has no attribute 'accountSummary'
[watchdog] socks=CA gw=on ib=fail×124 tunnel_fail=0 ib_fail=124
[ib_nav err] AttributeError: 'NoneType' object has no attribute 'accountSummary'
[watchdog] socks=CA gw=on ib=fail×125 tunnel_fail=0 ib_fail=125
[ib_nav err] AttributeError: 'NoneType' object has no attribute 'accountSummary'
[watchdog] socks=CA gw=on ib=fail×126 tunnel_fail=0 ib_fail=126
[ib_nav err] AttributeError: 'NoneType' object has no attribute 'accountSummary'
[watchdog] socks=CA gw=on ib=fail×127 tunnel_fail=0 ib_fail=127
[ib_nav err] AttributeError: 'NoneType' object has no attribute 'accountSummary'
[watchdog] socks=CA gw=on ib=fail×128 tunnel_fail=0 ib_fail=128
[ib_nav err] AttributeError: 'NoneType' object has no attribute 'accountSummary'
[watchdog] socks=CA gw=on ib=fail×129 tunnel_fail=0 ib_fail=129
[ib_nav err] AttributeError: 'NoneType' object has no attribute 'accountSummary'
[watchdog] socks=CA gw=on ib=fail×130 tunnel_fail=0 ib_fail=130
[ib_nav err] AttributeError: 'NoneType' object has no attribute 'accountSummary'
[watchdog] socks=CA gw=on ib=fail×131 tunnel_fail=0 ib_fail=131
[ib_nav err] AttributeError: 'NoneType' object has no attribute 'accountSummary'
[watchdog] socks=CA gw=on ib=fail×132 tunnel_fail=0 ib_fail=132
[ib_nav err] AttributeError: 'NoneType' object has no attribute 'accountSummary'
[watchdog] socks=CA gw=on ib=fail×133 tunnel_fail=0 ib_fail=133
[ib_nav err] AttributeError: 'NoneType' object has no attribute 'accountSummary'
[watchdog] socks=CA gw=on ib=fail×134 tunnel_fail=0 ib_fail=134
[ib_nav err] AttributeError: 'NoneType' object has no attribute 'accountSummary'
[watchdog] socks=CA gw=on ib=fail×135 tunnel_fail=0 ib_fail=135
[ib_nav err] AttributeError: 'NoneType' object has no attribute 'accountSummary'
[watchdog] socks=CA gw=on ib=fail×136 tunnel_fail=0 ib_fail=136
[ib_nav err] AttributeError: 'NoneType' object has no attribute 'accountSummary'
[watchdog] socks=CA gw=on ib=fail×137 tunnel_fail=0 ib_fail=137
[ib_nav err] AttributeError: 'NoneType' object has no attribute 'accountSummary'
[watchdog] socks=CA gw=on ib=fail×138 tunnel_fail=0 ib_fail=138
[ib_nav err] AttributeError: 'NoneType' object has no attribute 'accountSummary'
[watchdog] socks=CA gw=on ib=fail×139 tunnel_fail=0 ib_fail=139
[ib_nav err] AttributeError: 'NoneType' object has no attribute 'accountSummary'
[watchdog] socks=CA gw=on ib=fail×140 tunnel_fail=0 ib_fail=140
[ib_nav err] AttributeError: 'NoneType' object has no attribute 'accountSummary'
[watchdog] socks=CA gw=on ib=fail×141 tunnel_fail=0 ib_fail=141
[ib_nav err] AttributeError: 'NoneType' object has no attribute 'accountSummary'
[watchdog] socks=CA gw=on ib=fail×142 tunnel_fail=0 ib_fail=142
[ib_nav err] AttributeError: 'NoneType' object has no attribute 'accountSummary'
[watchdog] socks=CA gw=on ib=fail×143 tunnel_fail=0 ib_fail=143
[ib_nav err] AttributeError: 'NoneType' object has no attribute 'accountSummary'
[watchdog] socks=CA gw=on ib=fail×144 tunnel_fail=0 ib_fail=144
[ib_nav err] AttributeError: 'NoneType' object has no attribute 'accountSummary'
[watchdog] socks=CA gw=on ib=fail×145 tunnel_fail=0 ib_fail=145
[ib_nav err] AttributeError: 'NoneType' object has no attribute 'accountSummary'
[watchdog] socks=CA gw=on ib=fail×146 tunnel_fail=0 ib_fail=146
[ib_nav err] AttributeError: 'NoneType' object has no attribute 'accountSummary'
[watchdog] socks=CA gw=on ib=fail×147 tunnel_fail=0 ib_fail=147
[ib_nav err] AttributeError: 'NoneType' object has no attribute 'accountSummary'
[watchdog] socks=CA gw=on ib=fail×148 tunnel_fail=0 ib_fail=148
[ib_nav err] AttributeError: 'NoneType' object has no attribute 'accountSummary'
[watchdog] socks=CA gw=on ib=fail×149 tunnel_fail=0 ib_fail=149
[ib_nav err] AttributeError: 'NoneType' object has no attribute 'accountSummary'
[watchdog] socks=CA gw=on ib=fail×150 tunnel_fail=0 ib_fail=150
[ib_nav err] AttributeError: 'NoneType' object has no attribute 'accountSummary'
[watchdog] socks=CA gw=on ib=fail×151 tunnel_fail=0 ib_fail=151
[ib_nav err] AttributeError: 'NoneType' object has no attribute 'accountSummary'
[watchdog] socks=CA gw=on ib=fail×152 tunnel_fail=0 ib_fail=152
[ib_nav err] AttributeError: 'NoneType' object has no attribute 'accountSummary'
[watchdog] socks=CA gw=on ib=fail×153 tunnel_fail=0 ib_fail=153
[ib_nav err] AttributeError: 'NoneType' object has no attribute 'accountSummary'
[watchdog] socks=CA gw=on ib=fail×154 tunnel_fail=0 ib_fail=154
[ib_nav err] AttributeError: 'NoneType' object has no attribute 'accountSummary'
[watchdog] socks=CA gw=on ib=fail×155 tunnel_fail=0 ib_fail=155
[ib_nav err] AttributeError: 'NoneType' object has no attribute 'accountSummary'
[watchdog] socks=CA gw=on ib=fail×156 tunnel_fail=0 ib_fail=156
[ib_nav err] AttributeError: 'NoneType' object has no attribute 'accountSummary'
[watchdog] socks=CA gw=on ib=fail×157 tunnel_fail=0 ib_fail=157
[ib_nav err] AttributeError: 'NoneType' object has no attribute 'accountSummary'
[watchdog] socks=CA gw=on ib=fail×158 tunnel_fail=0 ib_fail=158
[ib_nav err] AttributeError: 'NoneType' object has no attribute 'accountSummary'
[watchdog] socks=CA gw=on ib=fail×159 tunnel_fail=0 ib_fail=159
[ib_nav err] AttributeError: 'NoneType' object has no attribute 'accountSummary'
[watchdog] socks=CA gw=on ib=fail×160 tunnel_fail=0 ib_fail=160
[ib_nav err] AttributeError: 'NoneType' object has no attribute 'accountSummary'
[watchdog] socks=CA gw=on ib=fail×161 tunnel_fail=0 ib_fail=161
[ib_nav err] AttributeError: 'NoneType' object has no attribute 'accountSummary'
[watchdog] socks=CA gw=on ib=fail×162 tunnel_fail=0 ib_fail=162
[ib_nav err] AttributeError: 'NoneType' object has no attribute 'accountSummary'
[watchdog] socks=CA gw=on ib=fail×163 tunnel_fail=0 ib_fail=163
[ib_nav err] AttributeError: 'NoneType' object has no attribute 'accountSummary'
[watchdog] socks=CA gw=on ib=fail×164 tunnel_fail=0 ib_fail=164
[ib_nav err] AttributeError: 'NoneType' object has no attribute 'accountSummary'
[watchdog] socks=CA gw=on ib=fail×165 tunnel_fail=0 ib_fail=165
[ib_nav err] AttributeError: 'NoneType' object has no attribute 'accountSummary'
[watchdog] socks=CA gw=on ib=fail×166 tunnel_fail=0 ib_fail=166
[ib_nav err] AttributeError: 'NoneType' object has no attribute 'accountSummary'
[watchdog] socks=CA gw=on ib=fail×167 tunnel_fail=0 ib_fail=167
[ib_nav err] AttributeError: 'NoneType' object has no attribute 'accountSummary'
[watchdog] socks=CA gw=on ib=fail×168 tunnel_fail=0 ib_fail=168
[ib_nav err] AttributeError: 'NoneType' object has no attribute 'accountSummary'
[watchdog] socks=CA gw=on ib=fail×169 tunnel_fail=0 ib_fail=169
[ib_nav err] AttributeError: 'NoneType' object has no attribute 'accountSummary'
[watchdog] socks=CA gw=on ib=fail×170 tunnel_fail=0 ib_fail=170
[ib_nav err] AttributeError: 'NoneType' object has no attribute 'accountSummary'
[watchdog] socks=CA gw=on ib=fail×171 tunnel_fail=0 ib_fail=171
[ib_nav err] AttributeError: 'NoneType' object has no attribute 'accountSummary'
[watchdog] socks=CA gw=on ib=fail×172 tunnel_fail=0 ib_fail=172
[ib_nav err] AttributeError: 'NoneType' object has no attribute 'accountSummary'
[watchdog] socks=CA gw=on ib=fail×173 tunnel_fail=0 ib_fail=173
[ib_nav err] AttributeError: 'NoneType' object has no attribute 'accountSummary'
[watchdog] socks=CA gw=on ib=fail×174 tunnel_fail=0 ib_fail=174
[ib_nav err] AttributeError: 'NoneType' object has no attribute 'accountSummary'
[watchdog] socks=CA gw=on ib=fail×175 tunnel_fail=0 ib_fail=175
[ib_nav err] AttributeError: 'NoneType' object has no attribute 'accountSummary'
[watchdog] socks=CA gw=on ib=fail×176 tunnel_fail=0 ib_fail=176
[ib_nav err] AttributeError: 'NoneType' object has no attribute 'accountSummary'
[watchdog] socks=CA gw=on ib=fail×177 tunnel_fail=0 ib_fail=177
[ib_nav err] AttributeError: 'NoneType' object has no attribute 'accountSummary'
[watchdog] socks=CA gw=on ib=fail×178 tunnel_fail=0 ib_fail=178
[ib_nav err] AttributeError: 'NoneType' object has no attribute 'accountSummary'
[watchdog] socks=CA gw=on ib=fail×179 tunnel_fail=0 ib_fail=179
[ib_nav err] AttributeError: 'NoneType' object has no attribute 'accountSummary'
[watchdog] socks=CA gw=on ib=fail×180 tunnel_fail=0 ib_fail=180
[ib_nav err] AttributeError: 'NoneType' object has no attribute 'accountSummary'
[watchdog] socks=CA gw=on ib=fail×181 tunnel_fail=0 ib_fail=181
[ib_nav err] AttributeError: 'NoneType' object has no attribute 'accountSummary'
[watchdog] socks=CA gw=on ib=fail×182 tunnel_fail=0 ib_fail=182
[ib_nav err] AttributeError: 'NoneType' object has no attribute 'accountSummary'
[watchdog] socks=CA gw=on ib=fail×183 tunnel_fail=0 ib_fail=183
[ib_nav err] AttributeError: 'NoneType' object has no attribute 'accountSummary'
[watchdog] socks=CA gw=on ib=fail×184 tunnel_fail=0 ib_fail=184
[ib_nav err] AttributeError: 'NoneType' object has no attribute 'accountSummary'
[watchdog] socks=CA gw=off ib=fail×185 tunnel_fail=0 ib_fail=185
[watchdog] socks=CA gw=on ib=ok tunnel_fail=0 ib_fail=0
[watchdog] socks=CA gw=on ib=ok tunnel_fail=0 ib_fail=0
[watchdog] socks=CA gw=on ib=ok tunnel_fail=0 ib_fail=0
[watchdog] socks=CA gw=on ib=ok tunnel_fail=0 ib_fail=0
[watchdog] socks=CA gw=on ib=ok tunnel_fail=0 ib_fail=0
[watchdog] socks=CA gw=on ib=ok tunnel_fail=0 ib_fail=0
[watchdog] socks=CA gw=on ib=ok tunnel_fail=0 ib_fail=0
[watchdog] socks=CA gw=on ib=ok tunnel_fail=0 ib_fail=0
[watchdog] socks=CA gw=on ib=ok tunnel_fail=0 ib_fail=0
[watchdog] socks=CA gw=on ib=ok tunnel_fail=0 ib_fail=0
[watchdog] socks=CA gw=on ib=ok tunnel_fail=0 ib_fail=0
[watchdog] socks=CA gw=on ib=ok tunnel_fail=0 ib_fail=0
[watchdog] socks=CA gw=on ib=ok tunnel_fail=0 ib_fail=0
[watchdog] socks=CA gw=on ib=ok tunnel_fail=0 ib_fail=0
[watchdog] socks=CA gw=on ib=ok tunnel_fail=0 ib_fail=0
[watchdog] socks=CA gw=on ib=ok tunnel_fail=0 ib_fail=0
[watchdog] socks=CA gw=on ib=ok tunnel_fail=0 ib_fail=0
[watchdog] socks=CA gw=on ib=ok tunnel_fail=0 ib_fail=0
[watchdog] socks=CA gw=on ib=ok tunnel_fail=0 ib_fail=0
[watchdog] socks=CA gw=on ib=ok tunnel_fail=0 ib_fail=0
[watchdog] socks=CA gw=on ib=ok tunnel_fail=0 ib_fail=0
[watchdog] socks=CA gw=on ib=ok tunnel_fail=0 ib_fail=0
[watchdog] socks=CA gw=on ib=ok tunnel_fail=0 ib_fail=0
[watchdog] socks=CA gw=on ib=ok tunnel_fail=0 ib_fail=0
[watchdog] socks=CA gw=on ib=ok tunnel_fail=0 ib_fail=0
[watchdog] socks=CA gw=on ib=ok tunnel_fail=0 ib_fail=0
[watchdog] socks=CA gw=on ib=ok tunnel_fail=0 ib_fail=0
[watchdog] socks=CA gw=on ib=ok tunnel_fail=0 ib_fail=0
[watchdog] socks=CA gw=on ib=ok tunnel_fail=0 ib_fail=0
[watchdog] socks=CA gw=on ib=ok tunnel_fail=0 ib_fail=0
[watchdog] socks=CA gw=on ib=ok tunnel_fail=0 ib_fail=0
[watchdog] socks=CA gw=on ib=ok tunnel_fail=0 ib_fail=0
[watchdog] socks=CA gw=on ib=ok tunnel_fail=0 ib_fail=0
[watchdog] socks=CA gw=on ib=ok tunnel_fail=0 ib_fail=0
[watchdog] socks=CA gw=on ib=ok tunnel_fail=0 ib_fail=0
[watchdog] socks=CA gw=on ib=ok tunnel_fail=0 ib_fail=0
[watchdog] socks=CA gw=on ib=ok tunnel_fail=0 ib_fail=0
[watchdog] socks=CA gw=on ib=ok tunnel_fail=0 ib_fail=0
[watchdog] socks=CA gw=on ib=ok tunnel_fail=0 ib_fail=0
[watchdog] socks=CA gw=on ib=ok tunnel_fail=0 ib_fail=0
[watchdog] socks=CA gw=on ib=ok tunnel_fail=0 ib_fail=0
[watchdog] socks=CA gw=on ib=ok tunnel_fail=0 ib_fail=0
[watchdog] socks=CA gw=on ib=ok tunnel_fail=0 ib_fail=0
[watchdog] socks=CA gw=on ib=ok tunnel_fail=0 ib_fail=0
[watchdog] socks=CA gw=on ib=ok tunnel_fail=0 ib_fail=0
[watchdog] socks=CA gw=on ib=ok tunnel_fail=0 ib_fail=0
[watchdog] socks=CA gw=on ib=ok tunnel_fail=0 ib_fail=0
[watchdog] socks=CA gw=on ib=ok tunnel_fail=0 ib_fail=0
[watchdog] socks=CA gw=on ib=ok tunnel_fail=0 ib_fail=0
[watchdog] socks=CA gw=on ib=ok tunnel_fail=0 ib_fail=0
[watchdog] socks=CA gw=on ib=ok tunnel_fail=0 ib_fail=0
[watchdog] socks=CA gw=on ib=ok tunnel_fail=0 ib_fail=0
[watchdog] socks=CA gw=on ib=ok tunnel_fail=0 ib_fail=0
[watchdog] socks=CA gw=on ib=ok tunnel_fail=0 ib_fail=0
[watchdog] socks=CA gw=on ib=ok tunnel_fail=0 ib_fail=0
[watchdog] socks=CA gw=on ib=ok tunnel_fail=0 ib_fail=0
[watchdog] socks=CA gw=on ib=ok tunnel_fail=0 ib_fail=0
[watchdog] socks=CA gw=on ib=ok tunnel_fail=0 ib_fail=0
[watchdog] socks=CA gw=on ib=ok tunnel_fail=0 ib_fail=0
[watchdog] socks=CA gw=on ib=ok tunnel_fail=0 ib_fail=0
[watchdog] socks=CA gw=on ib=ok tunnel_fail=0 ib_fail=0
[watchdog] socks=CA gw=on ib=ok tunnel_fail=0 ib_fail=0
[watchdog] socks=CA gw=on ib=ok tunnel_fail=0 ib_fail=0
[watchdog] socks=CA gw=on ib=ok tunnel_fail=0 ib_fail=0
[watchdog] socks=CA gw=on ib=ok tunnel_fail=0 ib_fail=0
[watchdog] socks=CA gw=on ib=ok tunnel_fail=0 ib_fail=0
[watchdog] socks=CA gw=on ib=ok tunnel_fail=0 ib_fail=0
[watchdog] socks=CA gw=on ib=ok tunnel_fail=0 ib_fail=0
[watchdog] socks=CA gw=on ib=ok tunnel_fail=0 ib_fail=0
[watchdog] socks=CA gw=on ib=ok tunnel_fail=0 ib_fail=0
[watchdog] socks=CA gw=on ib=ok tunnel_fail=0 ib_fail=0
[watchdog] socks=CA gw=on ib=ok tunnel_fail=0 ib_fail=0
[watchdog] socks=CA gw=on ib=ok tunnel_fail=0 ib_fail=0
[watchdog] socks=CA gw=on ib=ok tunnel_fail=0 ib_fail=0
[watchdog] socks=CA gw=on ib=ok tunnel_fail=0 ib_fail=0
[watchdog] socks=CA gw=on ib=ok tunnel_fail=0 ib_fail=0
[watchdog] socks=CA gw=on ib=ok tunnel_fail=0 ib_fail=0
[watchdog] socks=CA gw=on ib=ok tunnel_fail=0 ib_fail=0
[watchdog] socks=CA gw=on ib=ok tunnel_fail=0 ib_fail=0
[watchdog] socks=CA gw=on ib=ok tunnel_fail=0 ib_fail=0
[watchdog] socks=CA gw=on ib=ok tunnel_fail=0 ib_fail=0
[watchdog] socks=CA gw=on ib=ok tunnel_fail=0 ib_fail=0
[watchdog] socks=CA gw=on ib=ok tunnel_fail=0 ib_fail=0
[watchdog] socks=CA gw=on ib=ok tunnel_fail=0 ib_fail=0
[watchdog] socks=CA gw=on ib=ok tunnel_fail=0 ib_fail=0
[watchdog] socks=CA gw=on ib=ok tunnel_fail=0 ib_fail=0
[watchdog] socks=CA gw=on ib=ok tunnel_fail=0 ib_fail=0
[watchdog] socks=CA gw=on ib=ok tunnel_fail=0 ib_fail=0
[watchdog] socks=CA gw=on ib=ok tunnel_fail=0 ib_fail=0
[watchdog] socks=CA gw=on ib=ok tunnel_fail=0 ib_fail=0
[watchdog] socks=CA gw=on ib=ok tunnel_fail=0 ib_fail=0
[watchdog] socks=CA gw=on ib=ok tunnel_fail=0 ib_fail=0
[watchdog] socks=CA gw=on ib=ok tunnel_fail=0 ib_fail=0
[watchdog] socks=CA gw=on ib=ok tunnel_fail=0 ib_fail=0
[watchdog] socks=CA gw=on ib=ok tunnel_fail=0 ib_fail=0
[watchdog] socks=CA gw=on ib=ok tunnel_fail=0 ib_fail=0
[watchdog] socks=CA gw=on ib=ok tunnel_fail=0 ib_fail=0
[watchdog] socks=CA gw=on ib=ok tunnel_fail=0 ib_fail=0
[watchdog] socks=CA gw=on ib=ok tunnel_fail=0 ib_fail=0
[watchdog] socks=CA gw=on ib=ok tunnel_fail=0 ib_fail=0
[watchdog] socks=CA gw=on ib=ok tunnel_fail=0 ib_fail=0
[watchdog] socks=CA gw=on ib=ok tunnel_fail=0 ib_fail=0
[watchdog] socks=CA gw=on ib=ok tunnel_fail=0 ib_fail=0
[watchdog] socks=CA gw=on ib=ok tunnel_fail=0 ib_fail=0
[watchdog] socks=CA gw=on ib=ok tunnel_fail=0 ib_fail=0
[watchdog] socks=CA gw=on ib=ok tunnel_fail=0 ib_fail=0
[watchdog] socks=CA gw=on ib=ok tunnel_fail=0 ib_fail=0
[watchdog] socks=CA gw=on ib=ok tunnel_fail=0 ib_fail=0
[watchdog] socks=CA gw=on ib=ok tunnel_fail=0 ib_fail=0
[watchdog] socks=CA gw=on ib=ok tunnel_fail=0 ib_fail=0
[watchdog] socks=CA gw=on ib=ok tunnel_fail=0 ib_fail=0
[watchdog] socks=CA gw=on ib=ok tunnel_fail=0 ib_fail=0
[watchdog] socks=CA gw=on ib=ok tunnel_fail=0 ib_fail=0
[watchdog] socks=CA gw=on ib=ok tunnel_fail=0 ib_fail=0
[watchdog] socks=CA gw=on ib=ok tunnel_fail=0 ib_fail=0
[watchdog] socks=CA gw=on ib=ok tunnel_fail=0 ib_fail=0
[watchdog] socks=CA gw=on ib=ok tunnel_fail=0 ib_fail=0
[watchdog] socks=CA gw=on ib=ok tunnel_fail=0 ib_fail=0
[watchdog] socks=CA gw=on ib=ok tunnel_fail=0 ib_fail=0
[watchdog] socks=CA gw=on ib=ok tunnel_fail=0 ib_fail=0
[watchdog] socks=CA gw=on ib=ok tunnel_fail=0 ib_fail=0
[watchdog] socks=CA gw=on ib=ok tunnel_fail=0 ib_fail=0
[watchdog] socks=CA gw=on ib=ok tunnel_fail=0 ib_fail=0
[watchdog] socks=CA gw=on ib=ok tunnel_fail=0 ib_fail=0
[watchdog] socks=CA gw=on ib=ok tunnel_fail=0 ib_fail=0
[watchdog] socks=CA gw=on ib=ok tunnel_fail=0 ib_fail=0
[watchdog] socks=CA gw=on ib=ok tunnel_fail=0 ib_fail=0
[watchdog] socks=CA gw=on ib=ok tunnel_fail=0 ib_fail=0
[watchdog] socks=CA gw=on ib=ok tunnel_fail=0 ib_fail=0
[watchdog] socks=CA gw=on ib=ok tunnel_fail=0 ib_fail=0
[watchdog] socks=CA gw=on ib=ok tunnel_fail=0 ib_fail=0
[watchdog] socks=CA gw=on ib=ok tunnel_fail=0 ib_fail=0
[watchdog] socks=CA gw=on ib=ok tunnel_fail=0 ib_fail=0
[watchdog] socks=CA gw=on ib=ok tunnel_fail=0 ib_fail=0
[watchdog] socks=CA gw=on ib=ok tunnel_fail=0 ib_fail=0
[watchdog] socks=CA gw=on ib=ok tunnel_fail=0 ib_fail=0
[watchdog] socks=CA gw=on ib=ok tunnel_fail=0 ib_fail=0
[watchdog] socks=CA gw=on ib=ok tunnel_fail=0 ib_fail=0
[watchdog] socks=CA gw=on ib=ok tunnel_fail=0 ib_fail=0
[watchdog] socks=CA gw=on ib=ok tunnel_fail=0 ib_fail=0
[watchdog] socks=CA gw=on ib=ok tunnel_fail=0 ib_fail=0
[watchdog] socks=CA gw=on ib=ok tunnel_fail=0 ib_fail=0
[watchdog] socks=CA gw=on ib=ok tunnel_fail=0 ib_fail=0
[watchdog] socks=CA gw=on ib=ok tunnel_fail=0 ib_fail=0
[watchdog] socks=CA gw=on ib=ok tunnel_fail=0 ib_fail=0
[watchdog] socks=CA gw=on ib=ok tunnel_fail=0 ib_fail=0
[watchdog] socks=CA gw=on ib=ok tunnel_fail=0 ib_fail=0
[watchdog] socks=CA gw=on ib=ok tunnel_fail=0 ib_fail=0
[watchdog] socks=CA gw=on ib=ok tunnel_fail=0 ib_fail=0
[watchdog] socks=CA gw=on ib=ok tunnel_fail=0 ib_fail=0
[watchdog] socks=CA gw=on ib=ok tunnel_fail=0 ib_fail=0
[watchdog] socks=CA gw=on ib=ok tunnel_fail=0 ib_fail=0
[watchdog] socks=CA gw=on ib=ok tunnel_fail=0 ib_fail=0
[watchdog] socks=CA gw=on ib=ok tunnel_fail=0 ib_fail=0
[watchdog] socks=CA gw=on ib=ok tunnel_fail=0 ib_fail=0
[watchdog] socks=CA gw=on ib=ok tunnel_fail=0 ib_fail=0
[watchdog] socks=CA gw=on ib=ok tunnel_fail=0 ib_fail=0
[watchdog] socks=CA gw=on ib=ok tunnel_fail=0 ib_fail=0
[watchdog] socks=CA gw=on ib=ok tunnel_fail=0 ib_fail=0
[watchdog] socks=CA gw=on ib=ok tunnel_fail=0 ib_fail=0
[watchdog] socks=CA gw=on ib=ok tunnel_fail=0 ib_fail=0
[watchdog] socks=CA gw=on ib=ok tunnel_fail=0 ib_fail=0
[watchdog] socks=CA gw=on ib=ok tunnel_fail=0 ib_fail=0
[watchdog] socks=CA gw=on ib=ok tunnel_fail=0 ib_fail=0
[watchdog] socks=CA gw=on ib=ok tunnel_fail=0 ib_fail=0
[watchdog] socks=CA gw=on ib=ok tunnel_fail=0 ib_fail=0
[watchdog] socks=CA gw=on ib=ok tunnel_fail=0 ib_fail=0
[watchdog] socks=CA gw=on ib=ok tunnel_fail=0 ib_fail=0
[watchdog] socks=CA gw=on ib=ok tunnel_fail=0 ib_fail=0
[watchdog] socks=CA gw=on ib=ok tunnel_fail=0 ib_fail=0
[watchdog] socks=CA gw=on ib=ok tunnel_fail=0 ib_fail=0
[watchdog] socks=CA gw=on ib=ok tunnel_fail=0 ib_fail=0
[watchdog] socks=CA gw=on ib=ok tunnel_fail=0 ib_fail=0
[watchdog] socks=CA gw=on ib=ok tunnel_fail=0 ib_fail=0
[watchdog] socks=CA gw=on ib=ok tunnel_fail=0 ib_fail=0
[watchdog] socks=CA gw=on ib=ok tunnel_fail=0 ib_fail=0
[watchdog] socks=CA gw=on ib=ok tunnel_fail=0 ib_fail=0
[watchdog] socks=CA gw=on ib=ok tunnel_fail=0 ib_fail=0
[watchdog] socks=CA gw=on ib=ok tunnel_fail=0 ib_fail=0
[watchdog] socks=CA gw=on ib=ok tunnel_fail=0 ib_fail=0
[watchdog] socks=CA gw=on ib=ok tunnel_fail=0 ib_fail=0
[watchdog] socks=CA gw=on ib=ok tunnel_fail=0 ib_fail=0
[watchdog] socks=CA gw=on ib=ok tunnel_fail=0 ib_fail=0
[watchdog] socks=CA gw=on ib=ok tunnel_fail=0 ib_fail=0
[watchdog] socks=CA gw=on ib=ok tunnel_fail=0 ib_fail=0
[watchdog] socks=CA gw=on ib=ok tunnel_fail=0 ib_fail=0
[watchdog] socks=CA gw=on ib=ok tunnel_fail=0 ib_fail=0
[watchdog] socks=CA gw=on ib=ok tunnel_fail=0 ib_fail=0
[watchdog] socks=CA gw=on ib=ok tunnel_fail=0 ib_fail=0
[watchdog] socks=CA gw=on ib=ok tunnel_fail=0 ib_fail=0
[ib_nav err] AttributeError: 'NoneType' object has no attribute 'accountSummary'
[watchdog] socks=CA gw=on ib=fail×1 tunnel_fail=0 ib_fail=1
[ib_nav err] AttributeError: 'NoneType' object has no attribute 'accountSummary'
[watchdog] socks=CA gw=on ib=fail×2 tunnel_fail=0 ib_fail=2
[ib_nav err] AttributeError: 'NoneType' object has no attribute 'accountSummary'
[watchdog] socks=CA gw=on ib=fail×3 tunnel_fail=0 ib_fail=3
[ib_nav err] AttributeError: 'NoneType' object has no attribute 'accountSummary'
[watchdog] socks=CA gw=on ib=fail×4 tunnel_fail=0 ib_fail=4
[ib_nav err] AttributeError: 'NoneType' object has no attribute 'accountSummary'
[watchdog] socks=CA gw=on ib=fail×5 tunnel_fail=0 ib_fail=5
[ib_nav err] AttributeError: 'NoneType' object has no attribute 'accountSummary'
[watchdog] socks=CA gw=on ib=fail×6 tunnel_fail=0 ib_fail=6
[ib_nav err] AttributeError: 'NoneType' object has no attribute 'accountSummary'
[watchdog] socks=CA gw=on ib=fail×7 tunnel_fail=0 ib_fail=7
[ib_nav err] AttributeError: 'NoneType' object has no attribute 'accountSummary'
[watchdog] socks=CA gw=on ib=fail×8 tunnel_fail=0 ib_fail=8
[ib_nav err] AttributeError: 'NoneType' object has no attribute 'accountSummary'
[watchdog] socks=CA gw=on ib=fail×9 tunnel_fail=0 ib_fail=9
[ib_nav err] AttributeError: 'NoneType' object has no attribute 'accountSummary'
[watchdog] socks=CA gw=on ib=fail×10 tunnel_fail=0 ib_fail=10
[ib_nav err] AttributeError: 'NoneType' object has no attribute 'accountSummary'
[watchdog] socks=CA gw=on ib=fail×11 tunnel_fail=0 ib_fail=11
[ib_nav err] AttributeError: 'NoneType' object has no attribute 'accountSummary'
[watchdog] socks=CA gw=on ib=fail×12 tunnel_fail=0 ib_fail=12
[ib_nav err] AttributeError: 'NoneType' object has no attribute 'accountSummary'
[watchdog] socks=CA gw=on ib=fail×13 tunnel_fail=0 ib_fail=13
[ib_nav err] AttributeError: 'NoneType' object has no attribute 'accountSummary'
[watchdog] socks=CA gw=on ib=fail×14 tunnel_fail=0 ib_fail=14
[ib_nav err] AttributeError: 'NoneType' object has no attribute 'accountSummary'
[watchdog] socks=CA gw=on ib=fail×15 tunnel_fail=0 ib_fail=15
[ib_nav err] AttributeError: 'NoneType' object has no attribute 'accountSummary'
[watchdog] socks=CA gw=on ib=fail×16 tunnel_fail=0 ib_fail=16
[ib_nav err] AttributeError: 'NoneType' object has no attribute 'accountSummary'
[watchdog] socks=CA gw=on ib=fail×17 tunnel_fail=0 ib_fail=17
[ib_nav err] AttributeError: 'NoneType' object has no attribute 'accountSummary'
[watchdog] socks=CA gw=on ib=fail×18 tunnel_fail=0 ib_fail=18
[ib_nav err] AttributeError: 'NoneType' object has no attribute 'accountSummary'
[watchdog] socks=CA gw=on ib=fail×19 tunnel_fail=0 ib_fail=19
[ib_nav err] AttributeError: 'NoneType' object has no attribute 'accountSummary'
[watchdog] socks=CA gw=on ib=fail×20 tunnel_fail=0 ib_fail=20
[ib_nav err] AttributeError: 'NoneType' object has no attribute 'accountSummary'
[watchdog] socks=CA gw=on ib=fail×21 tunnel_fail=0 ib_fail=21
[ib_nav err] AttributeError: 'NoneType' object has no attribute 'accountSummary'
[watchdog] socks=CA gw=on ib=fail×22 tunnel_fail=0 ib_fail=22
[ib_nav err] AttributeError: 'NoneType' object has no attribute 'accountSummary'
[watchdog] socks=CA gw=on ib=fail×23 tunnel_fail=0 ib_fail=23
[ib_nav err] AttributeError: 'NoneType' object has no attribute 'accountSummary'
[watchdog] socks=CA gw=on ib=fail×24 tunnel_fail=0 ib_fail=24
[ib_nav err] AttributeError: 'NoneType' object has no attribute 'accountSummary'
[watchdog] socks=CA gw=on ib=fail×25 tunnel_fail=0 ib_fail=25
[ib_nav err] AttributeError: 'NoneType' object has no attribute 'accountSummary'
[watchdog] socks=CA gw=on ib=fail×26 tunnel_fail=0 ib_fail=26
[ib_nav err] AttributeError: 'NoneType' object has no attribute 'accountSummary'
[watchdog] socks=CA gw=on ib=fail×27 tunnel_fail=0 ib_fail=27
[ib_nav err] AttributeError: 'NoneType' object has no attribute 'accountSummary'
[watchdog] socks=CA gw=on ib=fail×28 tunnel_fail=0 ib_fail=28
[ib_nav err] AttributeError: 'NoneType' object has no attribute 'accountSummary'
[watchdog] socks=CA gw=on ib=fail×29 tunnel_fail=0 ib_fail=29
[ib_nav err] AttributeError: 'NoneType' object has no attribute 'accountSummary'
[watchdog] socks=CA gw=on ib=fail×30 tunnel_fail=0 ib_fail=30
[ib_nav err] AttributeError: 'NoneType' object has no attribute 'accountSummary'
[watchdog] socks=CA gw=on ib=fail×31 tunnel_fail=0 ib_fail=31
[ib_nav err] AttributeError: 'NoneType' object has no attribute 'accountSummary'
[watchdog] socks=CA gw=on ib=fail×32 tunnel_fail=0 ib_fail=32
[ib_nav err] AttributeError: 'NoneType' object has no attribute 'accountSummary'
[watchdog] socks=CA gw=on ib=fail×33 tunnel_fail=0 ib_fail=33
[ib_nav err] AttributeError: 'NoneType' object has no attribute 'accountSummary'
[watchdog] socks=CA gw=on ib=fail×34 tunnel_fail=0 ib_fail=34
[ib_nav err] AttributeError: 'NoneType' object has no attribute 'accountSummary'
[watchdog] socks=CA gw=on ib=fail×35 tunnel_fail=0 ib_fail=35
[ib_nav err] AttributeError: 'NoneType' object has no attribute 'accountSummary'
[watchdog] socks=CA gw=on ib=fail×36 tunnel_fail=0 ib_fail=36
[ib_nav err] AttributeError: 'NoneType' object has no attribute 'accountSummary'
[watchdog] socks=CA gw=on ib=fail×37 tunnel_fail=0 ib_fail=37
[ib_nav err] AttributeError: 'NoneType' object has no attribute 'accountSummary'
[watchdog] socks=CA gw=on ib=fail×38 tunnel_fail=0 ib_fail=38
[ib_nav err] AttributeError: 'NoneType' object has no attribute 'accountSummary'
[watchdog] socks=CA gw=on ib=fail×39 tunnel_fail=0 ib_fail=39
[ib_nav err] AttributeError: 'NoneType' object has no attribute 'accountSummary'
[watchdog] socks=CA gw=on ib=fail×40 tunnel_fail=0 ib_fail=40
[ib_nav err] AttributeError: 'NoneType' object has no attribute 'accountSummary'
[watchdog] socks=CA gw=on ib=fail×41 tunnel_fail=0 ib_fail=41
[ib_nav err] AttributeError: 'NoneType' object has no attribute 'accountSummary'
[watchdog] socks=CA gw=on ib=fail×42 tunnel_fail=0 ib_fail=42
[ib_nav err] AttributeError: 'NoneType' object has no attribute 'accountSummary'
[watchdog] socks=CA gw=on ib=fail×43 tunnel_fail=0 ib_fail=43
[ib_nav err] AttributeError: 'NoneType' object has no attribute 'accountSummary'
[watchdog] socks=CA gw=on ib=fail×44 tunnel_fail=0 ib_fail=44
[ib_nav err] AttributeError: 'NoneType' object has no attribute 'accountSummary'
[watchdog] socks=CA gw=on ib=fail×45 tunnel_fail=0 ib_fail=45
[ib_nav err] AttributeError: 'NoneType' object has no attribute 'accountSummary'
[watchdog] socks=CA gw=on ib=fail×46 tunnel_fail=0 ib_fail=46
[ib_nav err] AttributeError: 'NoneType' object has no attribute 'accountSummary'
[watchdog] socks=无 gw=on ib=fail×47 tunnel_fail=1 ib_fail=47
[ib_nav err] AttributeError: 'NoneType' object has no attribute 'accountSummary'
[watchdog] socks=无 gw=on ib=fail×48 tunnel_fail=2 ib_fail=48
[ib_nav err] AttributeError: 'NoneType' object has no attribute 'accountSummary'
[watchdog] socks=无 gw=on ib=fail×49 tunnel_fail=3 ib_fail=49
[ib_nav err] AttributeError: 'NoneType' object has no attribute 'accountSummary'
[watchdog] socks=无 gw=on ib=fail×50 tunnel_fail=4 ib_fail=50
[ib_nav err] AttributeError: 'NoneType' object has no attribute 'accountSummary'
[watchdog] socks=无 gw=on ib=fail×51 tunnel_fail=5 ib_fail=51
[ib_nav err] AttributeError: 'NoneType' object has no attribute 'accountSummary'
[watchdog] socks=无 gw=on ib=fail×52 tunnel_fail=6 ib_fail=52
[ib_nav err] AttributeError: 'NoneType' object has no attribute 'accountSummary'
[watchdog] socks=无 gw=on ib=fail×53 tunnel_fail=7 ib_fail=53
[ib_nav err] AttributeError: 'NoneType' object has no attribute 'accountSummary'
[watchdog] socks=无 gw=on ib=fail×54 tunnel_fail=8 ib_fail=54
[ib_nav err] AttributeError: 'NoneType' object has no attribute 'accountSummary'
[watchdog] socks=无 gw=on ib=fail×55 tunnel_fail=9 ib_fail=55
[ib_nav err] AttributeError: 'NoneType' object has no attribute 'accountSummary'
[watchdog] socks=无 gw=on ib=fail×56 tunnel_fail=10 ib_fail=56
[ib_nav err] AttributeError: 'NoneType' object has no attribute 'accountSummary'
[watchdog] socks=无 gw=on ib=fail×57 tunnel_fail=11 ib_fail=57
[ib_nav err] AttributeError: 'NoneType' object has no attribute 'accountSummary'
[watchdog] socks=无 gw=on ib=fail×58 tunnel_fail=12 ib_fail=58
[ib_nav err] AttributeError: 'NoneType' object has no attribute 'accountSummary'
[watchdog] socks=无 gw=on ib=fail×59 tunnel_fail=13 ib_fail=59
[ib_nav err] AttributeError: 'NoneType' object has no attribute 'accountSummary'
[watchdog] socks=无 gw=on ib=fail×60 tunnel_fail=14 ib_fail=60
[ib_nav err] AttributeError: 'NoneType' object has no attribute 'accountSummary'
[watchdog] socks=无 gw=on ib=fail×61 tunnel_fail=15 ib_fail=61
[ib_nav err] AttributeError: 'NoneType' object has no attribute 'accountSummary'
[watchdog] socks=无 gw=on ib=fail×62 tunnel_fail=16 ib_fail=62
[ib_nav err] AttributeError: 'NoneType' object has no attribute 'accountSummary'
[watchdog] socks=无 gw=on ib=fail×63 tunnel_fail=17 ib_fail=63
[ib_nav err] AttributeError: 'NoneType' object has no attribute 'accountSummary'
[watchdog] socks=无 gw=on ib=fail×64 tunnel_fail=18 ib_fail=64
[ib_nav err] AttributeError: 'NoneType' object has no attribute 'accountSummary'
[watchdog] socks=无 gw=on ib=fail×65 tunnel_fail=19 ib_fail=65
[ib_nav err] AttributeError: 'NoneType' object has no attribute 'accountSummary'
[watchdog] socks=无 gw=on ib=fail×66 tunnel_fail=20 ib_fail=66
[ib_nav err] AttributeError: 'NoneType' object has no attribute 'accountSummary'
[watchdog] socks=无 gw=on ib=fail×67 tunnel_fail=21 ib_fail=67
[ib_nav err] AttributeError: 'NoneType' object has no attribute 'accountSummary'
[watchdog] socks=无 gw=on ib=fail×68 tunnel_fail=22 ib_fail=68
[ib_nav err] AttributeError: 'NoneType' object has no attribute 'accountSummary'
[watchdog] socks=无 gw=on ib=fail×69 tunnel_fail=23 ib_fail=69
[ib_nav err] AttributeError: 'NoneType' object has no attribute 'accountSummary'
[watchdog] socks=无 gw=on ib=fail×70 tunnel_fail=24 ib_fail=70
[ib_nav err] AttributeError: 'NoneType' object has no attribute 'accountSummary'
[watchdog] socks=无 gw=on ib=fail×71 tunnel_fail=25 ib_fail=71
[ib_nav err] AttributeError: 'NoneType' object has no attribute 'accountSummary'
[watchdog] socks=无 gw=on ib=fail×72 tunnel_fail=26 ib_fail=72
[ib_nav err] AttributeError: 'NoneType' object has no attribute 'accountSummary'
[watchdog] socks=无 gw=on ib=fail×73 tunnel_fail=27 ib_fail=73
[ib_nav err] AttributeError: 'NoneType' object has no attribute 'accountSummary'
[watchdog] socks=无 gw=on ib=fail×74 tunnel_fail=28 ib_fail=74
[ib_nav err] AttributeError: 'NoneType' object has no attribute 'accountSummary'
[watchdog] socks=无 gw=on ib=fail×75 tunnel_fail=29 ib_fail=75
[ib_nav err] AttributeError: 'NoneType' object has no attribute 'accountSummary'
[watchdog] socks=无 gw=on ib=fail×76 tunnel_fail=30 ib_fail=76
[ib_nav err] AttributeError: 'NoneType' object has no attribute 'accountSummary'
[watchdog] socks=无 gw=on ib=fail×77 tunnel_fail=31 ib_fail=77
[ib_nav err] AttributeError: 'NoneType' object has no attribute 'accountSummary'
[watchdog] socks=无 gw=on ib=fail×78 tunnel_fail=32 ib_fail=78
[ib_nav err] AttributeError: 'NoneType' object has no attribute 'accountSummary'
[watchdog] socks=无 gw=on ib=fail×79 tunnel_fail=33 ib_fail=79
[ib_nav err] AttributeError: 'NoneType' object has no attribute 'accountSummary'
[watchdog] socks=无 gw=on ib=fail×80 tunnel_fail=34 ib_fail=80
[ib_nav err] AttributeError: 'NoneType' object has no attribute 'accountSummary'
[watchdog] socks=无 gw=on ib=fail×81 tunnel_fail=35 ib_fail=81
[ib_nav err] AttributeError: 'NoneType' object has no attribute 'accountSummary'
[watchdog] socks=无 gw=on ib=fail×82 tunnel_fail=36 ib_fail=82
[ib_nav err] AttributeError: 'NoneType' object has no attribute 'accountSummary'
[watchdog] socks=CA gw=on ib=fail×83 tunnel_fail=0 ib_fail=83
[ib_nav err] AttributeError: 'NoneType' object has no attribute 'accountSummary'
[watchdog] socks=CA gw=on ib=fail×84 tunnel_fail=0 ib_fail=84
[ib_nav err] AttributeError: 'NoneType' object has no attribute 'accountSummary'
[watchdog] socks=CA gw=on ib=fail×85 tunnel_fail=0 ib_fail=85
[watchdog] socks=CA gw=off ib=n/a tunnel_fail=0 ib_fail=85
[watchdog] socks=CA gw=on ib=ok tunnel_fail=0 ib_fail=0
[watchdog] socks=CA gw=on ib=ok tunnel_fail=0 ib_fail=0
[watchdog] socks=CA gw=on ib=ok tunnel_fail=0 ib_fail=0
[watchdog] socks=CA gw=on ib=ok tunnel_fail=0 ib_fail=0
[watchdog] socks=CA gw=on ib=ok tunnel_fail=0 ib_fail=0
[watchdog] socks=CA gw=on ib=ok tunnel_fail=0 ib_fail=0
[watchdog] socks=CA gw=on ib=ok tunnel_fail=0 ib_fail=0
[watchdog] socks=CA gw=on ib=ok tunnel_fail=0 ib_fail=0
[watchdog] socks=CA gw=on ib=ok tunnel_fail=0 ib_fail=0
[watchdog] socks=CA gw=on ib=ok tunnel_fail=0 ib_fail=0
[watchdog] socks=CA gw=on ib=ok tunnel_fail=0 ib_fail=0
[watchdog] socks=CA gw=on ib=ok tunnel_fail=0 ib_fail=0
[watchdog] socks=CA gw=on ib=ok tunnel_fail=0 ib_fail=0
[watchdog] socks=CA gw=on ib=ok tunnel_fail=0 ib_fail=0
[watchdog] socks=CA gw=on ib=ok tunnel_fail=0 ib_fail=0
[watchdog] socks=CA gw=on ib=ok tunnel_fail=0 ib_fail=0
[watchdog] socks=CA gw=on ib=ok tunnel_fail=0 ib_fail=0
[watchdog] socks=CA gw=on ib=ok tunnel_fail=0 ib_fail=0
[watchdog] socks=CA gw=on ib=ok tunnel_fail=0 ib_fail=0
[watchdog] socks=CA gw=on ib=ok tunnel_fail=0 ib_fail=0
[watchdog] socks=CA gw=on ib=ok tunnel_fail=0 ib_fail=0
[watchdog] socks=CA gw=on ib=ok tunnel_fail=0 ib_fail=0
[watchdog] socks=CA gw=on ib=ok tunnel_fail=0 ib_fail=0
[watchdog] socks=CA gw=on ib=ok tunnel_fail=0 ib_fail=0
[watchdog] socks=CA gw=on ib=ok tunnel_fail=0 ib_fail=0
[watchdog] socks=CA gw=on ib=ok tunnel_fail=0 ib_fail=0
[watchdog] socks=CA gw=on ib=ok tunnel_fail=0 ib_fail=0
[watchdog] socks=CA gw=on ib=ok tunnel_fail=0 ib_fail=0
[watchdog] socks=CA gw=on ib=ok tunnel_fail=0 ib_fail=0
[watchdog] socks=CA gw=on ib=ok tunnel_fail=0 ib_fail=0
[watchdog] socks=CA gw=on ib=ok tunnel_fail=0 ib_fail=0
[watchdog] socks=CA gw=on ib=ok tunnel_fail=0 ib_fail=0
[watchdog] socks=CA gw=on ib=ok tunnel_fail=0 ib_fail=0
[watchdog] socks=CA gw=on ib=ok tunnel_fail=0 ib_fail=0
[watchdog] socks=CA gw=on ib=ok tunnel_fail=0 ib_fail=0
[watchdog] socks=CA gw=on ib=ok tunnel_fail=0 ib_fail=0
[watchdog] socks=CA gw=on ib=ok tunnel_fail=0 ib_fail=0
[watchdog] socks=CA gw=on ib=ok tunnel_fail=0 ib_fail=0
[watchdog] socks=CA gw=on ib=ok tunnel_fail=0 ib_fail=0
[watchdog] socks=CA gw=on ib=ok tunnel_fail=0 ib_fail=0
[watchdog] socks=CA gw=on ib=ok tunnel_fail=0 ib_fail=0
[watchdog] socks=CA gw=on ib=ok tunnel_fail=0 ib_fail=0
[watchdog] socks=CA gw=on ib=ok tunnel_fail=0 ib_fail=0
[watchdog] socks=CA gw=on ib=ok tunnel_fail=0 ib_fail=0
[watchdog] socks=CA gw=on ib=ok tunnel_fail=0 ib_fail=0
[watchdog] socks=CA gw=on ib=ok tunnel_fail=0 ib_fail=0
[watchdog] socks=CA gw=on ib=ok tunnel_fail=0 ib_fail=0
[watchdog] socks=CA gw=on ib=ok tunnel_fail=0 ib_fail=0
[watchdog] socks=CA gw=on ib=ok tunnel_fail=0 ib_fail=0
[watchdog] socks=CA gw=on ib=ok tunnel_fail=0 ib_fail=0
[watchdog] socks=CA gw=on ib=ok tunnel_fail=0 ib_fail=0
[watchdog] socks=CA gw=on ib=ok tunnel_fail=0 ib_fail=0
[watchdog] socks=CA gw=on ib=ok tunnel_fail=0 ib_fail=0
[watchdog] socks=CA gw=on ib=ok tunnel_fail=0 ib_fail=0
[watchdog] socks=CA gw=on ib=ok tunnel_fail=0 ib_fail=0
[watchdog] socks=CA gw=on ib=ok tunnel_fail=0 ib_fail=0
[watchdog] socks=CA gw=on ib=ok tunnel_fail=0 ib_fail=0
[watchdog] socks=CA gw=on ib=ok tunnel_fail=0 ib_fail=0
[watchdog] socks=CA gw=on ib=ok tunnel_fail=0 ib_fail=0
[watchdog] socks=CA gw=on ib=ok tunnel_fail=0 ib_fail=0
[watchdog] socks=CA gw=on ib=ok tunnel_fail=0 ib_fail=0
[watchdog] socks=CA gw=on ib=ok tunnel_fail=0 ib_fail=0
[watchdog] socks=CA gw=on ib=ok tunnel_fail=0 ib_fail=0
[watchdog] socks=CA gw=on ib=ok tunnel_fail=0 ib_fail=0
[watchdog] socks=CA gw=on ib=ok tunnel_fail=0 ib_fail=0
[watchdog] socks=CA gw=on ib=ok tunnel_fail=0 ib_fail=0
[watchdog] socks=CA gw=on ib=ok tunnel_fail=0 ib_fail=0
[watchdog] socks=CA gw=on ib=ok tunnel_fail=0 ib_fail=0
[watchdog] socks=CA gw=on ib=ok tunnel_fail=0 ib_fail=0
[watchdog] socks=CA gw=on ib=ok tunnel_fail=0 ib_fail=0
[watchdog] socks=CA gw=on ib=ok tunnel_fail=0 ib_fail=0
[watchdog] socks=CA gw=on ib=ok tunnel_fail=0 ib_fail=0
[watchdog] socks=CA gw=on ib=ok tunnel_fail=0 ib_fail=0
[watchdog] socks=CA gw=on ib=ok tunnel_fail=0 ib_fail=0
[watchdog] socks=CA gw=on ib=ok tunnel_fail=0 ib_fail=0
[watchdog] socks=CA gw=on ib=ok tunnel_fail=0 ib_fail=0
[watchdog] socks=CA gw=on ib=ok tunnel_fail=0 ib_fail=0
[watchdog] socks=CA gw=on ib=ok tunnel_fail=0 ib_fail=0
[watchdog] socks=CA gw=on ib=ok tunnel_fail=0 ib_fail=0
[watchdog] socks=CA gw=on ib=ok tunnel_fail=0 ib_fail=0
[watchdog] socks=CA gw=on ib=ok tunnel_fail=0 ib_fail=0
[watchdog] socks=CA gw=on ib=ok tunnel_fail=0 ib_fail=0
[watchdog] socks=CA gw=on ib=ok tunnel_fail=0 ib_fail=0
[watchdog] socks=CA gw=on ib=ok tunnel_fail=0 ib_fail=0
[watchdog] socks=CA gw=on ib=ok tunnel_fail=0 ib_fail=0
[watchdog] socks=CA gw=on ib=ok tunnel_fail=0 ib_fail=0
[watchdog] socks=CA gw=on ib=ok tunnel_fail=0 ib_fail=0
[watchdog] socks=CA gw=on ib=ok tunnel_fail=0 ib_fail=0
[watchdog] socks=CA gw=on ib=ok tunnel_fail=0 ib_fail=0
[watchdog] socks=CA gw=on ib=ok tunnel_fail=0 ib_fail=0
[watchdog] socks=CA gw=on ib=ok tunnel_fail=0 ib_fail=0
[watchdog] socks=CA gw=on ib=ok tunnel_fail=0 ib_fail=0
[watchdog] socks=CA gw=on ib=ok tunnel_fail=0 ib_fail=0
[watchdog] socks=CA gw=on ib=ok tunnel_fail=0 ib_fail=0
[watchdog] socks=CA gw=on ib=ok tunnel_fail=0 ib_fail=0
[watchdog] socks=CA gw=on ib=ok tunnel_fail=0 ib_fail=0
[watchdog] socks=CA gw=on ib=ok tunnel_fail=0 ib_fail=0
[watchdog] socks=CA gw=on ib=ok tunnel_fail=0 ib_fail=0
[watchdog] socks=CA gw=on ib=ok tunnel_fail=0 ib_fail=0
[watchdog] socks=CA gw=on ib=ok tunnel_fail=0 ib_fail=0
[watchdog] socks=CA gw=on ib=ok tunnel_fail=0 ib_fail=0
[watchdog] socks=CA gw=on ib=ok tunnel_fail=0 ib_fail=0
[watchdog] socks=CA gw=on ib=ok tunnel_fail=0 ib_fail=0
[watchdog] socks=CA gw=on ib=ok tunnel_fail=0 ib_fail=0
[watchdog] socks=CA gw=on ib=ok tunnel_fail=0 ib_fail=0
[watchdog] socks=CA gw=on ib=ok tunnel_fail=0 ib_fail=0
[watchdog] socks=CA gw=on ib=ok tunnel_fail=0 ib_fail=0
[watchdog] socks=CA gw=on ib=ok tunnel_fail=0 ib_fail=0
[watchdog] socks=CA gw=on ib=ok tunnel_fail=0 ib_fail=0
[watchdog] socks=CA gw=on ib=ok tunnel_fail=0 ib_fail=0
[watchdog] socks=CA gw=on ib=ok tunnel_fail=0 ib_fail=0
[watchdog] socks=CA gw=on ib=ok tunnel_fail=0 ib_fail=0
[watchdog] socks=CA gw=on ib=ok tunnel_fail=0 ib_fail=0
[watchdog] socks=CA gw=on ib=ok tunnel_fail=0 ib_fail=0
[watchdog] socks=CA gw=on ib=ok tunnel_fail=0 ib_fail=0
[watchdog] socks=CA gw=on ib=ok tunnel_fail=0 ib_fail=0
[watchdog] socks=CA gw=on ib=ok tunnel_fail=0 ib_fail=0
[watchdog] socks=CA gw=on ib=ok tunnel_fail=0 ib_fail=0
[watchdog] socks=CA gw=on ib=ok tunnel_fail=0 ib_fail=0
[watchdog] socks=CA gw=on ib=ok tunnel_fail=0 ib_fail=0
[watchdog] socks=CA gw=on ib=ok tunnel_fail=0 ib_fail=0
[watchdog] socks=CA gw=on ib=ok tunnel_fail=0 ib_fail=0
[watchdog] socks=CA gw=on ib=ok tunnel_fail=0 ib_fail=0
[watchdog] socks=CA gw=on ib=ok tunnel_fail=0 ib_fail=0
[watchdog] socks=CA gw=on ib=ok tunnel_fail=0 ib_fail=0
[watchdog] socks=CA gw=on ib=ok tunnel_fail=0 ib_fail=0
[watchdog] socks=CA gw=on ib=ok tunnel_fail=0 ib_fail=0
[watchdog] socks=CA gw=on ib=ok tunnel_fail=0 ib_fail=0
[watchdog] socks=CA gw=on ib=ok tunnel_fail=0 ib_fail=0
[watchdog] socks=CA gw=on ib=ok tunnel_fail=0 ib_fail=0
[watchdog] socks=CA gw=on ib=ok tunnel_fail=0 ib_fail=0
[watchdog] socks=CA gw=on ib=ok tunnel_fail=0 ib_fail=0
[watchdog] socks=CA gw=on ib=ok tunnel_fail=0 ib_fail=0
[watchdog] socks=CA gw=on ib=ok tunnel_fail=0 ib_fail=0
[watchdog] socks=CA gw=on ib=ok tunnel_fail=0 ib_fail=0
[watchdog] socks=CA gw=on ib=ok tunnel_fail=0 ib_fail=0
[watchdog] socks=CA gw=on ib=ok tunnel_fail=0 ib_fail=0
[watchdog] socks=CA gw=on ib=ok tunnel_fail=0 ib_fail=0
[watchdog] socks=CA gw=on ib=ok tunnel_fail=0 ib_fail=0
[watchdog] socks=CA gw=on ib=ok tunnel_fail=0 ib_fail=0
[watchdog] socks=CA gw=on ib=ok tunnel_fail=0 ib_fail=0
[watchdog] socks=CA gw=on ib=ok tunnel_fail=0 ib_fail=0
[watchdog] socks=CA gw=on ib=ok tunnel_fail=0 ib_fail=0
[watchdog] socks=CA gw=on ib=ok tunnel_fail=0 ib_fail=0
[watchdog] socks=CA gw=on ib=ok tunnel_fail=0 ib_fail=0
[watchdog] socks=CA gw=on ib=ok tunnel_fail=0 ib_fail=0
[watchdog] socks=CA gw=on ib=ok tunnel_fail=0 ib_fail=0
[watchdog] socks=CA gw=on ib=ok tunnel_fail=0 ib_fail=0
[watchdog] socks=CA gw=on ib=ok tunnel_fail=0 ib_fail=0
[watchdog] socks=CA gw=on ib=ok tunnel_fail=0 ib_fail=0
[watchdog] socks=CA gw=on ib=ok tunnel_fail=0 ib_fail=0
[watchdog] socks=CA gw=on ib=ok tunnel_fail=0 ib_fail=0
[watchdog] socks=CA gw=on ib=ok tunnel_fail=0 ib_fail=0
[watchdog] socks=CA gw=on ib=ok tunnel_fail=0 ib_fail=0
[watchdog] socks=CA gw=on ib=ok tunnel_fail=0 ib_fail=0
[watchdog] socks=CA gw=on ib=ok tunnel_fail=0 ib_fail=0
[watchdog] socks=CA gw=on ib=ok tunnel_fail=0 ib_fail=0
[watchdog] socks=CA gw=on ib=ok tunnel_fail=0 ib_fail=0
[watchdog] socks=CA gw=on ib=ok tunnel_fail=0 ib_fail=0
[watchdog] socks=CA gw=on ib=ok tunnel_fail=0 ib_fail=0
[watchdog] socks=CA gw=on ib=ok tunnel_fail=0 ib_fail=0
[watchdog] socks=CA gw=on ib=ok tunnel_fail=0 ib_fail=0
[watchdog] socks=CA gw=on ib=ok tunnel_fail=0 ib_fail=0
[watchdog] socks=CA gw=on ib=ok tunnel_fail=0 ib_fail=0
[watchdog] socks=CA gw=on ib=ok tunnel_fail=0 ib_fail=0
[watchdog] socks=CA gw=on ib=ok tunnel_fail=0 ib_fail=0
[watchdog] socks=CA gw=on ib=ok tunnel_fail=0 ib_fail=0
[watchdog] socks=CA gw=on ib=ok tunnel_fail=0 ib_fail=0
[watchdog] socks=CA gw=on ib=ok tunnel_fail=0 ib_fail=0
[watchdog] socks=CA gw=on ib=ok tunnel_fail=0 ib_fail=0
[watchdog] socks=CA gw=on ib=ok tunnel_fail=0 ib_fail=0
[watchdog] socks=CA gw=on ib=ok tunnel_fail=0 ib_fail=0
[watchdog] socks=CA gw=on ib=ok tunnel_fail=0 ib_fail=0
[watchdog] socks=CA gw=on ib=ok tunnel_fail=0 ib_fail=0
[watchdog] socks=CA gw=on ib=ok tunnel_fail=0 ib_fail=0
[watchdog] socks=CA gw=on ib=ok tunnel_fail=0 ib_fail=0
[watchdog] socks=CA gw=on ib=ok tunnel_fail=0 ib_fail=0
[watchdog] socks=CA gw=on ib=ok tunnel_fail=0 ib_fail=0
[watchdog] socks=CA gw=on ib=ok tunnel_fail=0 ib_fail=0
[watchdog] socks=CA gw=on ib=ok tunnel_fail=0 ib_fail=0
[watchdog] socks=CA gw=on ib=ok tunnel_fail=0 ib_fail=0
[watchdog] socks=CA gw=on ib=ok tunnel_fail=0 ib_fail=0
[watchdog] socks=CA gw=on ib=ok tunnel_fail=0 ib_fail=0
[watchdog] socks=CA gw=on ib=ok tunnel_fail=0 ib_fail=0
[watchdog] socks=CA gw=on ib=ok tunnel_fail=0 ib_fail=0
[watchdog] socks=CA gw=on ib=ok tunnel_fail=0 ib_fail=0
[watchdog] socks=CA gw=on ib=ok tunnel_fail=0 ib_fail=0
[watchdog] socks=CA gw=on ib=ok tunnel_fail=0 ib_fail=0
[watchdog] socks=CA gw=on ib=ok tunnel_fail=0 ib_fail=0
[watchdog] socks=CA gw=on ib=ok tunnel_fail=0 ib_fail=0
[watchdog] socks=CA gw=on ib=ok tunnel_fail=0 ib_fail=0
[watchdog] socks=CA gw=on ib=ok tunnel_fail=0 ib_fail=0
[watchdog] socks=CA gw=on ib=ok tunnel_fail=0 ib_fail=0
[watchdog] socks=CA gw=on ib=ok tunnel_fail=0 ib_fail=0
[watchdog] socks=CA gw=on ib=ok tunnel_fail=0 ib_fail=0
[watchdog] socks=CA gw=on ib=ok tunnel_fail=0 ib_fail=0
[watchdog] socks=CA gw=on ib=ok tunnel_fail=0 ib_fail=0
[watchdog] socks=CA gw=on ib=ok tunnel_fail=0 ib_fail=0
[watchdog] socks=CA gw=on ib=ok tunnel_fail=0 ib_fail=0
[watchdog] socks=CA gw=on ib=ok tunnel_fail=0 ib_fail=0
[watchdog] socks=CA gw=on ib=ok tunnel_fail=0 ib_fail=0
[watchdog] socks=CA gw=on ib=ok tunnel_fail=0 ib_fail=0
[watchdog] socks=CA gw=on ib=ok tunnel_fail=0 ib_fail=0
[watchdog] socks=CA gw=on ib=ok tunnel_fail=0 ib_fail=0
[watchdog] socks=CA gw=on ib=ok tunnel_fail=0 ib_fail=0
[watchdog] socks=CA gw=on ib=ok tunnel_fail=0 ib_fail=0
[watchdog] socks=CA gw=on ib=ok tunnel_fail=0 ib_fail=0
[watchdog] socks=CA gw=on ib=ok tunnel_fail=0 ib_fail=0
[watchdog] socks=CA gw=on ib=ok tunnel_fail=0 ib_fail=0
[watchdog] socks=CA gw=on ib=ok tunnel_fail=0 ib_fail=0
[watchdog] socks=CA gw=on ib=ok tunnel_fail=0 ib_fail=0
[watchdog] socks=CA gw=on ib=ok tunnel_fail=0 ib_fail=0
[watchdog] socks=CA gw=on ib=ok tunnel_fail=0 ib_fail=0
[watchdog] socks=CA gw=on ib=ok tunnel_fail=0 ib_fail=0
[watchdog] socks=CA gw=on ib=ok tunnel_fail=0 ib_fail=0
[watchdog] socks=CA gw=on ib=ok tunnel_fail=0 ib_fail=0
[watchdog] socks=CA gw=on ib=ok tunnel_fail=0 ib_fail=0
[watchdog] socks=CA gw=on ib=ok tunnel_fail=0 ib_fail=0
[watchdog] socks=CA gw=on ib=ok tunnel_fail=0 ib_fail=0
[watchdog] socks=CA gw=on ib=ok tunnel_fail=0 ib_fail=0
[watchdog] socks=CA gw=on ib=ok tunnel_fail=0 ib_fail=0
[watchdog] socks=CA gw=on ib=ok tunnel_fail=0 ib_fail=0
[watchdog] socks=CA gw=on ib=ok tunnel_fail=0 ib_fail=0
[watchdog] socks=CA gw=on ib=ok tunnel_fail=0 ib_fail=0
[watchdog] socks=CA gw=on ib=ok tunnel_fail=0 ib_fail=0
[watchdog] socks=CA gw=on ib=ok tunnel_fail=0 ib_fail=0
[watchdog] socks=CA gw=on ib=ok tunnel_fail=0 ib_fail=0
[watchdog] socks=CA gw=on ib=ok tunnel_fail=0 ib_fail=0
[watchdog] socks=CA gw=on ib=ok tunnel_fail=0 ib_fail=0
[watchdog] socks=CA gw=on ib=ok tunnel_fail=0 ib_fail=0
[watchdog] socks=CA gw=on ib=ok tunnel_fail=0 ib_fail=0
[watchdog] socks=CA gw=on ib=ok tunnel_fail=0 ib_fail=0
[watchdog] socks=CA gw=on ib=ok tunnel_fail=0 ib_fail=0
[watchdog] socks=CA gw=on ib=ok tunnel_fail=0 ib_fail=0
[watchdog] socks=CA gw=on ib=ok tunnel_fail=0 ib_fail=0
[watchdog] socks=CA gw=on ib=ok tunnel_fail=0 ib_fail=0
[watchdog] socks=CA gw=on ib=ok tunnel_fail=0 ib_fail=0
[watchdog] socks=CA gw=on ib=ok tunnel_fail=0 ib_fail=0
[watchdog] socks=CA gw=on ib=ok tunnel_fail=0 ib_fail=0
[watchdog] socks=CA gw=on ib=ok tunnel_fail=0 ib_fail=0
[watchdog] socks=CA gw=on ib=ok tunnel_fail=0 ib_fail=0
[watchdog] socks=CA gw=on ib=ok tunnel_fail=0 ib_fail=0
[watchdog] socks=CA gw=on ib=ok tunnel_fail=0 ib_fail=0
[watchdog] socks=CA gw=on ib=ok tunnel_fail=0 ib_fail=0
[watchdog] socks=CA gw=on ib=ok tunnel_fail=0 ib_fail=0
[watchdog] socks=CA gw=on ib=ok tunnel_fail=0 ib_fail=0
[watchdog] socks=CA gw=on ib=ok tunnel_fail=0 ib_fail=0
[watchdog] socks=CA gw=on ib=ok tunnel_fail=0 ib_fail=0
[watchdog] socks=CA gw=on ib=ok tunnel_fail=0 ib_fail=0
[watchdog] socks=CA gw=on ib=ok tunnel_fail=0 ib_fail=0
[watchdog] socks=CA gw=on ib=ok tunnel_fail=0 ib_fail=0
[watchdog] socks=CA gw=on ib=ok tunnel_fail=0 ib_fail=0
[watchdog] socks=CA gw=on ib=ok tunnel_fail=0 ib_fail=0
[watchdog] socks=CA gw=on ib=ok tunnel_fail=0 ib_fail=0
[watchdog] socks=CA gw=on ib=ok tunnel_fail=0 ib_fail=0
[watchdog] socks=CA gw=on ib=ok tunnel_fail=0 ib_fail=0
[watchdog] socks=CA gw=on ib=ok tunnel_fail=0 ib_fail=0
[watchdog] socks=CA gw=on ib=ok tunnel_fail=0 ib_fail=0
[watchdog] socks=CA gw=on ib=ok tunnel_fail=0 ib_fail=0
[watchdog] socks=CA gw=on ib=ok tunnel_fail=0 ib_fail=0
[watchdog] socks=CA gw=on ib=ok tunnel_fail=0 ib_fail=0
[watchdog] socks=CA gw=on ib=ok tunnel_fail=0 ib_fail=0
[watchdog] socks=CA gw=on ib=ok tunnel_fail=0 ib_fail=0
[watchdog] socks=CA gw=on ib=ok tunnel_fail=0 ib_fail=0
[watchdog] socks=CA gw=on ib=ok tunnel_fail=0 ib_fail=0
[watchdog] socks=CA gw=on ib=ok tunnel_fail=0 ib_fail=0
[watchdog] socks=CA gw=on ib=ok tunnel_fail=0 ib_fail=0
[watchdog] socks=CA gw=on ib=ok tunnel_fail=0 ib_fail=0
[watchdog] socks=CA gw=on ib=ok tunnel_fail=0 ib_fail=0
[watchdog] socks=CA gw=on ib=ok tunnel_fail=0 ib_fail=0
[watchdog] socks=CA gw=on ib=ok tunnel_fail=0 ib_fail=0
[watchdog] socks=CA gw=on ib=ok tunnel_fail=0 ib_fail=0
[watchdog] socks=CA gw=on ib=ok tunnel_fail=0 ib_fail=0
[watchdog] socks=CA gw=on ib=ok tunnel_fail=0 ib_fail=0
[watchdog] socks=CA gw=on ib=ok tunnel_fail=0 ib_fail=0
[watchdog] socks=CA gw=on ib=ok tunnel_fail=0 ib_fail=0
[watchdog] socks=CA gw=on ib=ok tunnel_fail=0 ib_fail=0
[watchdog] socks=CA gw=on ib=ok tunnel_fail=0 ib_fail=0
[watchdog] socks=CA gw=on ib=ok tunnel_fail=0 ib_fail=0
[watchdog] socks=CA gw=on ib=ok tunnel_fail=0 ib_fail=0
[watchdog] socks=CA gw=on ib=ok tunnel_fail=0 ib_fail=0
[watchdog] socks=CA gw=on ib=ok tunnel_fail=0 ib_fail=0
[watchdog] socks=CA gw=on ib=ok tunnel_fail=0 ib_fail=0
[watchdog] socks=CA gw=on ib=ok tunnel_fail=0 ib_fail=0
[watchdog] socks=CA gw=on ib=ok tunnel_fail=0 ib_fail=0
[watchdog] socks=CA gw=on ib=ok tunnel_fail=0 ib_fail=0
[watchdog] socks=CA gw=on ib=ok tunnel_fail=0 ib_fail=0
[watchdog] socks=CA gw=on ib=ok tunnel_fail=0 ib_fail=0
[watchdog] socks=CA gw=on ib=ok tunnel_fail=0 ib_fail=0
[watchdog] socks=CA gw=on ib=ok tunnel_fail=0 ib_fail=0
[watchdog] socks=CA gw=on ib=ok tunnel_fail=0 ib_fail=0
[watchdog] socks=CA gw=on ib=ok tunnel_fail=0 ib_fail=0
[watchdog] socks=CA gw=on ib=ok tunnel_fail=0 ib_fail=0
[watchdog] socks=CA gw=on ib=ok tunnel_fail=0 ib_fail=0
[watchdog] socks=CA gw=on ib=ok tunnel_fail=0 ib_fail=0
[watchdog] socks=CA gw=on ib=ok tunnel_fail=0 ib_fail=0
[watchdog] socks=CA gw=on ib=ok tunnel_fail=0 ib_fail=0
[watchdog] socks=CA gw=on ib=ok tunnel_fail=0 ib_fail=0
[watchdog] socks=CA gw=on ib=ok tunnel_fail=0 ib_fail=0
[watchdog] socks=CA gw=on ib=ok tunnel_fail=0 ib_fail=0
[watchdog] socks=CA gw=on ib=ok tunnel_fail=0 ib_fail=0
[watchdog] socks=CA gw=on ib=ok tunnel_fail=0 ib_fail=0
[watchdog] socks=CA gw=on ib=ok tunnel_fail=0 ib_fail=0
[watchdog] socks=CA gw=on ib=ok tunnel_fail=0 ib_fail=0
[watchdog] socks=CA gw=on ib=ok tunnel_fail=0 ib_fail=0
[watchdog] socks=CA gw=on ib=ok tunnel_fail=0 ib_fail=0
[watchdog] socks=CA gw=on ib=ok tunnel_fail=0 ib_fail=0
[watchdog] socks=CA gw=on ib=ok tunnel_fail=0 ib_fail=0
[watchdog] socks=CA gw=on ib=ok tunnel_fail=0 ib_fail=0
[watchdog] socks=CA gw=on ib=ok tunnel_fail=0 ib_fail=0
[watchdog] socks=CA gw=on ib=ok tunnel_fail=0 ib_fail=0
[watchdog] socks=CA gw=on ib=ok tunnel_fail=0 ib_fail=0
[watchdog] socks=CA gw=on ib=ok tunnel_fail=0 ib_fail=0
[watchdog] socks=CA gw=on ib=ok tunnel_fail=0 ib_fail=0
[watchdog] socks=CA gw=on ib=ok tunnel_fail=0 ib_fail=0
[watchdog] socks=CA gw=on ib=ok tunnel_fail=0 ib_fail=0
[watchdog] socks=CA gw=on ib=ok tunnel_fail=0 ib_fail=0
[watchdog] socks=CA gw=on ib=ok tunnel_fail=0 ib_fail=0
[watchdog] socks=CA gw=on ib=ok tunnel_fail=0 ib_fail=0
[watchdog] socks=CA gw=on ib=ok tunnel_fail=0 ib_fail=0
[watchdog] socks=CA gw=on ib=ok tunnel_fail=0 ib_fail=0
[watchdog] socks=CA gw=on ib=ok tunnel_fail=0 ib_fail=0
[watchdog] socks=CA gw=on ib=ok tunnel_fail=0 ib_fail=0
[watchdog] socks=CA gw=on ib=ok tunnel_fail=0 ib_fail=0
[watchdog] socks=CA gw=on ib=ok tunnel_fail=0 ib_fail=0
[watchdog] socks=CA gw=on ib=ok tunnel_fail=0 ib_fail=0
[ib_nav err] AttributeError: 'NoneType' object has no attribute 'accountSummary'
[watchdog] socks=无 gw=on ib=fail×1 tunnel_fail=1 ib_fail=1
[ib_nav err] AttributeError: 'NoneType' object has no attribute 'accountSummary'
[watchdog] socks=无 gw=on ib=fail×2 tunnel_fail=2 ib_fail=2
[ib_nav err] AttributeError: 'NoneType' object has no attribute 'accountSummary'
[watchdog] socks=无 gw=on ib=fail×3 tunnel_fail=3 ib_fail=3
[ib_nav err] AttributeError: 'NoneType' object has no attribute 'accountSummary'
[watchdog] socks=无 gw=on ib=fail×4 tunnel_fail=4 ib_fail=4
[ib_nav err] AttributeError: 'NoneType' object has no attribute 'accountSummary'
[watchdog] socks=无 gw=on ib=fail×5 tunnel_fail=5 ib_fail=5
[ib_nav err] AttributeError: 'NoneType' object has no attribute 'accountSummary'
[watchdog] socks=无 gw=on ib=fail×6 tunnel_fail=6 ib_fail=6
[watchdog] socks=无 gw=on ib=ok tunnel_fail=7 ib_fail=0
[watchdog] socks=CA gw=on ib=ok tunnel_fail=0 ib_fail=0
[watchdog] socks=CA gw=on ib=ok tunnel_fail=0 ib_fail=0
[watchdog] socks=CA gw=on ib=ok tunnel_fail=0 ib_fail=0
[watchdog] socks=CA gw=on ib=ok tunnel_fail=0 ib_fail=0
[watchdog] socks=CA gw=on ib=ok tunnel_fail=0 ib_fail=0
[watchdog] socks=CA gw=on ib=ok tunnel_fail=0 ib_fail=0
[watchdog] socks=CA gw=on ib=ok tunnel_fail=0 ib_fail=0
[watchdog] socks=CA gw=on ib=ok tunnel_fail=0 ib_fail=0
[watchdog] socks=CA gw=on ib=ok tunnel_fail=0 ib_fail=0
[watchdog] socks=CA gw=on ib=ok tunnel_fail=0 ib_fail=0
[watchdog] socks=CA gw=on ib=ok tunnel_fail=0 ib_fail=0
[watchdog] socks=CA gw=on ib=ok tunnel_fail=0 ib_fail=0
[watchdog] socks=CA gw=on ib=ok tunnel_fail=0 ib_fail=0
[watchdog] socks=CA gw=on ib=ok tunnel_fail=0 ib_fail=0
[watchdog] socks=CA gw=on ib=ok tunnel_fail=0 ib_fail=0
[watchdog] socks=CA gw=on ib=ok tunnel_fail=0 ib_fail=0
[watchdog] socks=CA gw=on ib=ok tunnel_fail=0 ib_fail=0
[watchdog] socks=CA gw=on ib=ok tunnel_fail=0 ib_fail=0
[watchdog] socks=CA gw=on ib=ok tunnel_fail=0 ib_fail=0
[watchdog] socks=CA gw=on ib=ok tunnel_fail=0 ib_fail=0
[watchdog] socks=CA gw=on ib=ok tunnel_fail=0 ib_fail=0
[watchdog] socks=CA gw=on ib=ok tunnel_fail=0 ib_fail=0
[watchdog] socks=CA gw=on ib=ok tunnel_fail=0 ib_fail=0
[watchdog] socks=CA gw=on ib=ok tunnel_fail=0 ib_fail=0
[watchdog] socks=CA gw=on ib=ok tunnel_fail=0 ib_fail=0
[watchdog] socks=CA gw=on ib=ok tunnel_fail=0 ib_fail=0
[watchdog] socks=CA gw=on ib=ok tunnel_fail=0 ib_fail=0
[watchdog] socks=CA gw=on ib=ok tunnel_fail=0 ib_fail=0
[watchdog] socks=CA gw=on ib=ok tunnel_fail=0 ib_fail=0
[watchdog] socks=CA gw=on ib=ok tunnel_fail=0 ib_fail=0
[watchdog] socks=CA gw=on ib=ok tunnel_fail=0 ib_fail=0
[watchdog] socks=CA gw=on ib=ok tunnel_fail=0 ib_fail=0
[watchdog] socks=CA gw=on ib=ok tunnel_fail=0 ib_fail=0
[watchdog] socks=CA gw=on ib=ok tunnel_fail=0 ib_fail=0
[watchdog] socks=CA gw=on ib=ok tunnel_fail=0 ib_fail=0
[watchdog] socks=CA gw=on ib=ok tunnel_fail=0 ib_fail=0
[watchdog] socks=CA gw=on ib=ok tunnel_fail=0 ib_fail=0
[watchdog] socks=CA gw=on ib=ok tunnel_fail=0 ib_fail=0
[watchdog] socks=CA gw=on ib=ok tunnel_fail=0 ib_fail=0
[watchdog] socks=CA gw=on ib=ok tunnel_fail=0 ib_fail=0
[watchdog] socks=CA gw=on ib=ok tunnel_fail=0 ib_fail=0
[watchdog] socks=CA gw=on ib=ok tunnel_fail=0 ib_fail=0
[watchdog] socks=CA gw=on ib=ok tunnel_fail=0 ib_fail=0
[watchdog] socks=CA gw=on ib=ok tunnel_fail=0 ib_fail=0
[watchdog] socks=CA gw=on ib=ok tunnel_fail=0 ib_fail=0
[watchdog] socks=CA gw=on ib=ok tunnel_fail=0 ib_fail=0
[watchdog] socks=CA gw=on ib=ok tunnel_fail=0 ib_fail=0
[watchdog] socks=CA gw=on ib=ok tunnel_fail=0 ib_fail=0
[watchdog] socks=CA gw=on ib=ok tunnel_fail=0 ib_fail=0
[watchdog] socks=CA gw=on ib=ok tunnel_fail=0 ib_fail=0
[watchdog] socks=CA gw=on ib=ok tunnel_fail=0 ib_fail=0
[watchdog] socks=CA gw=on ib=ok tunnel_fail=0 ib_fail=0
[watchdog] socks=CA gw=on ib=ok tunnel_fail=0 ib_fail=0
[watchdog] socks=CA gw=on ib=ok tunnel_fail=0 ib_fail=0
[watchdog] socks=CA gw=on ib=ok tunnel_fail=0 ib_fail=0
[watchdog] socks=CA gw=on ib=ok tunnel_fail=0 ib_fail=0
[watchdog] socks=CA gw=on ib=ok tunnel_fail=0 ib_fail=0
[watchdog] socks=CA gw=on ib=ok tunnel_fail=0 ib_fail=0
[watchdog] socks=CA gw=on ib=ok tunnel_fail=0 ib_fail=0
[watchdog] socks=CA gw=on ib=ok tunnel_fail=0 ib_fail=0
[watchdog] socks=CA gw=on ib=ok tunnel_fail=0 ib_fail=0
[watchdog] socks=CA gw=on ib=ok tunnel_fail=0 ib_fail=0
[watchdog] socks=CA gw=on ib=ok tunnel_fail=0 ib_fail=0
[watchdog] socks=CA gw=on ib=ok tunnel_fail=0 ib_fail=0
[watchdog] socks=CA gw=on ib=ok tunnel_fail=0 ib_fail=0
[watchdog] socks=CA gw=on ib=ok tunnel_fail=0 ib_fail=0
[watchdog] socks=CA gw=on ib=ok tunnel_fail=0 ib_fail=0
[watchdog] socks=CA gw=on ib=ok tunnel_fail=0 ib_fail=0
[watchdog] socks=CA gw=on ib=ok tunnel_fail=0 ib_fail=0
[watchdog] socks=CA gw=on ib=ok tunnel_fail=0 ib_fail=0
[watchdog] socks=CA gw=on ib=ok tunnel_fail=0 ib_fail=0
[watchdog] socks=CA gw=on ib=ok tunnel_fail=0 ib_fail=0
[watchdog] socks=CA gw=on ib=ok tunnel_fail=0 ib_fail=0
[watchdog] socks=CA gw=on ib=ok tunnel_fail=0 ib_fail=0
[watchdog] socks=CA gw=on ib=ok tunnel_fail=0 ib_fail=0
[watchdog] socks=CA gw=on ib=ok tunnel_fail=0 ib_fail=0
[watchdog] socks=CA gw=on ib=ok tunnel_fail=0 ib_fail=0
[watchdog] socks=CA gw=on ib=ok tunnel_fail=0 ib_fail=0
[watchdog] socks=CA gw=on ib=ok tunnel_fail=0 ib_fail=0
[watchdog] socks=CA gw=on ib=ok tunnel_fail=0 ib_fail=0
[watchdog] socks=CA gw=on ib=ok tunnel_fail=0 ib_fail=0
[watchdog] socks=CA gw=on ib=ok tunnel_fail=0 ib_fail=0
[watchdog] socks=CA gw=on ib=ok tunnel_fail=0 ib_fail=0
[watchdog] socks=CA gw=on ib=ok tunnel_fail=0 ib_fail=0
[watchdog] socks=CA gw=on ib=ok tunnel_fail=0 ib_fail=0
[watchdog] socks=CA gw=on ib=ok tunnel_fail=0 ib_fail=0
[watchdog] socks=CA gw=on ib=ok tunnel_fail=0 ib_fail=0
[watchdog] socks=CA gw=on ib=ok tunnel_fail=0 ib_fail=0
[watchdog] socks=CA gw=on ib=ok tunnel_fail=0 ib_fail=0
[watchdog] socks=CA gw=on ib=ok tunnel_fail=0 ib_fail=0
[watchdog] socks=CA gw=on ib=ok tunnel_fail=0 ib_fail=0
[watchdog] socks=CA gw=on ib=ok tunnel_fail=0 ib_fail=0
[watchdog] socks=CA gw=on ib=ok tunnel_fail=0 ib_fail=0
[watchdog] socks=CA gw=on ib=ok tunnel_fail=0 ib_fail=0
[watchdog] socks=CA gw=on ib=ok tunnel_fail=0 ib_fail=0
[watchdog] socks=CA gw=on ib=ok tunnel_fail=0 ib_fail=0
[watchdog] socks=CA gw=on ib=ok tunnel_fail=0 ib_fail=0
[watchdog] socks=CA gw=on ib=ok tunnel_fail=0 ib_fail=0
[watchdog] socks=CA gw=on ib=ok tunnel_fail=0 ib_fail=0
[watchdog] socks=CA gw=on ib=ok tunnel_fail=0 ib_fail=0
[watchdog] socks=CA gw=on ib=ok tunnel_fail=0 ib_fail=0
[watchdog] socks=CA gw=on ib=ok tunnel_fail=0 ib_fail=0
[watchdog] socks=CA gw=on ib=ok tunnel_fail=0 ib_fail=0
[watchdog] socks=CA gw=on ib=ok tunnel_fail=0 ib_fail=0
[watchdog] socks=CA gw=on ib=ok tunnel_fail=0 ib_fail=0
[watchdog] socks=CA gw=on ib=ok tunnel_fail=0 ib_fail=0
[watchdog] socks=CA gw=on ib=ok tunnel_fail=0 ib_fail=0
[watchdog] socks=CA gw=on ib=ok tunnel_fail=0 ib_fail=0
[watchdog] socks=CA gw=on ib=ok tunnel_fail=0 ib_fail=0
[watchdog] socks=CA gw=on ib=ok tunnel_fail=0 ib_fail=0
[watchdog] socks=CA gw=on ib=ok tunnel_fail=0 ib_fail=0
[watchdog] socks=CA gw=on ib=ok tunnel_fail=0 ib_fail=0
[watchdog] socks=CA gw=on ib=ok tunnel_fail=0 ib_fail=0
[watchdog] socks=CA gw=on ib=ok tunnel_fail=0 ib_fail=0
[watchdog] socks=CA gw=on ib=ok tunnel_fail=0 ib_fail=0
[watchdog] socks=CA gw=on ib=ok tunnel_fail=0 ib_fail=0
[watchdog] socks=CA gw=on ib=ok tunnel_fail=0 ib_fail=0
[watchdog] socks=CA gw=on ib=ok tunnel_fail=0 ib_fail=0
[watchdog] socks=CA gw=on ib=ok tunnel_fail=0 ib_fail=0
[watchdog] socks=CA gw=on ib=ok tunnel_fail=0 ib_fail=0
[watchdog] socks=CA gw=on ib=ok tunnel_fail=0 ib_fail=0
[watchdog] socks=CA gw=on ib=ok tunnel_fail=0 ib_fail=0
[watchdog] socks=CA gw=on ib=ok tunnel_fail=0 ib_fail=0
[watchdog] socks=CA gw=on ib=ok tunnel_fail=0 ib_fail=0
[watchdog] socks=CA gw=on ib=ok tunnel_fail=0 ib_fail=0
[watchdog] socks=CA gw=on ib=ok tunnel_fail=0 ib_fail=0
[watchdog] socks=CA gw=on ib=ok tunnel_fail=0 ib_fail=0
[watchdog] socks=CA gw=on ib=ok tunnel_fail=0 ib_fail=0
[watchdog] socks=CA gw=on ib=ok tunnel_fail=0 ib_fail=0
[watchdog] socks=CA gw=on ib=ok tunnel_fail=0 ib_fail=0
[watchdog] socks=CA gw=on ib=ok tunnel_fail=0 ib_fail=0
[watchdog] socks=CA gw=on ib=ok tunnel_fail=0 ib_fail=0
[watchdog] socks=CA gw=on ib=ok tunnel_fail=0 ib_fail=0
[watchdog] socks=CA gw=on ib=ok tunnel_fail=0 ib_fail=0
[watchdog] socks=CA gw=on ib=ok tunnel_fail=0 ib_fail=0
[watchdog] socks=CA gw=on ib=ok tunnel_fail=0 ib_fail=0
[watchdog] socks=CA gw=on ib=ok tunnel_fail=0 ib_fail=0
[watchdog] socks=CA gw=on ib=ok tunnel_fail=0 ib_fail=0
[watchdog] socks=CA gw=on ib=ok tunnel_fail=0 ib_fail=0
[watchdog] socks=CA gw=on ib=ok tunnel_fail=0 ib_fail=0
[watchdog] socks=CA gw=on ib=ok tunnel_fail=0 ib_fail=0
[watchdog] socks=CA gw=on ib=ok tunnel_fail=0 ib_fail=0
[watchdog] socks=CA gw=on ib=ok tunnel_fail=0 ib_fail=0
[watchdog] socks=CA gw=on ib=ok tunnel_fail=0 ib_fail=0
[watchdog] socks=CA gw=on ib=ok tunnel_fail=0 ib_fail=0
[watchdog] socks=CA gw=on ib=ok tunnel_fail=0 ib_fail=0
[watchdog] socks=CA gw=on ib=ok tunnel_fail=0 ib_fail=0
[watchdog] socks=CA gw=on ib=ok tunnel_fail=0 ib_fail=0
[watchdog] socks=CA gw=on ib=ok tunnel_fail=0 ib_fail=0
[watchdog] socks=CA gw=on ib=ok tunnel_fail=0 ib_fail=0
[watchdog] socks=CA gw=on ib=ok tunnel_fail=0 ib_fail=0
[ib_nav err] AttributeError: 'NoneType' object has no attribute 'accountSummary'
[watchdog] socks=无 gw=on ib=fail×1 tunnel_fail=1 ib_fail=1
[ib_nav err] AttributeError: 'NoneType' object has no attribute 'accountSummary'
[watchdog] socks=无 gw=on ib=fail×2 tunnel_fail=2 ib_fail=2
[ib_nav err] AttributeError: 'NoneType' object has no attribute 'accountSummary'
[watchdog] socks=无 gw=on ib=fail×3 tunnel_fail=3 ib_fail=3
[ib_nav err] AttributeError: 'NoneType' object has no attribute 'accountSummary'
[watchdog] socks=无 gw=on ib=fail×4 tunnel_fail=4 ib_fail=4
[ib_nav err] AttributeError: 'NoneType' object has no attribute 'accountSummary'
[watchdog] socks=无 gw=on ib=fail×5 tunnel_fail=5 ib_fail=5
[ib_nav err] AttributeError: 'NoneType' object has no attribute 'accountSummary'
[watchdog] socks=无 gw=on ib=fail×6 tunnel_fail=6 ib_fail=6
[ib_nav err] AttributeError: 'NoneType' object has no attribute 'accountSummary'
[watchdog] socks=无 gw=on ib=fail×7 tunnel_fail=7 ib_fail=7
[ib_nav err] AttributeError: 'NoneType' object has no attribute 'accountSummary'
[watchdog] socks=无 gw=on ib=fail×8 tunnel_fail=8 ib_fail=8
[ib_nav err] AttributeError: 'NoneType' object has no attribute 'accountSummary'
[watchdog] socks=无 gw=on ib=fail×9 tunnel_fail=9 ib_fail=9
[ib_nav err] AttributeError: 'NoneType' object has no attribute 'accountSummary'
[watchdog] socks=无 gw=on ib=fail×10 tunnel_fail=10 ib_fail=10
[ib_nav err] AttributeError: 'NoneType' object has no attribute 'accountSummary'
[watchdog] socks=无 gw=on ib=fail×11 tunnel_fail=11 ib_fail=11
[ib_nav err] AttributeError: 'NoneType' object has no attribute 'accountSummary'
[watchdog] socks=无 gw=on ib=fail×12 tunnel_fail=12 ib_fail=12
[watchdog] socks=CA gw=on ib=ok tunnel_fail=0 ib_fail=0
[watchdog] socks=CA gw=on ib=ok tunnel_fail=0 ib_fail=0
[watchdog] socks=CA gw=on ib=ok tunnel_fail=0 ib_fail=0
[watchdog] socks=CA gw=on ib=ok tunnel_fail=0 ib_fail=0
[watchdog] socks=CA gw=on ib=ok tunnel_fail=0 ib_fail=0
[watchdog] socks=CA gw=on ib=ok tunnel_fail=0 ib_fail=0
[watchdog] socks=CA gw=on ib=ok tunnel_fail=0 ib_fail=0
[watchdog] socks=CA gw=on ib=ok tunnel_fail=0 ib_fail=0
[watchdog] socks=CA gw=on ib=ok tunnel_fail=0 ib_fail=0
[watchdog] socks=CA gw=on ib=ok tunnel_fail=0 ib_fail=0
[watchdog] socks=CA gw=on ib=ok tunnel_fail=0 ib_fail=0
[watchdog] socks=CA gw=on ib=ok tunnel_fail=0 ib_fail=0
[watchdog] socks=CA gw=off ib=n/a tunnel_fail=0 ib_fail=0
[watchdog] socks=CA gw=off ib=n/a tunnel_fail=0 ib_fail=0
[watchdog] socks=CA gw=off ib=n/a tunnel_fail=0 ib_fail=0
[watchdog] socks=CA gw=off ib=n/a tunnel_fail=0 ib_fail=0
[watchdog] socks=CA gw=off ib=n/a tunnel_fail=0 ib_fail=0
[watchdog] socks=CA gw=off ib=n/a tunnel_fail=0 ib_fail=0
[watchdog] socks=CA gw=off ib=n/a tunnel_fail=0 ib_fail=0
[watchdog] socks=CA gw=off ib=n/a tunnel_fail=0 ib_fail=0
[watchdog] socks=CA gw=off ib=n/a tunnel_fail=0 ib_fail=0
[watchdog] socks=CA gw=off ib=n/a tunnel_fail=0 ib_fail=0
[watchdog] socks=CA gw=off ib=n/a tunnel_fail=0 ib_fail=0
[watchdog] socks=CA gw=off ib=n/a tunnel_fail=0 ib_fail=0
[watchdog] socks=CA gw=off ib=n/a tunnel_fail=0 ib_fail=0
[watchdog] socks=CA gw=off ib=n/a tunnel_fail=0 ib_fail=0
[watchdog] socks=CA gw=off ib=n/a tunnel_fail=0 ib_fail=0
[watchdog] socks=CA gw=off ib=n/a tunnel_fail=0 ib_fail=0
[watchdog] socks=CA gw=off ib=n/a tunnel_fail=0 ib_fail=0
[watchdog] socks=CA gw=off ib=n/a tunnel_fail=0 ib_fail=0
[watchdog] socks=CA gw=off ib=n/a tunnel_fail=0 ib_fail=0
[watchdog] socks=CA gw=off ib=n/a tunnel_fail=0 ib_fail=0
[watchdog] socks=CA gw=off ib=n/a tunnel_fail=0 ib_fail=0
[watchdog] socks=CA gw=off ib=n/a tunnel_fail=0 ib_fail=0
[watchdog] socks=CA gw=off ib=n/a tunnel_fail=0 ib_fail=0
[watchdog] socks=CA gw=off ib=n/a tunnel_fail=0 ib_fail=0
[watchdog] socks=CA gw=off ib=n/a tunnel_fail=0 ib_fail=0
[watchdog] socks=CA gw=off ib=n/a tunnel_fail=0 ib_fail=0
[watchdog] socks=CA gw=off ib=n/a tunnel_fail=0 ib_fail=0
[watchdog] socks=CA gw=off ib=n/a tunnel_fail=0 ib_fail=0
[watchdog] socks=CA gw=off ib=n/a tunnel_fail=0 ib_fail=0
[watchdog] socks=CA gw=off ib=n/a tunnel_fail=0 ib_fail=0
[watchdog] socks=CA gw=off ib=n/a tunnel_fail=0 ib_fail=0
[watchdog] socks=CA gw=off ib=n/a tunnel_fail=0 ib_fail=0
[watchdog] socks=CA gw=off ib=n/a tunnel_fail=0 ib_fail=0
[watchdog] socks=CA gw=off ib=n/a tunnel_fail=0 ib_fail=0
[watchdog] socks=CA gw=off ib=n/a tunnel_fail=0 ib_fail=0
[watchdog] socks=CA gw=off ib=n/a tunnel_fail=0 ib_fail=0
[watchdog] socks=CA gw=off ib=n/a tunnel_fail=0 ib_fail=0
[watchdog] socks=CA gw=off ib=n/a tunnel_fail=0 ib_fail=0
[watchdog] socks=CA gw=off ib=n/a tunnel_fail=0 ib_fail=0
[watchdog] socks=CA gw=off ib=n/a tunnel_fail=0 ib_fail=0
[watchdog] socks=CA gw=off ib=n/a tunnel_fail=0 ib_fail=0
[watchdog] socks=CA gw=off ib=n/a tunnel_fail=0 ib_fail=0
[watchdog] socks=CA gw=off ib=n/a tunnel_fail=0 ib_fail=0
[watchdog] socks=CA gw=off ib=n/a tunnel_fail=0 ib_fail=0
[watchdog] socks=CA gw=off ib=n/a tunnel_fail=0 ib_fail=0
[watchdog] socks=CA gw=off ib=n/a tunnel_fail=0 ib_fail=0
[watchdog] socks=CA gw=off ib=n/a tunnel_fail=0 ib_fail=0
[watchdog] socks=CA gw=off ib=n/a tunnel_fail=0 ib_fail=0
[watchdog] socks=CA gw=off ib=n/a tunnel_fail=0 ib_fail=0
[watchdog] socks=CA gw=off ib=n/a tunnel_fail=0 ib_fail=0
[watchdog] socks=CA gw=off ib=n/a tunnel_fail=0 ib_fail=0
[watchdog] socks=CA gw=off ib=n/a tunnel_fail=0 ib_fail=0
[watchdog] socks=CA gw=off ib=n/a tunnel_fail=0 ib_fail=0
[watchdog] socks=CA gw=off ib=n/a tunnel_fail=0 ib_fail=0
[watchdog] socks=CA gw=off ib=n/a tunnel_fail=0 ib_fail=0
[watchdog] socks=CA gw=off ib=n/a tunnel_fail=0 ib_fail=0
[watchdog] socks=CA gw=off ib=n/a tunnel_fail=0 ib_fail=0
[watchdog] socks=CA gw=off ib=n/a tunnel_fail=0 ib_fail=0
[watchdog] socks=CA gw=off ib=n/a tunnel_fail=0 ib_fail=0
[watchdog] socks=CA gw=off ib=n/a tunnel_fail=0 ib_fail=0
[watchdog] socks=CA gw=off ib=n/a tunnel_fail=0 ib_fail=0
[watchdog] socks=CA gw=off ib=n/a tunnel_fail=0 ib_fail=0
[watchdog] socks=CA gw=off ib=n/a tunnel_fail=0 ib_fail=0
[watchdog] socks=CA gw=off ib=n/a tunnel_fail=0 ib_fail=0
[watchdog] socks=CA gw=off ib=n/a tunnel_fail=0 ib_fail=0
[watchdog] socks=CA gw=off ib=n/a tunnel_fail=0 ib_fail=0
[watchdog] socks=CA gw=off ib=n/a tunnel_fail=0 ib_fail=0
[watchdog] socks=CA gw=off ib=n/a tunnel_fail=0 ib_fail=0
[watchdog] socks=CA gw=off ib=n/a tunnel_fail=0 ib_fail=0
[watchdog] socks=CA gw=off ib=n/a tunnel_fail=0 ib_fail=0
[watchdog] socks=CA gw=off ib=n/a tunnel_fail=0 ib_fail=0
[watchdog] socks=CA gw=off ib=n/a tunnel_fail=0 ib_fail=0
[watchdog] socks=CA gw=off ib=n/a tunnel_fail=0 ib_fail=0
[watchdog] socks=CA gw=off ib=n/a tunnel_fail=0 ib_fail=0
[watchdog] socks=CA gw=off ib=n/a tunnel_fail=0 ib_fail=0
[watchdog] socks=CA gw=off ib=n/a tunnel_fail=0 ib_fail=0
[watchdog] socks=CA gw=off ib=n/a tunnel_fail=0 ib_fail=0
[watchdog] socks=CA gw=off ib=n/a tunnel_fail=0 ib_fail=0
[watchdog] socks=CA gw=off ib=n/a tunnel_fail=0 ib_fail=0
[watchdog] socks=CA gw=off ib=n/a tunnel_fail=0 ib_fail=0
[watchdog] socks=CA gw=off ib=n/a tunnel_fail=0 ib_fail=0
[watchdog] socks=CA gw=off ib=n/a tunnel_fail=0 ib_fail=0
[watchdog] socks=CA gw=off ib=n/a tunnel_fail=0 ib_fail=0
[watchdog] socks=CA gw=off ib=n/a tunnel_fail=0 ib_fail=0
[watchdog] socks=CA gw=off ib=n/a tunnel_fail=0 ib_fail=0
[watchdog] socks=CA gw=off ib=n/a tunnel_fail=0 ib_fail=0
[watchdog] socks=CA gw=off ib=n/a tunnel_fail=0 ib_fail=0
[watchdog] socks=CA gw=off ib=n/a tunnel_fail=0 ib_fail=0
[watchdog] socks=CA gw=off ib=n/a tunnel_fail=0 ib_fail=0
[watchdog] socks=CA gw=off ib=n/a tunnel_fail=0 ib_fail=0
[watchdog] socks=CA gw=off ib=n/a tunnel_fail=0 ib_fail=0
[watchdog] socks=CA gw=off ib=n/a tunnel_fail=0 ib_fail=0
[watchdog] socks=CA gw=off ib=n/a tunnel_fail=0 ib_fail=0
[watchdog] socks=CA gw=off ib=n/a tunnel_fail=0 ib_fail=0
[watchdog] socks=CA gw=off ib=n/a tunnel_fail=0 ib_fail=0
[watchdog] socks=CA gw=off ib=n/a tunnel_fail=0 ib_fail=0
[watchdog] socks=CA gw=off ib=n/a tunnel_fail=0 ib_fail=0
[watchdog] socks=CA gw=off ib=n/a tunnel_fail=0 ib_fail=0
[watchdog] socks=CA gw=off ib=n/a tunnel_fail=0 ib_fail=0
[watchdog] socks=CA gw=off ib=n/a tunnel_fail=0 ib_fail=0
[watchdog] socks=CA gw=off ib=n/a tunnel_fail=0 ib_fail=0
[watchdog] socks=CA gw=off ib=n/a tunnel_fail=0 ib_fail=0
[watchdog] socks=CA gw=off ib=n/a tunnel_fail=0 ib_fail=0
[watchdog] socks=CA gw=off ib=n/a tunnel_fail=0 ib_fail=0
[watchdog] socks=CA gw=off ib=n/a tunnel_fail=0 ib_fail=0
[watchdog] socks=CA gw=off ib=n/a tunnel_fail=0 ib_fail=0
[watchdog] socks=CA gw=off ib=n/a tunnel_fail=0 ib_fail=0
[watchdog] socks=CA gw=off ib=n/a tunnel_fail=0 ib_fail=0
[watchdog] socks=CA gw=off ib=n/a tunnel_fail=0 ib_fail=0
[watchdog] socks=CA gw=off ib=n/a tunnel_fail=0 ib_fail=0
[watchdog] socks=CA gw=off ib=n/a tunnel_fail=0 ib_fail=0
[watchdog] socks=CA gw=off ib=n/a tunnel_fail=0 ib_fail=0
[watchdog] socks=CA gw=off ib=n/a tunnel_fail=0 ib_fail=0
[watchdog] socks=CA gw=off ib=n/a tunnel_fail=0 ib_fail=0
[watchdog] socks=CA gw=off ib=n/a tunnel_fail=0 ib_fail=0
[watchdog] socks=CA gw=off ib=n/a tunnel_fail=0 ib_fail=0
[watchdog] socks=CA gw=off ib=n/a tunnel_fail=0 ib_fail=0
[watchdog] socks=CA gw=off ib=n/a tunnel_fail=0 ib_fail=0
[watchdog] socks=CA gw=off ib=n/a tunnel_fail=0 ib_fail=0
[watchdog] socks=CA gw=off ib=n/a tunnel_fail=0 ib_fail=0
[watchdog] socks=CA gw=off ib=n/a tunnel_fail=0 ib_fail=0
[watchdog] socks=CA gw=off ib=n/a tunnel_fail=0 ib_fail=0
[watchdog] socks=CA gw=off ib=n/a tunnel_fail=0 ib_fail=0
[watchdog] socks=CA gw=off ib=n/a tunnel_fail=0 ib_fail=0
[watchdog] socks=CA gw=off ib=n/a tunnel_fail=0 ib_fail=0
[watchdog] socks=CA gw=off ib=n/a tunnel_fail=0 ib_fail=0
[watchdog] socks=CA gw=off ib=n/a tunnel_fail=0 ib_fail=0
[watchdog] socks=CA gw=off ib=n/a tunnel_fail=0 ib_fail=0
[watchdog] socks=CA gw=off ib=n/a tunnel_fail=0 ib_fail=0
[watchdog] socks=CA gw=off ib=n/a tunnel_fail=0 ib_fail=0
[watchdog] socks=CA gw=off ib=n/a tunnel_fail=0 ib_fail=0
[watchdog] socks=CA gw=off ib=n/a tunnel_fail=0 ib_fail=0
[watchdog] socks=CA gw=off ib=n/a tunnel_fail=0 ib_fail=0
[watchdog] socks=CA gw=off ib=n/a tunnel_fail=0 ib_fail=0
[watchdog] socks=CA gw=off ib=n/a tunnel_fail=0 ib_fail=0
[watchdog] socks=CA gw=off ib=n/a tunnel_fail=0 ib_fail=0
[watchdog] socks=CA gw=off ib=n/a tunnel_fail=0 ib_fail=0
[watchdog] socks=CA gw=off ib=n/a tunnel_fail=0 ib_fail=0
[watchdog] socks=CA gw=off ib=n/a tunnel_fail=0 ib_fail=0
[watchdog] socks=CA gw=off ib=n/a tunnel_fail=0 ib_fail=0
[watchdog] socks=CA gw=off ib=n/a tunnel_fail=0 ib_fail=0
[watchdog] socks=CA gw=off ib=n/a tunnel_fail=0 ib_fail=0
[watchdog] socks=CA gw=off ib=n/a tunnel_fail=0 ib_fail=0
[watchdog] socks=CA gw=off ib=n/a tunnel_fail=0 ib_fail=0
[watchdog] socks=CA gw=off ib=n/a tunnel_fail=0 ib_fail=0
[watchdog] socks=CA gw=off ib=n/a tunnel_fail=0 ib_fail=0
[watchdog] socks=CA gw=off ib=n/a tunnel_fail=0 ib_fail=0
[watchdog] socks=CA gw=off ib=n/a tunnel_fail=0 ib_fail=0
[watchdog] socks=CA gw=off ib=n/a tunnel_fail=0 ib_fail=0
[watchdog] socks=CA gw=off ib=n/a tunnel_fail=0 ib_fail=0
[watchdog] socks=CA gw=off ib=n/a tunnel_fail=0 ib_fail=0
[watchdog] socks=CA gw=off ib=n/a tunnel_fail=0 ib_fail=0
[watchdog] socks=CA gw=off ib=n/a tunnel_fail=0 ib_fail=0
[watchdog] socks=CA gw=off ib=n/a tunnel_fail=0 ib_fail=0
[watchdog] socks=CA gw=off ib=n/a tunnel_fail=0 ib_fail=0
[watchdog] socks=CA gw=off ib=n/a tunnel_fail=0 ib_fail=0
[watchdog] socks=CA gw=off ib=n/a tunnel_fail=0 ib_fail=0
[watchdog] socks=CA gw=off ib=n/a tunnel_fail=0 ib_fail=0
[watchdog] socks=CA gw=off ib=n/a tunnel_fail=0 ib_fail=0
[watchdog] socks=CA gw=off ib=n/a tunnel_fail=0 ib_fail=0
[watchdog] socks=CA gw=off ib=n/a tunnel_fail=0 ib_fail=0
[watchdog] socks=CA gw=off ib=n/a tunnel_fail=0 ib_fail=0
[watchdog] socks=CA gw=off ib=n/a tunnel_fail=0 ib_fail=0
[watchdog] socks=CA gw=off ib=n/a tunnel_fail=0 ib_fail=0
[watchdog] socks=CA gw=off ib=n/a tunnel_fail=0 ib_fail=0
[watchdog] socks=CA gw=off ib=n/a tunnel_fail=0 ib_fail=0
[watchdog] socks=CA gw=off ib=n/a tunnel_fail=0 ib_fail=0
[watchdog] socks=CA gw=off ib=n/a tunnel_fail=0 ib_fail=0
[watchdog] socks=CA gw=off ib=n/a tunnel_fail=0 ib_fail=0
[watchdog] socks=CA gw=off ib=n/a tunnel_fail=0 ib_fail=0
[watchdog] socks=CA gw=off ib=n/a tunnel_fail=0 ib_fail=0
[watchdog] socks=CA gw=off ib=n/a tunnel_fail=0 ib_fail=0
[watchdog] socks=CA gw=off ib=n/a tunnel_fail=0 ib_fail=0
[watchdog] socks=CA gw=off ib=n/a tunnel_fail=0 ib_fail=0
[watchdog] socks=CA gw=off ib=n/a tunnel_fail=0 ib_fail=0
[watchdog] socks=CA gw=off ib=n/a tunnel_fail=0 ib_fail=0
[watchdog] socks=CA gw=off ib=n/a tunnel_fail=0 ib_fail=0
[watchdog] socks=CA gw=off ib=n/a tunnel_fail=0 ib_fail=0
[watchdog] socks=CA gw=off ib=n/a tunnel_fail=0 ib_fail=0
[watchdog] socks=CA gw=off ib=n/a tunnel_fail=0 ib_fail=0
[watchdog] socks=CA gw=off ib=n/a tunnel_fail=0 ib_fail=0
[watchdog] socks=CA gw=off ib=n/a tunnel_fail=0 ib_fail=0
[watchdog] socks=CA gw=off ib=n/a tunnel_fail=0 ib_fail=0
[watchdog] socks=CA gw=off ib=n/a tunnel_fail=0 ib_fail=0
[watchdog] socks=CA gw=off ib=n/a tunnel_fail=0 ib_fail=0
[watchdog] socks=CA gw=off ib=n/a tunnel_fail=0 ib_fail=0
[watchdog] socks=CA gw=off ib=n/a tunnel_fail=0 ib_fail=0
[watchdog] socks=CA gw=off ib=n/a tunnel_fail=0 ib_fail=0
[watchdog] socks=CA gw=off ib=n/a tunnel_fail=0 ib_fail=0
[watchdog] socks=CA gw=off ib=n/a tunnel_fail=0 ib_fail=0
[watchdog] socks=CA gw=off ib=n/a tunnel_fail=0 ib_fail=0
[watchdog] socks=CA gw=off ib=n/a tunnel_fail=0 ib_fail=0
[watchdog] socks=CA gw=off ib=n/a tunnel_fail=0 ib_fail=0
[watchdog] socks=CA gw=off ib=n/a tunnel_fail=0 ib_fail=0
[watchdog] socks=CA gw=off ib=n/a tunnel_fail=0 ib_fail=0
[watchdog] socks=CA gw=off ib=n/a tunnel_fail=0 ib_fail=0
[watchdog] socks=CA gw=off ib=n/a tunnel_fail=0 ib_fail=0
[watchdog] socks=CA gw=off ib=n/a tunnel_fail=0 ib_fail=0
[watchdog] socks=CA gw=off ib=n/a tunnel_fail=0 ib_fail=0
[watchdog] socks=CA gw=off ib=n/a tunnel_fail=0 ib_fail=0
[watchdog] socks=CA gw=off ib=n/a tunnel_fail=0 ib_fail=0
[watchdog] socks=CA gw=off ib=n/a tunnel_fail=0 ib_fail=0
[watchdog] socks=CA gw=off ib=n/a tunnel_fail=0 ib_fail=0
[watchdog] socks=CA gw=off ib=n/a tunnel_fail=0 ib_fail=0
[watchdog] socks=CA gw=off ib=n/a tunnel_fail=0 ib_fail=0
[watchdog] socks=CA gw=off ib=n/a tunnel_fail=0 ib_fail=0
[watchdog] socks=CA gw=off ib=n/a tunnel_fail=0 ib_fail=0
[watchdog] socks=CA gw=off ib=n/a tunnel_fail=0 ib_fail=0
[watchdog] socks=CA gw=off ib=n/a tunnel_fail=0 ib_fail=0
[watchdog] socks=CA gw=off ib=n/a tunnel_fail=0 ib_fail=0
[watchdog] socks=CA gw=off ib=n/a tunnel_fail=0 ib_fail=0
[watchdog] socks=CA gw=off ib=n/a tunnel_fail=0 ib_fail=0
[watchdog] socks=CA gw=off ib=n/a tunnel_fail=0 ib_fail=0
[watchdog] socks=CA gw=off ib=n/a tunnel_fail=0 ib_fail=0
[watchdog] socks=CA gw=off ib=n/a tunnel_fail=0 ib_fail=0
[watchdog] socks=CA gw=off ib=n/a tunnel_fail=0 ib_fail=0
[watchdog] socks=CA gw=off ib=n/a tunnel_fail=0 ib_fail=0
[watchdog] socks=CA gw=off ib=n/a tunnel_fail=0 ib_fail=0
[watchdog] socks=CA gw=off ib=n/a tunnel_fail=0 ib_fail=0
[watchdog] socks=CA gw=off ib=n/a tunnel_fail=0 ib_fail=0
[watchdog] socks=CA gw=off ib=n/a tunnel_fail=0 ib_fail=0
[watchdog] socks=CA gw=off ib=n/a tunnel_fail=0 ib_fail=0
[watchdog] socks=CA gw=off ib=n/a tunnel_fail=0 ib_fail=0
[watchdog] socks=CA gw=off ib=n/a tunnel_fail=0 ib_fail=0
[watchdog] socks=CA gw=off ib=n/a tunnel_fail=0 ib_fail=0
[watchdog] socks=CA gw=off ib=n/a tunnel_fail=0 ib_fail=0
[watchdog] socks=CA gw=off ib=n/a tunnel_fail=0 ib_fail=0
[watchdog] socks=CA gw=off ib=n/a tunnel_fail=0 ib_fail=0
[watchdog] socks=CA gw=off ib=n/a tunnel_fail=0 ib_fail=0
[watchdog] socks=CA gw=off ib=n/a tunnel_fail=0 ib_fail=0
[watchdog] socks=CA gw=off ib=n/a tunnel_fail=0 ib_fail=0
[watchdog] socks=CA gw=off ib=n/a tunnel_fail=0 ib_fail=0
[watchdog] socks=CA gw=off ib=n/a tunnel_fail=0 ib_fail=0
[watchdog] socks=CA gw=off ib=n/a tunnel_fail=0 ib_fail=0
[watchdog] socks=CA gw=off ib=n/a tunnel_fail=0 ib_fail=0
[watchdog] socks=CA gw=off ib=n/a tunnel_fail=0 ib_fail=0
[watchdog] socks=CA gw=off ib=n/a tunnel_fail=0 ib_fail=0
[watchdog] socks=CA gw=off ib=n/a tunnel_fail=0 ib_fail=0
[watchdog] socks=CA gw=off ib=n/a tunnel_fail=0 ib_fail=0
[watchdog] socks=CA gw=off ib=n/a tunnel_fail=0 ib_fail=0
[watchdog] socks=CA gw=off ib=n/a tunnel_fail=0 ib_fail=0
[watchdog] socks=CA gw=off ib=n/a tunnel_fail=0 ib_fail=0
[watchdog] socks=CA gw=off ib=n/a tunnel_fail=0 ib_fail=0
[watchdog] socks=CA gw=off ib=n/a tunnel_fail=0 ib_fail=0
[watchdog] socks=CA gw=off ib=n/a tunnel_fail=0 ib_fail=0
[watchdog] socks=CA gw=off ib=n/a tunnel_fail=0 ib_fail=0
[watchdog] socks=CA gw=off ib=n/a tunnel_fail=0 ib_fail=0
[watchdog] socks=CA gw=off ib=n/a tunnel_fail=0 ib_fail=0
[watchdog] socks=CA gw=off ib=n/a tunnel_fail=0 ib_fail=0
[watchdog] socks=CA gw=off ib=n/a tunnel_fail=0 ib_fail=0
[watchdog] socks=CA gw=off ib=n/a tunnel_fail=0 ib_fail=0
[watchdog] socks=CA gw=off ib=n/a tunnel_fail=0 ib_fail=0
[watchdog] socks=CA gw=off ib=n/a tunnel_fail=0 ib_fail=0
[watchdog] socks=CA gw=off ib=n/a tunnel_fail=0 ib_fail=0
[watchdog] socks=CA gw=off ib=n/a tunnel_fail=0 ib_fail=0
[watchdog] socks=CA gw=off ib=n/a tunnel_fail=0 ib_fail=0
[watchdog] socks=CA gw=off ib=n/a tunnel_fail=0 ib_fail=0
[watchdog] socks=CA gw=off ib=n/a tunnel_fail=0 ib_fail=0
[watchdog] socks=CA gw=off ib=n/a tunnel_fail=0 ib_fail=0
[watchdog] socks=CA gw=off ib=n/a tunnel_fail=0 ib_fail=0
[watchdog] socks=CA gw=off ib=n/a tunnel_fail=0 ib_fail=0
[watchdog] socks=CA gw=off ib=n/a tunnel_fail=0 ib_fail=0
[watchdog] socks=CA gw=off ib=n/a tunnel_fail=0 ib_fail=0
[watchdog] socks=CA gw=off ib=n/a tunnel_fail=0 ib_fail=0
[watchdog] socks=CA gw=off ib=n/a tunnel_fail=0 ib_fail=0
[watchdog] socks=CA gw=off ib=n/a tunnel_fail=0 ib_fail=0
[watchdog] socks=CA gw=off ib=n/a tunnel_fail=0 ib_fail=0
[watchdog] socks=CA gw=off ib=n/a tunnel_fail=0 ib_fail=0
[watchdog] socks=CA gw=off ib=n/a tunnel_fail=0 ib_fail=0
[watchdog] socks=CA gw=off ib=n/a tunnel_fail=0 ib_fail=0
[watchdog] socks=CA gw=off ib=n/a tunnel_fail=0 ib_fail=0
[watchdog] socks=CA gw=off ib=n/a tunnel_fail=0 ib_fail=0
[watchdog] socks=CA gw=off ib=n/a tunnel_fail=0 ib_fail=0
[watchdog] socks=CA gw=off ib=n/a tunnel_fail=0 ib_fail=0
[watchdog] socks=CA gw=off ib=n/a tunnel_fail=0 ib_fail=0
[watchdog] socks=CA gw=off ib=n/a tunnel_fail=0 ib_fail=0
[watchdog] socks=CA gw=off ib=n/a tunnel_fail=0 ib_fail=0
[watchdog] socks=CA gw=off ib=n/a tunnel_fail=0 ib_fail=0
[watchdog] socks=CA gw=off ib=n/a tunnel_fail=0 ib_fail=0
[watchdog] socks=CA gw=off ib=n/a tunnel_fail=0 ib_fail=0
[watchdog] socks=CA gw=off ib=n/a tunnel_fail=0 ib_fail=0
[watchdog] socks=CA gw=off ib=n/a tunnel_fail=0 ib_fail=0
[watchdog] socks=CA gw=off ib=n/a tunnel_fail=0 ib_fail=0
[watchdog] socks=CA gw=off ib=n/a tunnel_fail=0 ib_fail=0
[watchdog] socks=CA gw=off ib=n/a tunnel_fail=0 ib_fail=0
[watchdog] socks=CA gw=off ib=n/a tunnel_fail=0 ib_fail=0
[watchdog] socks=CA gw=off ib=n/a tunnel_fail=0 ib_fail=0
[watchdog] socks=CA gw=off ib=n/a tunnel_fail=0 ib_fail=0
[watchdog] socks=CA gw=off ib=n/a tunnel_fail=0 ib_fail=0
[watchdog] socks=CA gw=off ib=n/a tunnel_fail=0 ib_fail=0
[watchdog] socks=CA gw=off ib=n/a tunnel_fail=0 ib_fail=0
[watchdog] socks=CA gw=off ib=n/a tunnel_fail=0 ib_fail=0
[watchdog] socks=CA gw=off ib=n/a tunnel_fail=0 ib_fail=0
[watchdog] socks=CA gw=off ib=n/a tunnel_fail=0 ib_fail=0
[watchdog] socks=CA gw=off ib=n/a tunnel_fail=0 ib_fail=0
[watchdog] socks=CA gw=off ib=n/a tunnel_fail=0 ib_fail=0
[watchdog] socks=CA gw=off ib=n/a tunnel_fail=0 ib_fail=0
[watchdog] socks=CA gw=off ib=n/a tunnel_fail=0 ib_fail=0
[watchdog] socks=CA gw=off ib=n/a tunnel_fail=0 ib_fail=0
[watchdog] socks=CA gw=off ib=n/a tunnel_fail=0 ib_fail=0
[watchdog] socks=CA gw=off ib=n/a tunnel_fail=0 ib_fail=0
[watchdog] socks=CA gw=off ib=n/a tunnel_fail=0 ib_fail=0
[watchdog] socks=CA gw=off ib=n/a tunnel_fail=0 ib_fail=0
[watchdog] socks=CA gw=off ib=n/a tunnel_fail=0 ib_fail=0
[watchdog] socks=CA gw=off ib=n/a tunnel_fail=0 ib_fail=0
[watchdog] socks=CA gw=off ib=n/a tunnel_fail=0 ib_fail=0
[watchdog] socks=CA gw=off ib=n/a tunnel_fail=0 ib_fail=0
[watchdog] socks=CA gw=off ib=n/a tunnel_fail=0 ib_fail=0
[watchdog] socks=CA gw=off ib=n/a tunnel_fail=0 ib_fail=0
[watchdog] socks=CA gw=off ib=n/a tunnel_fail=0 ib_fail=0
[watchdog] socks=CA gw=off ib=n/a tunnel_fail=0 ib_fail=0
[watchdog] socks=CA gw=off ib=n/a tunnel_fail=0 ib_fail=0
[watchdog] socks=CA gw=off ib=n/a tunnel_fail=0 ib_fail=0
[watchdog] socks=CA gw=off ib=n/a tunnel_fail=0 ib_fail=0
[watchdog] socks=CA gw=off ib=n/a tunnel_fail=0 ib_fail=0
[watchdog] socks=CA gw=off ib=n/a tunnel_fail=0 ib_fail=0
[watchdog] socks=CA gw=off ib=n/a tunnel_fail=0 ib_fail=0
[watchdog] socks=CA gw=off ib=n/a tunnel_fail=0 ib_fail=0
[watchdog] socks=CA gw=off ib=n/a tunnel_fail=0 ib_fail=0
[watchdog] socks=CA gw=off ib=n/a tunnel_fail=0 ib_fail=0
[watchdog] socks=CA gw=off ib=n/a tunnel_fail=0 ib_fail=0
[watchdog] socks=CA gw=off ib=n/a tunnel_fail=0 ib_fail=0
[watchdog] socks=CA gw=off ib=n/a tunnel_fail=0 ib_fail=0
[watchdog] socks=CA gw=off ib=n/a tunnel_fail=0 ib_fail=0
[watchdog] socks=CA gw=off ib=n/a tunnel_fail=0 ib_fail=0
[watchdog] socks=CA gw=off ib=n/a tunnel_fail=0 ib_fail=0
[watchdog] socks=CA gw=off ib=n/a tunnel_fail=0 ib_fail=0
[watchdog] socks=CA gw=off ib=n/a tunnel_fail=0 ib_fail=0
[watchdog] socks=CA gw=off ib=n/a tunnel_fail=0 ib_fail=0
[watchdog] socks=CA gw=off ib=n/a tunnel_fail=0 ib_fail=0
[watchdog] socks=CA gw=off ib=n/a tunnel_fail=0 ib_fail=0
[watchdog] socks=CA gw=off ib=n/a tunnel_fail=0 ib_fail=0
[watchdog] socks=CA gw=off ib=n/a tunnel_fail=0 ib_fail=0
[watchdog] socks=CA gw=off ib=n/a tunnel_fail=0 ib_fail=0
[watchdog] socks=CA gw=off ib=n/a tunnel_fail=0 ib_fail=0
[watchdog] socks=CA gw=off ib=n/a tunnel_fail=0 ib_fail=0
[watchdog] socks=CA gw=off ib=n/a tunnel_fail=0 ib_fail=0
[watchdog] socks=CA gw=off ib=n/a tunnel_fail=0 ib_fail=0
[watchdog] socks=CA gw=off ib=n/a tunnel_fail=0 ib_fail=0
[watchdog] socks=CA gw=off ib=n/a tunnel_fail=0 ib_fail=0
[watchdog] socks=CA gw=off ib=n/a tunnel_fail=0 ib_fail=0
[watchdog] socks=CA gw=off ib=n/a tunnel_fail=0 ib_fail=0
[watchdog] socks=CA gw=off ib=n/a tunnel_fail=0 ib_fail=0
[watchdog] socks=CA gw=off ib=n/a tunnel_fail=0 ib_fail=0
[watchdog] socks=CA gw=off ib=n/a tunnel_fail=0 ib_fail=0
[watchdog] socks=CA gw=off ib=n/a tunnel_fail=0 ib_fail=0
[watchdog] socks=CA gw=off ib=n/a tunnel_fail=0 ib_fail=0
[watchdog] socks=CA gw=off ib=n/a tunnel_fail=0 ib_fail=0
[watchdog] socks=CA gw=off ib=n/a tunnel_fail=0 ib_fail=0
[watchdog] socks=CA gw=off ib=n/a tunnel_fail=0 ib_fail=0
[watchdog] socks=CA gw=off ib=n/a tunnel_fail=0 ib_fail=0
[watchdog] socks=CA gw=off ib=n/a tunnel_fail=0 ib_fail=0
[watchdog] socks=CA gw=off ib=n/a tunnel_fail=0 ib_fail=0
[watchdog] socks=CA gw=off ib=n/a tunnel_fail=0 ib_fail=0
[watchdog] socks=CA gw=off ib=n/a tunnel_fail=0 ib_fail=0
[watchdog] socks=CA gw=off ib=n/a tunnel_fail=0 ib_fail=0
[watchdog] socks=CA gw=off ib=n/a tunnel_fail=0 ib_fail=0
[watchdog] socks=CA gw=off ib=n/a tunnel_fail=0 ib_fail=0
[watchdog] socks=CA gw=off ib=n/a tunnel_fail=0 ib_fail=0
[watchdog] socks=CA gw=off ib=n/a tunnel_fail=0 ib_fail=0
[watchdog] socks=CA gw=off ib=n/a tunnel_fail=0 ib_fail=0
[watchdog] socks=CA gw=off ib=n/a tunnel_fail=0 ib_fail=0
[watchdog] socks=CA gw=off ib=n/a tunnel_fail=0 ib_fail=0
[watchdog] socks=CA gw=off ib=n/a tunnel_fail=0 ib_fail=0
[watchdog] socks=CA gw=off ib=n/a tunnel_fail=0 ib_fail=0
[watchdog] socks=CA gw=off ib=n/a tunnel_fail=0 ib_fail=0
[watchdog] socks=CA gw=off ib=n/a tunnel_fail=0 ib_fail=0
[watchdog] socks=CA gw=off ib=n/a tunnel_fail=0 ib_fail=0
[watchdog] socks=CA gw=off ib=n/a tunnel_fail=0 ib_fail=0
[watchdog] socks=CA gw=off ib=n/a tunnel_fail=0 ib_fail=0
[watchdog] socks=CA gw=off ib=n/a tunnel_fail=0 ib_fail=0
[watchdog] socks=CA gw=off ib=n/a tunnel_fail=0 ib_fail=0
[watchdog] socks=无 gw=off ib=n/a tunnel_fail=1 ib_fail=0
[watchdog] socks=CA gw=off ib=n/a tunnel_fail=0 ib_fail=0
[watchdog] socks=CA gw=off ib=n/a tunnel_fail=0 ib_fail=0
[watchdog] socks=CA gw=off ib=n/a tunnel_fail=0 ib_fail=0
[watchdog] socks=CA gw=off ib=n/a tunnel_fail=0 ib_fail=0
[watchdog] socks=CA gw=off ib=n/a tunnel_fail=0 ib_fail=0
[watchdog] socks=CA gw=off ib=n/a tunnel_fail=0 ib_fail=0
[watchdog] socks=CA gw=off ib=n/a tunnel_fail=0 ib_fail=0
[watchdog] socks=CA gw=off ib=n/a tunnel_fail=0 ib_fail=0
[watchdog] socks=CA gw=off ib=n/a tunnel_fail=0 ib_fail=0
[watchdog] socks=CA gw=off ib=n/a tunnel_fail=0 ib_fail=0
[watchdog] socks=CA gw=off ib=n/a tunnel_fail=0 ib_fail=0
[watchdog] socks=CA gw=off ib=n/a tunnel_fail=0 ib_fail=0
[watchdog] socks=CA gw=off ib=n/a tunnel_fail=0 ib_fail=0
[watchdog] socks=CA gw=off ib=n/a tunnel_fail=0 ib_fail=0
[watchdog] socks=CA gw=off ib=n/a tunnel_fail=0 ib_fail=0
[watchdog] socks=CA gw=off ib=n/a tunnel_fail=0 ib_fail=0
[watchdog] socks=CA gw=off ib=n/a tunnel_fail=0 ib_fail=0
[watchdog] socks=CA gw=off ib=n/a tunnel_fail=0 ib_fail=0
[watchdog] socks=CA gw=off ib=n/a tunnel_fail=0 ib_fail=0
[watchdog] socks=CA gw=off ib=n/a tunnel_fail=0 ib_fail=0
[watchdog] socks=CA gw=off ib=n/a tunnel_fail=0 ib_fail=0
[watchdog] socks=CA gw=off ib=n/a tunnel_fail=0 ib_fail=0
[watchdog] socks=CA gw=off ib=n/a tunnel_fail=0 ib_fail=0
[watchdog] socks=CA gw=off ib=n/a tunnel_fail=0 ib_fail=0
[watchdog] socks=CA gw=off ib=n/a tunnel_fail=0 ib_fail=0
[watchdog] socks=CA gw=off ib=n/a tunnel_fail=0 ib_fail=0
[watchdog] socks=CA gw=off ib=n/a tunnel_fail=0 ib_fail=0
[watchdog] socks=CA gw=off ib=n/a tunnel_fail=0 ib_fail=0
[watchdog] socks=CA gw=off ib=n/a tunnel_fail=0 ib_fail=0
[watchdog] socks=CA gw=off ib=n/a tunnel_fail=0 ib_fail=0
[watchdog] socks=CA gw=off ib=n/a tunnel_fail=0 ib_fail=0
[watchdog] socks=CA gw=off ib=n/a tunnel_fail=0 ib_fail=0
[watchdog] socks=CA gw=off ib=n/a tunnel_fail=0 ib_fail=0
[watchdog] socks=CA gw=off ib=n/a tunnel_fail=0 ib_fail=0
[watchdog] socks=CA gw=off ib=n/a tunnel_fail=0 ib_fail=0
[watchdog] socks=CA gw=off ib=n/a tunnel_fail=0 ib_fail=0
[watchdog] socks=CA gw=off ib=n/a tunnel_fail=0 ib_fail=0
[watchdog] socks=CA gw=off ib=n/a tunnel_fail=0 ib_fail=0
[watchdog] socks=CA gw=off ib=n/a tunnel_fail=0 ib_fail=0
[watchdog] socks=CA gw=off ib=n/a tunnel_fail=0 ib_fail=0
[watchdog] socks=CA gw=off ib=n/a tunnel_fail=0 ib_fail=0
[watchdog] socks=CA gw=off ib=n/a tunnel_fail=0 ib_fail=0
[watchdog] socks=CA gw=off ib=n/a tunnel_fail=0 ib_fail=0
[watchdog] socks=CA gw=off ib=n/a tunnel_fail=0 ib_fail=0
[watchdog] socks=CA gw=off ib=n/a tunnel_fail=0 ib_fail=0
[watchdog] socks=CA gw=off ib=n/a tunnel_fail=0 ib_fail=0
[watchdog] socks=CA gw=off ib=n/a tunnel_fail=0 ib_fail=0
[watchdog] socks=CA gw=off ib=n/a tunnel_fail=0 ib_fail=0
[watchdog] socks=CA gw=off ib=n/a tunnel_fail=0 ib_fail=0
[watchdog] socks=CA gw=off ib=n/a tunnel_fail=0 ib_fail=0
[watchdog] socks=CA gw=off ib=n/a tunnel_fail=0 ib_fail=0
[watchdog] socks=CA gw=off ib=n/a tunnel_fail=0 ib_fail=0
[watchdog] socks=CA gw=off ib=n/a tunnel_fail=0 ib_fail=0
[watchdog] socks=CA gw=off ib=n/a tunnel_fail=0 ib_fail=0
[watchdog] socks=CA gw=off ib=n/a tunnel_fail=0 ib_fail=0
[watchdog] socks=CA gw=off ib=n/a tunnel_fail=0 ib_fail=0
[watchdog] socks=CA gw=off ib=n/a tunnel_fail=0 ib_fail=0
[watchdog] socks=CA gw=off ib=n/a tunnel_fail=0 ib_fail=0
[watchdog] socks=CA gw=off ib=n/a tunnel_fail=0 ib_fail=0
[watchdog] socks=CA gw=off ib=n/a tunnel_fail=0 ib_fail=0
[watchdog] socks=CA gw=off ib=n/a tunnel_fail=0 ib_fail=0
[watchdog] socks=CA gw=off ib=n/a tunnel_fail=0 ib_fail=0
[watchdog] socks=CA gw=off ib=n/a tunnel_fail=0 ib_fail=0
[watchdog] socks=CA gw=off ib=n/a tunnel_fail=0 ib_fail=0
[watchdog] socks=CA gw=off ib=n/a tunnel_fail=0 ib_fail=0
[watchdog] socks=CA gw=off ib=n/a tunnel_fail=0 ib_fail=0
[watchdog] socks=CA gw=off ib=n/a tunnel_fail=0 ib_fail=0
[watchdog] socks=CA gw=off ib=n/a tunnel_fail=0 ib_fail=0
[watchdog] socks=CA gw=off ib=n/a tunnel_fail=0 ib_fail=0
[watchdog] socks=CA gw=off ib=n/a tunnel_fail=0 ib_fail=0
[watchdog] socks=CA gw=off ib=n/a tunnel_fail=0 ib_fail=0
[watchdog] socks=CA gw=off ib=n/a tunnel_fail=0 ib_fail=0
[watchdog] socks=CA gw=off ib=n/a tunnel_fail=0 ib_fail=0
[watchdog] socks=CA gw=off ib=n/a tunnel_fail=0 ib_fail=0
[watchdog] socks=CA gw=off ib=n/a tunnel_fail=0 ib_fail=0
[watchdog] socks=CA gw=off ib=n/a tunnel_fail=0 ib_fail=0
[watchdog] socks=CA gw=off ib=n/a tunnel_fail=0 ib_fail=0
[watchdog] socks=CA gw=off ib=n/a tunnel_fail=0 ib_fail=0
[watchdog] socks=CA gw=off ib=n/a tunnel_fail=0 ib_fail=0
[watchdog] socks=CA gw=off ib=n/a tunnel_fail=0 ib_fail=0
[watchdog] socks=CA gw=off ib=n/a tunnel_fail=0 ib_fail=0
[watchdog] socks=CA gw=off ib=n/a tunnel_fail=0 ib_fail=0
[watchdog] socks=CA gw=off ib=n/a tunnel_fail=0 ib_fail=0
[watchdog] socks=CA gw=off ib=n/a tunnel_fail=0 ib_fail=0
[watchdog] socks=CA gw=off ib=n/a tunnel_fail=0 ib_fail=0
[watchdog] socks=CA gw=off ib=n/a tunnel_fail=0 ib_fail=0
[watchdog] socks=CA gw=off ib=n/a tunnel_fail=0 ib_fail=0
[watchdog] socks=CA gw=off ib=n/a tunnel_fail=0 ib_fail=0
[watchdog] socks=CA gw=off ib=n/a tunnel_fail=0 ib_fail=0
[watchdog] socks=CA gw=off ib=n/a tunnel_fail=0 ib_fail=0
[watchdog] socks=CA gw=off ib=n/a tunnel_fail=0 ib_fail=0
[watchdog] socks=CA gw=off ib=n/a tunnel_fail=0 ib_fail=0
[watchdog] socks=CA gw=off ib=n/a tunnel_fail=0 ib_fail=0
[watchdog] socks=CA gw=off ib=n/a tunnel_fail=0 ib_fail=0
[watchdog] socks=CA gw=off ib=n/a tunnel_fail=0 ib_fail=0
[watchdog] socks=CA gw=off ib=n/a tunnel_fail=0 ib_fail=0
[watchdog] socks=CA gw=off ib=n/a tunnel_fail=0 ib_fail=0
[watchdog] socks=CA gw=off ib=n/a tunnel_fail=0 ib_fail=0
[watchdog] socks=CA gw=off ib=n/a tunnel_fail=0 ib_fail=0
[watchdog] socks=CA gw=off ib=n/a tunnel_fail=0 ib_fail=0
[watchdog] socks=CA gw=off ib=n/a tunnel_fail=0 ib_fail=0
[watchdog] socks=CA gw=off ib=n/a tunnel_fail=0 ib_fail=0
[watchdog] socks=CA gw=off ib=n/a tunnel_fail=0 ib_fail=0
[watchdog] socks=CA gw=off ib=n/a tunnel_fail=0 ib_fail=0
[watchdog] socks=CA gw=off ib=n/a tunnel_fail=0 ib_fail=0
[watchdog] socks=CA gw=off ib=n/a tunnel_fail=0 ib_fail=0
[watchdog] socks=CA gw=off ib=n/a tunnel_fail=0 ib_fail=0
[watchdog] socks=CA gw=off ib=n/a tunnel_fail=0 ib_fail=0
[watchdog] socks=CA gw=off ib=n/a tunnel_fail=0 ib_fail=0
[watchdog] socks=CA gw=off ib=n/a tunnel_fail=0 ib_fail=0
[watchdog] socks=CA gw=off ib=n/a tunnel_fail=0 ib_fail=0
[watchdog] socks=CA gw=off ib=n/a tunnel_fail=0 ib_fail=0
[watchdog] socks=CA gw=off ib=n/a tunnel_fail=0 ib_fail=0
[watchdog] socks=CA gw=off ib=n/a tunnel_fail=0 ib_fail=0
[watchdog] socks=CA gw=off ib=n/a tunnel_fail=0 ib_fail=0
[watchdog] socks=CA gw=off ib=n/a tunnel_fail=0 ib_fail=0
[watchdog] socks=CA gw=off ib=n/a tunnel_fail=0 ib_fail=0
[watchdog] socks=CA gw=off ib=n/a tunnel_fail=0 ib_fail=0
[watchdog] socks=CA gw=off ib=n/a tunnel_fail=0 ib_fail=0
[watchdog] socks=CA gw=off ib=n/a tunnel_fail=0 ib_fail=0
[watchdog] socks=CA gw=off ib=n/a tunnel_fail=0 ib_fail=0
[watchdog] socks=CA gw=off ib=n/a tunnel_fail=0 ib_fail=0
[watchdog] socks=CA gw=off ib=n/a tunnel_fail=0 ib_fail=0
[watchdog] socks=CA gw=off ib=n/a tunnel_fail=0 ib_fail=0
[watchdog] socks=CA gw=off ib=n/a tunnel_fail=0 ib_fail=0
[watchdog] socks=CA gw=off ib=n/a tunnel_fail=0 ib_fail=0
[watchdog] socks=CA gw=off ib=n/a tunnel_fail=0 ib_fail=0
[watchdog] socks=CA gw=off ib=n/a tunnel_fail=0 ib_fail=0
[watchdog] socks=CA gw=off ib=n/a tunnel_fail=0 ib_fail=0
[watchdog] socks=CA gw=off ib=n/a tunnel_fail=0 ib_fail=0
[watchdog] socks=CA gw=off ib=n/a tunnel_fail=0 ib_fail=0
[watchdog] socks=CA gw=off ib=n/a tunnel_fail=0 ib_fail=0
[watchdog] socks=CA gw=off ib=n/a tunnel_fail=0 ib_fail=0
[watchdog] socks=CA gw=off ib=n/a tunnel_fail=0 ib_fail=0
[watchdog] socks=CA gw=off ib=n/a tunnel_fail=0 ib_fail=0
[watchdog] socks=CA gw=off ib=n/a tunnel_fail=0 ib_fail=0
[watchdog] socks=CA gw=off ib=n/a tunnel_fail=0 ib_fail=0
[watchdog] socks=CA gw=off ib=n/a tunnel_fail=0 ib_fail=0
[watchdog] socks=CA gw=off ib=n/a tunnel_fail=0 ib_fail=0
[watchdog] socks=CA gw=off ib=n/a tunnel_fail=0 ib_fail=0
[watchdog] socks=CA gw=off ib=n/a tunnel_fail=0 ib_fail=0
[watchdog] socks=CA gw=off ib=n/a tunnel_fail=0 ib_fail=0
[watchdog] socks=CA gw=off ib=n/a tunnel_fail=0 ib_fail=0
[watchdog] socks=CA gw=off ib=n/a tunnel_fail=0 ib_fail=0
[watchdog] socks=CA gw=off ib=n/a tunnel_fail=0 ib_fail=0
[watchdog] socks=CA gw=off ib=n/a tunnel_fail=0 ib_fail=0
[watchdog] socks=CA gw=off ib=n/a tunnel_fail=0 ib_fail=0
[watchdog] socks=CA gw=off ib=n/a tunnel_fail=0 ib_fail=0
[watchdog] socks=CA gw=off ib=n/a tunnel_fail=0 ib_fail=0
[watchdog] socks=CA gw=off ib=n/a tunnel_fail=0 ib_fail=0
[watchdog] socks=CA gw=off ib=n/a tunnel_fail=0 ib_fail=0
[watchdog] socks=CA gw=off ib=n/a tunnel_fail=0 ib_fail=0
[watchdog] socks=CA gw=off ib=n/a tunnel_fail=0 ib_fail=0
[watchdog] socks=CA gw=off ib=n/a tunnel_fail=0 ib_fail=0
[watchdog] socks=CA gw=off ib=n/a tunnel_fail=0 ib_fail=0
[watchdog] socks=CA gw=off ib=n/a tunnel_fail=0 ib_fail=0
[watchdog] socks=CA gw=off ib=n/a tunnel_fail=0 ib_fail=0
[watchdog] socks=CA gw=off ib=n/a tunnel_fail=0 ib_fail=0
[watchdog] socks=CA gw=off ib=n/a tunnel_fail=0 ib_fail=0
[watchdog] socks=CA gw=off ib=n/a tunnel_fail=0 ib_fail=0
[watchdog] socks=CA gw=off ib=n/a tunnel_fail=0 ib_fail=0
[watchdog] socks=无 gw=off ib=n/a tunnel_fail=1 ib_fail=0
[watchdog] socks=无 gw=off ib=n/a tunnel_fail=2 ib_fail=0
[watchdog] socks=无 gw=off ib=n/a tunnel_fail=3 ib_fail=0
[watchdog] socks=无 gw=off ib=n/a tunnel_fail=4 ib_fail=0
[watchdog] socks=无 gw=off ib=n/a tunnel_fail=5 ib_fail=0
[watchdog] socks=无 gw=off ib=n/a tunnel_fail=6 ib_fail=0
[watchdog] socks=无 gw=off ib=n/a tunnel_fail=7 ib_fail=0
[watchdog] socks=无 gw=off ib=n/a tunnel_fail=8 ib_fail=0
[watchdog] socks=无 gw=off ib=n/a tunnel_fail=9 ib_fail=0
[watchdog] socks=无 gw=off ib=n/a tunnel_fail=10 ib_fail=0
[watchdog] socks=无 gw=off ib=n/a tunnel_fail=11 ib_fail=0
[watchdog] socks=无 gw=off ib=n/a tunnel_fail=12 ib_fail=0
[watchdog] socks=无 gw=off ib=n/a tunnel_fail=13 ib_fail=0
[watchdog] socks=无 gw=off ib=n/a tunnel_fail=14 ib_fail=0
[watchdog] socks=CA gw=off ib=n/a tunnel_fail=0 ib_fail=0
[watchdog] socks=CA gw=off ib=n/a tunnel_fail=0 ib_fail=0
[watchdog] socks=CA gw=off ib=n/a tunnel_fail=0 ib_fail=0
[watchdog] socks=CA gw=off ib=n/a tunnel_fail=0 ib_fail=0
[watchdog] socks=CA gw=off ib=n/a tunnel_fail=0 ib_fail=0
[watchdog] socks=CA gw=off ib=n/a tunnel_fail=0 ib_fail=0
[watchdog] socks=CA gw=off ib=n/a tunnel_fail=0 ib_fail=0
[watchdog] socks=CA gw=off ib=n/a tunnel_fail=0 ib_fail=0
[watchdog] socks=CA gw=off ib=n/a tunnel_fail=0 ib_fail=0
[watchdog] socks=CA gw=off ib=n/a tunnel_fail=0 ib_fail=0
[watchdog] socks=CA gw=off ib=n/a tunnel_fail=0 ib_fail=0
[watchdog] socks=CA gw=off ib=n/a tunnel_fail=0 ib_fail=0
[watchdog] socks=无 gw=off ib=n/a tunnel_fail=1 ib_fail=0
[watchdog] socks=无 gw=off ib=n/a tunnel_fail=2 ib_fail=0
[watchdog] socks=无 gw=off ib=n/a tunnel_fail=3 ib_fail=0
[watchdog] socks=无 gw=off ib=n/a tunnel_fail=4 ib_fail=0
[watchdog] socks=无 gw=off ib=n/a tunnel_fail=5 ib_fail=0
[watchdog] socks=无 gw=off ib=n/a tunnel_fail=6 ib_fail=0
[watchdog] socks=无 gw=off ib=n/a tunnel_fail=7 ib_fail=0
[watchdog] socks=无 gw=off ib=n/a tunnel_fail=8 ib_fail=0
[watchdog] socks=无 gw=off ib=n/a tunnel_fail=9 ib_fail=0
[watchdog] socks=无 gw=off ib=n/a tunnel_fail=10 ib_fail=0
[watchdog] socks=无 gw=off ib=n/a tunnel_fail=11 ib_fail=0
[watchdog] socks=无 gw=off ib=n/a tunnel_fail=12 ib_fail=0
[watchdog] socks=无 gw=off ib=n/a tunnel_fail=13 ib_fail=0
[watchdog] socks=无 gw=off ib=n/a tunnel_fail=14 ib_fail=0
[watchdog] socks=无 gw=off ib=n/a tunnel_fail=15 ib_fail=0
[watchdog] socks=无 gw=off ib=n/a tunnel_fail=16 ib_fail=0
[watchdog] socks=无 gw=off ib=n/a tunnel_fail=17 ib_fail=0
[watchdog] socks=CA gw=off ib=n/a tunnel_fail=0 ib_fail=0
[watchdog] socks=无 gw=off ib=n/a tunnel_fail=1 ib_fail=0
[watchdog] socks=无 gw=off ib=n/a tunnel_fail=2 ib_fail=0
[watchdog] socks=CA gw=off ib=n/a tunnel_fail=0 ib_fail=0
[watchdog] socks=无 gw=off ib=n/a tunnel_fail=1 ib_fail=0
[watchdog] socks=无 gw=off ib=n/a tunnel_fail=2 ib_fail=0
[watchdog] socks=无 gw=off ib=n/a tunnel_fail=3 ib_fail=0
[watchdog] socks=CA gw=off ib=n/a tunnel_fail=0 ib_fail=0
[watchdog] socks=CA gw=off ib=n/a tunnel_fail=0 ib_fail=0
[watchdog] socks=CA gw=off ib=n/a tunnel_fail=0 ib_fail=0
[watchdog] socks=CA gw=off ib=n/a tunnel_fail=0 ib_fail=0
[watchdog] socks=CA gw=off ib=n/a tunnel_fail=0 ib_fail=0
[watchdog] socks=无 gw=off ib=n/a tunnel_fail=1 ib_fail=0
[watchdog] socks=CA gw=off ib=n/a tunnel_fail=0 ib_fail=0
[watchdog] socks=CA gw=off ib=n/a tunnel_fail=0 ib_fail=0
[watchdog] socks=CA gw=off ib=n/a tunnel_fail=0 ib_fail=0
[watchdog] socks=CA gw=off ib=n/a tunnel_fail=0 ib_fail=0
[watchdog] socks=CA gw=off ib=n/a tunnel_fail=0 ib_fail=0
[watchdog] socks=CA gw=off ib=n/a tunnel_fail=0 ib_fail=0
[watchdog] socks=CA gw=off ib=n/a tunnel_fail=0 ib_fail=0
[watchdog] socks=CA gw=off ib=n/a tunnel_fail=0 ib_fail=0
[watchdog] socks=CA gw=off ib=n/a tunnel_fail=0 ib_fail=0
[watchdog] socks=CA gw=off ib=n/a tunnel_fail=0 ib_fail=0
[watchdog] socks=CA gw=off ib=n/a tunnel_fail=0 ib_fail=0
[watchdog] socks=CA gw=off ib=n/a tunnel_fail=0 ib_fail=0
